2026-08-13 20:13:48 | INFO     | __main__ | === INICIANDO PIPELINE MTG TRACKER ===
2026-08-13 20:13:48 | INFO     | __main__ | Sincronizando dimensiones (Tiendas y Cartas) en la BD...
2026-08-13 20:13:48 | INFO     | src.extractors.shopify | Iniciando extracción asíncrona: 5 cartas en 3 tiendas.
2026-08-13 20:13:50 | WARNING  | src.extractors.shopify | Error de red en https://cardnexus.cl buscando 'Akroma's Memorial': Client error '403 Forbidden' for url 'https://cardnexus.cl/search/suggest.json?q=Akroma%27s%20Memorial&resources[type]=product'
For more information check: https://developer.mozilla.org/en-US/docs/Web/HTTP/Status/403
2026-08-13 20:13:50 | WARNING  | src.extractors.shopify | Error de red en https://cardnexus.cl buscando 'All Is Dust': Client error '403 Forbidden' for url 'https://cardnexus.cl/search/suggest.json?q=All%20Is%20Dust&resources[type]=product'
For more information check: https://developer.mozilla.org/en-US/docs/Web/HTTP/Status/403
2026-08-13 20:13:50 | WARNING  | src.extractors.shopify | Error de red en https://cardnexus.cl buscando 'Arch of Orazca': Client error '403 Forbidden' for url 'https://cardnexus.cl/search/suggest.json?q=Arch%20of%20Orazca&resources[type]=product'
For more information check: https://developer.mozilla.org/en-US/docs/Web/HTTP/Status/403
2026-08-13 20:13:50 | WARNING  | src.extractors.shopify | Error de red en https://cardnexus.cl buscando 'Artisan of Kozilek': Client error '403 Forbidden' for url 'https://cardnexus.cl/search/suggest.json?q=Artisan%20of%20Kozilek&resources[type]=product'
For more information check: https://developer.mozilla.org/en-US/docs/Web/HTTP/Status/403
2026-08-13 20:13:50 | WARNING  | src.extractors.shopify | Error de red en https://cardnexus.cl buscando 'Bane of Bala Ged': Client error '403 Forbidden' for url 'https://cardnexus.cl/search/suggest.json?q=Bane%20of%20Bala%20Ged&resources[type]=product'
For more information check: https://developer.mozilla.org/en-US/docs/Web/HTTP/Status/403
2026-08-13 20:13:50 | INFO     | src.extractors.shopify | Extracción finalizada. 72 resultados en bruto obtenidos.
2026-08-13 20:13:50 | INFO     | __main__ | Aplicando transformaciones RegEx y cargando a la base de datos...
2026-08-13 20:13:50 | INFO     | __main__ | Carga a la base de datos exitosa.
2026-08-13 20:13:50 | INFO     | __main__ | === PIPELINE FINALIZADO ===

2026-08-13 21:09:50 | INFO     | __main__ | === INICIANDO PIPELINE MTG TRACKER ===
2026-08-13 21:09:50 | INFO     | __main__ | Sincronizando dimensiones (Tiendas y Cartas) en la BD...
2026-08-13 21:09:50 | INFO     | src.extractors.shopify | Iniciando extracción asíncrona: 79 cartas en 3 tiendas.
2026-08-13 21:09:55 | WARNING  | src.extractors.shopify | Error de red en https://www.oasisgames.cl buscando 'Planar Nexus': Client error '429 Too Many Requests' for url 'https://www.oasisgames.cl/search/suggest.json?q=Planar%20Nexus&resources[type]=product'
For more information check: https://developer.mozilla.org/en-US/docs/Web/HTTP/Status/429
2026-08-13 21:09:55 | WARNING  | src.extractors.shopify | Error de red en https://www.oasisgames.cl buscando 'Portal to Phyrexia': Client error '429 Too Many Requests' for url 'https://www.oasisgames.cl/search/suggest.json?q=Portal%20to%20Phyrexia&resources[type]=product'
For more information check: https://developer.mozilla.org/en-US/docs/Web/HTTP/Status/429
2026-08-13 21:09:55 | WARNING  | src.extractors.shopify | Error de red en https://www.oasisgames.cl buscando 'Scavenger Grounds': Client error '429 Too Many Requests' for url 'https://www.oasisgames.cl/search/suggest.json?q=Scavenger%20Grounds&resources[type]=product'
For more information check: https://developer.mozilla.org/en-US/docs/Web/HTTP/Status/429
2026-08-13 21:09:55 | WARNING  | src.extractors.shopify | Error de red en https://www.oasisgames.cl buscando 'Shrine of the Forsaken Gods': Client error '429 Too Many Requests' for url 'https://www.oasisgames.cl/search/suggest.json?q=Shrine%20of%20the%20Forsaken%20Gods&resources[type]=product'
For more information check: https://developer.mozilla.org/en-US/docs/Web/HTTP/Status/429
2026-08-13 21:09:55 | WARNING  | src.extractors.shopify | Error de red en https://www.oasisgames.cl buscando 'Prismatic Lens': Client error '429 Too Many Requests' for url 'https://www.oasisgames.cl/search/suggest.json?q=Prismatic%20Lens&resources[type]=product'
For more information check: https://developer.mozilla.org/en-US/docs/Web/HTTP/Status/429
2026-08-13 21:09:55 | WARNING  | src.extractors.shopify | Error de red en https://www.oasisgames.cl buscando 'Sanctum of Ugin': Client error '429 Too Many Requests' for url 'https://www.oasisgames.cl/search/suggest.json?q=Sanctum%20of%20Ugin&resources[type]=product'
For more information check: https://developer.mozilla.org/en-US/docs/Web/HTTP/Status/429
2026-08-13 21:09:55 | WARNING  | src.extractors.shopify | Error de red en https://www.oasisgames.cl buscando 'Summon: Bahamut': Client error '429 Too Many Requests' for url 'https://www.oasisgames.cl/search/suggest.json?q=Summon%3A%20Bahamut&resources[type]=product'
For more information check: https://developer.mozilla.org/en-US/docs/Web/HTTP/Status/429
2026-08-13 21:09:55 | WARNING  | src.extractors.shopify | Error de red en https://www.oasisgames.cl buscando 'Solar Transformer': Client error '429 Too Many Requests' for url 'https://www.oasisgames.cl/search/suggest.json?q=Solar%20Transformer&resources[type]=product'
For more information check: https://developer.mozilla.org/en-US/docs/Web/HTTP/Status/429
2026-08-13 21:09:55 | WARNING  | src.extractors.shopify | Error de red en https://www.oasisgames.cl buscando 'Solemn Simulacrum': Client error '429 Too Many Requests' for url 'https://www.oasisgames.cl/search/suggest.json?q=Solemn%20Simulacrum&resources[type]=product'
For more information check: https://developer.mozilla.org/en-US/docs/Web/HTTP/Status/429
2026-08-13 21:09:55 | WARNING  | src.extractors.shopify | Error de red en https://www.oasisgames.cl buscando 'Spawnbed Protector': Client error '429 Too Many Requests' for url 'https://www.oasisgames.cl/search/suggest.json?q=Spawnbed%20Protector&resources[type]=product'
For more information check: https://developer.mozilla.org/en-US/docs/Web/HTTP/Status/429
2026-08-13 21:09:55 | WARNING  | src.extractors.shopify | Error de red en https://www.oasisgames.cl buscando 'Stonespeaker Crystal': Client error '429 Too Many Requests' for url 'https://www.oasisgames.cl/search/suggest.json?q=Stonespeaker%20Crystal&resources[type]=product'
For more information check: https://developer.mozilla.org/en-US/docs/Web/HTTP/Status/429
2026-08-13 21:09:55 | WARNING  | src.extractors.shopify | Error de red en https://www.oasisgames.cl buscando 'The Irencrag': Client error '429 Too Many Requests' for url 'https://www.oasisgames.cl/search/suggest.json?q=The%20Irencrag&resources[type]=product'
For more information check: https://developer.mozilla.org/en-US/docs/Web/HTTP/Status/429
2026-08-13 21:09:55 | WARNING  | src.extractors.shopify | Error de red en https://www.oasisgames.cl buscando 'Tomb of the Spirit Dragon': Client error '429 Too Many Requests' for url 'https://www.oasisgames.cl/search/suggest.json?q=Tomb%20of%20the%20Spirit%20Dragon&resources[type]=product'
For more information check: https://developer.mozilla.org/en-US/docs/Web/HTTP/Status/429
2026-08-13 21:09:55 | WARNING  | src.extractors.shopify | Error de red en https://www.oasisgames.cl buscando 'Ugin, Eye of the Storms': Client error '429 Too Many Requests' for url 'https://www.oasisgames.cl/search/suggest.json?q=Ugin%2C%20Eye%20of%20the%20Storms&resources[type]=product'
For more information check: https://developer.mozilla.org/en-US/docs/Web/HTTP/Status/429
2026-08-13 21:09:55 | WARNING  | src.extractors.shopify | Error de red en https://www.oasisgames.cl buscando 'Ugin, the Spirit Dragon': Client error '429 Too Many Requests' for url 'https://www.oasisgames.cl/search/suggest.json?q=Ugin%2C%20the%20Spirit%20Dragon&resources[type]=product'
For more information check: https://developer.mozilla.org/en-US/docs/Web/HTTP/Status/429
2026-08-13 21:09:55 | WARNING  | src.extractors.shopify | Error de red en https://www.oasisgames.cl buscando 'Ugin's Labyrinth': Client error '429 Too Many Requests' for url 'https://www.oasisgames.cl/search/suggest.json?q=Ugin%27s%20Labyrinth&resources[type]=product'
For more information check: https://developer.mozilla.org/en-US/docs/Web/HTTP/Status/429
2026-08-13 21:09:55 | WARNING  | src.extractors.shopify | Error de red en https://www.oasisgames.cl buscando 'Ulamog, the Ceaseless Hunger': Client error '429 Too Many Requests' for url 'https://www.oasisgames.cl/search/suggest.json?q=Ulamog%2C%20the%20Ceaseless%20Hunger&resources[type]=product'
For more information check: https://developer.mozilla.org/en-US/docs/Web/HTTP/Status/429
2026-08-13 21:09:55 | WARNING  | src.extractors.shopify | Error de red en https://www.oasisgames.cl buscando 'Ulamog, the Defiler': Client error '429 Too Many Requests' for url 'https://www.oasisgames.cl/search/suggest.json?q=Ulamog%2C%20the%20Defiler&resources[type]=product'
For more information check: https://developer.mozilla.org/en-US/docs/Web/HTTP/Status/429
2026-08-13 21:09:55 | WARNING  | src.extractors.shopify | Error de red en https://www.oasisgames.cl buscando 'Ulamog, the Infinite Gyre': Client error '429 Too Many Requests' for url 'https://www.oasisgames.cl/search/suggest.json?q=Ulamog%2C%20the%20Infinite%20Gyre&resources[type]=product'
For more information check: https://developer.mozilla.org/en-US/docs/Web/HTTP/Status/429
2026-08-13 21:09:55 | WARNING  | src.extractors.shopify | Error de red en https://www.oasisgames.cl buscando 'Ultima, Origin of Oblivion': Client error '429 Too Many Requests' for url 'https://www.oasisgames.cl/search/suggest.json?q=Ultima%2C%20Origin%20of%20Oblivion&resources[type]=product'
For more information check: https://developer.mozilla.org/en-US/docs/Web/HTTP/Status/429
2026-08-13 21:09:55 | WARNING  | src.extractors.shopify | Error de red en https://www.oasisgames.cl buscando 'Urza's Cave': Client error '429 Too Many Requests' for url 'https://www.oasisgames.cl/search/suggest.json?q=Urza%27s%20Cave&resources[type]=product'
For more information check: https://developer.mozilla.org/en-US/docs/Web/HTTP/Status/429
2026-08-13 21:09:55 | WARNING  | src.extractors.shopify | Error de red en https://www.oasisgames.cl buscando 'Urza's Mine': Client error '429 Too Many Requests' for url 'https://www.oasisgames.cl/search/suggest.json?q=Urza%27s%20Mine&resources[type]=product'
For more information check: https://developer.mozilla.org/en-US/docs/Web/HTTP/Status/429
2026-08-13 21:09:55 | WARNING  | src.extractors.shopify | Error de red en https://www.oasisgames.cl buscando 'Urza's Power Plant': Client error '429 Too Many Requests' for url 'https://www.oasisgames.cl/search/suggest.json?q=Urza%27s%20Power%20Plant&resources[type]=product'
For more information check: https://developer.mozilla.org/en-US/docs/Web/HTTP/Status/429
2026-08-13 21:09:55 | WARNING  | src.extractors.shopify | Error de red en https://www.oasisgames.cl buscando 'Urza's Tower': Client error '429 Too Many Requests' for url 'https://www.oasisgames.cl/search/suggest.json?q=Urza%27s%20Tower&resources[type]=product'
For more information check: https://developer.mozilla.org/en-US/docs/Web/HTTP/Status/429
2026-08-13 21:09:55 | WARNING  | src.extractors.shopify | Error de red en https://www.oasisgames.cl buscando 'Urza's Workshop': Client error '429 Too Many Requests' for url 'https://www.oasisgames.cl/search/suggest.json?q=Urza%27s%20Workshop&resources[type]=product'
For more information check: https://developer.mozilla.org/en-US/docs/Web/HTTP/Status/429
2026-08-13 21:09:55 | WARNING  | src.extractors.shopify | Error de red en https://www.oasisgames.cl buscando 'Vibranium Dynamo': Client error '429 Too Many Requests' for url 'https://www.oasisgames.cl/search/suggest.json?q=Vibranium%20Dynamo&resources[type]=product'
For more information check: https://developer.mozilla.org/en-US/docs/Web/HTTP/Status/429
2026-08-13 21:09:55 | WARNING  | src.extractors.shopify | Error de red en https://www.oasisgames.cl buscando 'Void Winnower': Client error '429 Too Many Requests' for url 'https://www.oasisgames.cl/search/suggest.json?q=Void%20Winnower&resources[type]=product'
For more information check: https://developer.mozilla.org/en-US/docs/Web/HTTP/Status/429
2026-08-13 21:09:55 | WARNING  | src.extractors.shopify | Error de red en https://www.oasisgames.cl buscando 'Volatile Fault': Client error '429 Too Many Requests' for url 'https://www.oasisgames.cl/search/suggest.json?q=Volatile%20Fault&resources[type]=product'
For more information check: https://developer.mozilla.org/en-US/docs/Web/HTTP/Status/429
2026-08-13 21:09:55 | WARNING  | src.extractors.shopify | Error de red en https://www.oasisgames.cl buscando 'Warping Wail': Client error '429 Too Many Requests' for url 'https://www.oasisgames.cl/search/suggest.json?q=Warping%20Wail&resources[type]=product'
For more information check: https://developer.mozilla.org/en-US/docs/Web/HTTP/Status/429
2026-08-13 21:09:55 | WARNING  | src.extractors.shopify | Error de red en https://www.oasisgames.cl buscando 'War Room': Client error '429 Too Many Requests' for url 'https://www.oasisgames.cl/search/suggest.json?q=War%20Room&resources[type]=product'
For more information check: https://developer.mozilla.org/en-US/docs/Web/HTTP/Status/429
2026-08-13 21:09:55 | WARNING  | src.extractors.shopify | Error de red en https://www.oasisgames.cl buscando 'Wastes': Client error '429 Too Many Requests' for url 'https://www.oasisgames.cl/search/suggest.json?q=Wastes&resources[type]=product'
For more information check: https://developer.mozilla.org/en-US/docs/Web/HTTP/Status/429
2026-08-13 21:09:55 | WARNING  | src.extractors.shopify | Error de red en https://www.oasisgames.cl buscando 'Wayfarer's Bauble': Client error '429 Too Many Requests' for url 'https://www.oasisgames.cl/search/suggest.json?q=Wayfarer%27s%20Bauble&resources[type]=product'
For more information check: https://developer.mozilla.org/en-US/docs/Web/HTTP/Status/429
2026-08-13 21:09:55 | WARNING  | src.extractors.shopify | Error de red en https://www.oasisgames.cl buscando 'Worn Powerstone': Client error '429 Too Many Requests' for url 'https://www.oasisgames.cl/search/suggest.json?q=Worn%20Powerstone&resources[type]=product'
For more information check: https://developer.mozilla.org/en-US/docs/Web/HTTP/Status/429
2026-08-13 21:09:55 | WARNING  | src.extractors.shopify | Error de red en https://www.oasisgames.cl buscando 'Zhalfirin Void': Client error '429 Too Many Requests' for url 'https://www.oasisgames.cl/search/suggest.json?q=Zhalfirin%20Void&resources[type]=product'
For more information check: https://developer.mozilla.org/en-US/docs/Web/HTTP/Status/429
2026-08-13 21:09:55 | WARNING  | src.extractors.shopify | Error de red en https://www.paytowin.cl buscando 'Akroma's Memorial': Client error '429 Too Many Requests' for url 'https://www.paytowin.cl/search/suggest.json?q=Akroma%27s%20Memorial&resources[type]=product'
For more information check: https://developer.mozilla.org/en-US/docs/Web/HTTP/Status/429
2026-08-13 21:09:56 | WARNING  | src.extractors.shopify | Error de red en https://www.paytowin.cl buscando 'All Is Dust': Client error '429 Too Many Requests' for url 'https://www.paytowin.cl/search/suggest.json?q=All%20Is%20Dust&resources[type]=product'
For more information check: https://developer.mozilla.org/en-US/docs/Web/HTTP/Status/429
2026-08-13 21:09:56 | WARNING  | src.extractors.shopify | Error de red en https://www.paytowin.cl buscando 'Arch of Orazca': Client error '429 Too Many Requests' for url 'https://www.paytowin.cl/search/suggest.json?q=Arch%20of%20Orazca&resources[type]=product'
For more information check: https://developer.mozilla.org/en-US/docs/Web/HTTP/Status/429
2026-08-13 21:09:56 | WARNING  | src.extractors.shopify | Error de red en https://www.paytowin.cl buscando 'Artisan of Kozilek': Client error '429 Too Many Requests' for url 'https://www.paytowin.cl/search/suggest.json?q=Artisan%20of%20Kozilek&resources[type]=product'
For more information check: https://developer.mozilla.org/en-US/docs/Web/HTTP/Status/429
2026-08-13 21:09:56 | WARNING  | src.extractors.shopify | Error de red en https://www.paytowin.cl buscando 'Bane of Bala Ged': Client error '429 Too Many Requests' for url 'https://www.paytowin.cl/search/suggest.json?q=Bane%20of%20Bala%20Ged&resources[type]=product'
For more information check: https://developer.mozilla.org/en-US/docs/Web/HTTP/Status/429
2026-08-13 21:09:56 | WARNING  | src.extractors.shopify | Error de red en https://www.paytowin.cl buscando 'Basalt Monolith': Client error '429 Too Many Requests' for url 'https://www.paytowin.cl/search/suggest.json?q=Basalt%20Monolith&resources[type]=product'
For more information check: https://developer.mozilla.org/en-US/docs/Web/HTTP/Status/429
2026-08-13 21:09:56 | WARNING  | src.extractors.shopify | Error de red en https://www.paytowin.cl buscando 'Blast Zone': Client error '429 Too Many Requests' for url 'https://www.paytowin.cl/search/suggest.json?q=Blast%20Zone&resources[type]=product'
For more information check: https://developer.mozilla.org/en-US/docs/Web/HTTP/Status/429
2026-08-13 21:09:56 | WARNING  | src.extractors.shopify | Error de red en https://www.paytowin.cl buscando 'Blasted Landscape': Client error '429 Too Many Requests' for url 'https://www.paytowin.cl/search/suggest.json?q=Blasted%20Landscape&resources[type]=product'
For more information check: https://developer.mozilla.org/en-US/docs/Web/HTTP/Status/429
2026-08-13 21:09:56 | WARNING  | src.extractors.shopify | Error de red en https://www.paytowin.cl buscando 'Breaker of Creation': Client error '429 Too Many Requests' for url 'https://www.paytowin.cl/search/suggest.json?q=Breaker%20of%20Creation&resources[type]=product'
For more information check: https://developer.mozilla.org/en-US/docs/Web/HTTP/Status/429
2026-08-13 21:09:56 | WARNING  | src.extractors.shopify | Error de red en https://www.paytowin.cl buscando 'Bonders' Enclave': Client error '429 Too Many Requests' for url 'https://www.paytowin.cl/search/suggest.json?q=Bonders%27%20Enclave&resources[type]=product'
For more information check: https://developer.mozilla.org/en-US/docs/Web/HTTP/Status/429
2026-08-13 21:09:56 | WARNING  | src.extractors.shopify | Error de red en https://www.paytowin.cl buscando 'Buried Ruin': Client error '429 Too Many Requests' for url 'https://www.paytowin.cl/search/suggest.json?q=Buried%20Ruin&resources[type]=product'
For more information check: https://developer.mozilla.org/en-US/docs/Web/HTTP/Status/429
2026-08-13 21:09:56 | WARNING  | src.extractors.shopify | Error de red en https://www.paytowin.cl buscando 'Cityscape Leveler': Client error '429 Too Many Requests' for url 'https://www.paytowin.cl/search/suggest.json?q=Cityscape%20Leveler&resources[type]=product'
For more information check: https://developer.mozilla.org/en-US/docs/Web/HTTP/Status/429
2026-08-13 21:09:56 | WARNING  | src.extractors.shopify | Error de red en https://www.paytowin.cl buscando 'Coldsteel Heart': Client error '429 Too Many Requests' for url 'https://www.paytowin.cl/search/suggest.json?q=Coldsteel%20Heart&resources[type]=product'
For more information check: https://developer.mozilla.org/en-US/docs/Web/HTTP/Status/429
2026-08-13 21:09:56 | WARNING  | src.extractors.shopify | Error de red en https://www.paytowin.cl buscando 'Darksteel Monolith': Client error '429 Too Many Requests' for url 'https://www.paytowin.cl/search/suggest.json?q=Darksteel%20Monolith&resources[type]=product'
For more information check: https://developer.mozilla.org/en-US/docs/Web/HTTP/Status/429
2026-08-13 21:09:56 | WARNING  | src.extractors.shopify | Error de red en https://www.paytowin.cl buscando 'Darksteel Citadel': Client error '429 Too Many Requests' for url 'https://www.paytowin.cl/search/suggest.json?q=Darksteel%20Citadel&resources[type]=product'
For more information check: https://developer.mozilla.org/en-US/docs/Web/HTTP/Status/429
2026-08-13 21:09:56 | WARNING  | src.extractors.shopify | Error de red en https://www.paytowin.cl buscando 'Desecrate Reality': Client error '429 Too Many Requests' for url 'https://www.paytowin.cl/search/suggest.json?q=Desecrate%20Reality&resources[type]=product'
For more information check: https://developer.mozilla.org/en-US/docs/Web/HTTP/Status/429
2026-08-13 21:09:56 | WARNING  | src.extractors.shopify | Error de red en https://www.paytowin.cl buscando 'Devourer of Destiny': Client error '429 Too Many Requests' for url 'https://www.paytowin.cl/search/suggest.json?q=Devourer%20of%20Destiny&resources[type]=product'
For more information check: https://developer.mozilla.org/en-US/docs/Web/HTTP/Status/429
2026-08-13 21:09:56 | WARNING  | src.extractors.shopify | Error de red en https://www.paytowin.cl buscando 'Eldrazi Temple': Client error '429 Too Many Requests' for url 'https://www.paytowin.cl/search/suggest.json?q=Eldrazi%20Temple&resources[type]=product'
For more information check: https://developer.mozilla.org/en-US/docs/Web/HTTP/Status/429
2026-08-13 21:09:56 | WARNING  | src.extractors.shopify | Error de red en https://www.paytowin.cl buscando 'Emrakul, the Promised End': Client error '429 Too Many Requests' for url 'https://www.paytowin.cl/search/suggest.json?q=Emrakul%2C%20the%20Promised%20End&resources[type]=product'
For more information check: https://developer.mozilla.org/en-US/docs/Web/HTTP/Status/429
2026-08-13 21:09:56 | WARNING  | src.extractors.shopify | Error de red en https://www.paytowin.cl buscando 'Eldritch Immunity': Client error '429 Too Many Requests' for url 'https://www.paytowin.cl/search/suggest.json?q=Eldritch%20Immunity&resources[type]=product'
For more information check: https://developer.mozilla.org/en-US/docs/Web/HTTP/Status/429
2026-08-13 21:09:56 | WARNING  | src.extractors.shopify | Error de red en https://www.paytowin.cl buscando 'Emrakul, the World Anew': Client error '429 Too Many Requests' for url 'https://www.paytowin.cl/search/suggest.json?q=Emrakul%2C%20the%20World%20Anew&resources[type]=product'
For more information check: https://developer.mozilla.org/en-US/docs/Web/HTTP/Status/429
2026-08-13 21:09:56 | WARNING  | src.extractors.shopify | Error de red en https://www.paytowin.cl buscando 'Eye of Ugin': Client error '429 Too Many Requests' for url 'https://www.paytowin.cl/search/suggest.json?q=Eye%20of%20Ugin&resources[type]=product'
For more information check: https://developer.mozilla.org/en-US/docs/Web/HTTP/Status/429
2026-08-13 21:09:56 | WARNING  | src.extractors.shopify | Error de red en https://www.paytowin.cl buscando 'Field of Ruin': Client error '429 Too Many Requests' for url 'https://www.paytowin.cl/search/suggest.json?q=Field%20of%20Ruin&resources[type]=product'
For more information check: https://developer.mozilla.org/en-US/docs/Web/HTTP/Status/429
2026-08-13 21:09:56 | WARNING  | src.extractors.shopify | Error de red en https://www.paytowin.cl buscando 'Fomori Vault': Client error '429 Too Many Requests' for url 'https://www.paytowin.cl/search/suggest.json?q=Fomori%20Vault&resources[type]=product'
For more information check: https://developer.mozilla.org/en-US/docs/Web/HTTP/Status/429
2026-08-13 21:09:56 | WARNING  | src.extractors.shopify | Error de red en https://www.paytowin.cl buscando 'Forsaken Monument': Client error '429 Too Many Requests' for url 'https://www.paytowin.cl/search/suggest.json?q=Forsaken%20Monument&resources[type]=product'
For more information check: https://developer.mozilla.org/en-US/docs/Web/HTTP/Status/429
2026-08-13 21:09:56 | WARNING  | src.extractors.shopify | Error de red en https://www.paytowin.cl buscando 'Fractured Powerstone': Client error '429 Too Many Requests' for url 'https://www.paytowin.cl/search/suggest.json?q=Fractured%20Powerstone&resources[type]=product'
For more information check: https://developer.mozilla.org/en-US/docs/Web/HTTP/Status/429
2026-08-13 21:09:56 | WARNING  | src.extractors.shopify | Error de red en https://www.paytowin.cl buscando 'Ghost Quarter': Client error '429 Too Many Requests' for url 'https://www.paytowin.cl/search/suggest.json?q=Ghost%20Quarter&resources[type]=product'
For more information check: https://developer.mozilla.org/en-US/docs/Web/HTTP/Status/429
2026-08-13 21:09:56 | WARNING  | src.extractors.shopify | Error de red en https://www.paytowin.cl buscando 'Glaring Fleshraker': Client error '429 Too Many Requests' for url 'https://www.paytowin.cl/search/suggest.json?q=Glaring%20Fleshraker&resources[type]=product'
For more information check: https://developer.mozilla.org/en-US/docs/Web/HTTP/Status/429
2026-08-13 21:09:56 | WARNING  | src.extractors.shopify | Error de red en https://www.paytowin.cl buscando 'Green Dragon Inn': Client error '429 Too Many Requests' for url 'https://www.paytowin.cl/search/suggest.json?q=Green%20Dragon%20Inn&resources[type]=product'
For more information check: https://developer.mozilla.org/en-US/docs/Web/HTTP/Status/429
2026-08-13 21:09:56 | WARNING  | src.extractors.shopify | Error de red en https://www.paytowin.cl buscando 'H.E.R.B.I.E., Lovable Robot': Client error '429 Too Many Requests' for url 'https://www.paytowin.cl/search/suggest.json?q=H.E.R.B.I.E.%2C%20Lovable%20Robot&resources[type]=product'
For more information check: https://developer.mozilla.org/en-US/docs/Web/HTTP/Status/429
2026-08-13 21:09:56 | WARNING  | src.extractors.shopify | Error de red en https://www.paytowin.cl buscando 'Hedron Archive': Client error '429 Too Many Requests' for url 'https://www.paytowin.cl/search/suggest.json?q=Hedron%20Archive&resources[type]=product'
For more information check: https://developer.mozilla.org/en-US/docs/Web/HTTP/Status/429
2026-08-13 21:09:56 | WARNING  | src.extractors.shopify | Error de red en https://www.paytowin.cl buscando 'Hedron Crawler': Client error '429 Too Many Requests' for url 'https://www.paytowin.cl/search/suggest.json?q=Hedron%20Crawler&resources[type]=product'
For more information check: https://developer.mozilla.org/en-US/docs/Web/HTTP/Status/429
2026-08-13 21:09:56 | WARNING  | src.extractors.shopify | Error de red en https://www.paytowin.cl buscando 'Inventors' Fair': Client error '429 Too Many Requests' for url 'https://www.paytowin.cl/search/suggest.json?q=Inventors%27%20Fair&resources[type]=product'
For more information check: https://developer.mozilla.org/en-US/docs/Web/HTTP/Status/429
2026-08-13 21:09:56 | WARNING  | src.extractors.shopify | Error de red en https://www.paytowin.cl buscando 'It That Betrays': Client error '429 Too Many Requests' for url 'https://www.paytowin.cl/search/suggest.json?q=It%20That%20Betrays&resources[type]=product'
For more information check: https://developer.mozilla.org/en-US/docs/Web/HTTP/Status/429
2026-08-13 21:09:56 | WARNING  | src.extractors.shopify | Error de red en https://www.paytowin.cl buscando 'It That Heralds the End': Client error '429 Too Many Requests' for url 'https://www.paytowin.cl/search/suggest.json?q=It%20That%20Heralds%20the%20End&resources[type]=product'
For more information check: https://developer.mozilla.org/en-US/docs/Web/HTTP/Status/429
2026-08-13 21:09:56 | WARNING  | src.extractors.shopify | Error de red en https://www.paytowin.cl buscando 'Jhoira's Familiar': Client error '429 Too Many Requests' for url 'https://www.paytowin.cl/search/suggest.json?q=Jhoira%27s%20Familiar&resources[type]=product'
For more information check: https://developer.mozilla.org/en-US/docs/Web/HTTP/Status/429
2026-08-13 21:09:57 | WARNING  | src.extractors.shopify | Error de red en https://www.paytowin.cl buscando 'Kozilek, Butcher of Truth': Client error '429 Too Many Requests' for url 'https://www.paytowin.cl/search/suggest.json?q=Kozilek%2C%20Butcher%20of%20Truth&resources[type]=product'
For more information check: https://developer.mozilla.org/en-US/docs/Web/HTTP/Status/429
2026-08-13 21:09:57 | WARNING  | src.extractors.shopify | Error de red en https://www.paytowin.cl buscando 'Kozilek, the Great Distortion': Client error '429 Too Many Requests' for url 'https://www.paytowin.cl/search/suggest.json?q=Kozilek%2C%20the%20Great%20Distortion&resources[type]=product'
For more information check: https://developer.mozilla.org/en-US/docs/Web/HTTP/Status/429
2026-08-13 21:09:57 | WARNING  | src.extractors.shopify | Error de red en https://www.paytowin.cl buscando 'Myr Convert': Client error '429 Too Many Requests' for url 'https://www.paytowin.cl/search/suggest.json?q=Myr%20Convert&resources[type]=product'
For more information check: https://developer.mozilla.org/en-US/docs/Web/HTTP/Status/429
2026-08-13 21:09:57 | WARNING  | src.extractors.shopify | Error de red en https://www.paytowin.cl buscando 'Manakin': Client error '429 Too Many Requests' for url 'https://www.paytowin.cl/search/suggest.json?q=Manakin&resources[type]=product'
For more information check: https://developer.mozilla.org/en-US/docs/Web/HTTP/Status/429
2026-08-13 21:09:57 | WARNING  | src.extractors.shopify | Error de red en https://www.paytowin.cl buscando 'Not of This World': Client error '429 Too Many Requests' for url 'https://www.paytowin.cl/search/suggest.json?q=Not%20of%20This%20World&resources[type]=product'
For more information check: https://developer.mozilla.org/en-US/docs/Web/HTTP/Status/429
2026-08-13 21:09:57 | WARNING  | src.extractors.shopify | Error de red en https://www.paytowin.cl buscando 'Ornithopter of Paradise': Client error '429 Too Many Requests' for url 'https://www.paytowin.cl/search/suggest.json?q=Ornithopter%20of%20Paradise&resources[type]=product'
For more information check: https://developer.mozilla.org/en-US/docs/Web/HTTP/Status/429
2026-08-13 21:09:57 | WARNING  | src.extractors.shopify | Error de red en https://www.paytowin.cl buscando 'Page, Loose Leaf': Client error '429 Too Many Requests' for url 'https://www.paytowin.cl/search/suggest.json?q=Page%2C%20Loose%20Leaf&resources[type]=product'
For more information check: https://developer.mozilla.org/en-US/docs/Web/HTTP/Status/429
2026-08-13 21:09:57 | WARNING  | src.extractors.shopify | Error de red en https://www.paytowin.cl buscando 'Palladium Myr': Client error '429 Too Many Requests' for url 'https://www.paytowin.cl/search/suggest.json?q=Palladium%20Myr&resources[type]=product'
For more information check: https://developer.mozilla.org/en-US/docs/Web/HTTP/Status/429
2026-08-13 21:09:57 | WARNING  | src.extractors.shopify | Error de red en https://www.paytowin.cl buscando 'Plague Myr': Client error '429 Too Many Requests' for url 'https://www.paytowin.cl/search/suggest.json?q=Plague%20Myr&resources[type]=product'
For more information check: https://developer.mozilla.org/en-US/docs/Web/HTTP/Status/429
2026-08-13 21:09:57 | WARNING  | src.extractors.shopify | Error de red en https://www.paytowin.cl buscando 'Planar Nexus': Client error '429 Too Many Requests' for url 'https://www.paytowin.cl/search/suggest.json?q=Planar%20Nexus&resources[type]=product'
For more information check: https://developer.mozilla.org/en-US/docs/Web/HTTP/Status/429
2026-08-13 21:09:57 | WARNING  | src.extractors.shopify | Error de red en https://www.paytowin.cl buscando 'Portal to Phyrexia': Client error '429 Too Many Requests' for url 'https://www.paytowin.cl/search/suggest.json?q=Portal%20to%20Phyrexia&resources[type]=product'
For more information check: https://developer.mozilla.org/en-US/docs/Web/HTTP/Status/429
2026-08-13 21:09:57 | WARNING  | src.extractors.shopify | Error de red en https://www.paytowin.cl buscando 'Prismatic Lens': Client error '429 Too Many Requests' for url 'https://www.paytowin.cl/search/suggest.json?q=Prismatic%20Lens&resources[type]=product'
For more information check: https://developer.mozilla.org/en-US/docs/Web/HTTP/Status/429
2026-08-13 21:09:57 | WARNING  | src.extractors.shopify | Error de red en https://www.paytowin.cl buscando 'Sanctum of Ugin': Client error '429 Too Many Requests' for url 'https://www.paytowin.cl/search/suggest.json?q=Sanctum%20of%20Ugin&resources[type]=product'
For more information check: https://developer.mozilla.org/en-US/docs/Web/HTTP/Status/429
2026-08-13 21:09:57 | WARNING  | src.extractors.shopify | Error de red en https://www.paytowin.cl buscando 'Scavenger Grounds': Client error '429 Too Many Requests' for url 'https://www.paytowin.cl/search/suggest.json?q=Scavenger%20Grounds&resources[type]=product'
For more information check: https://developer.mozilla.org/en-US/docs/Web/HTTP/Status/429
2026-08-13 21:09:57 | WARNING  | src.extractors.shopify | Error de red en https://www.paytowin.cl buscando 'Shrine of the Forsaken Gods': Client error '429 Too Many Requests' for url 'https://www.paytowin.cl/search/suggest.json?q=Shrine%20of%20the%20Forsaken%20Gods&resources[type]=product'
For more information check: https://developer.mozilla.org/en-US/docs/Web/HTTP/Status/429
2026-08-13 21:09:57 | WARNING  | src.extractors.shopify | Error de red en https://www.paytowin.cl buscando 'Solar Transformer': Client error '429 Too Many Requests' for url 'https://www.paytowin.cl/search/suggest.json?q=Solar%20Transformer&resources[type]=product'
For more information check: https://developer.mozilla.org/en-US/docs/Web/HTTP/Status/429
2026-08-13 21:09:57 | WARNING  | src.extractors.shopify | Error de red en https://www.paytowin.cl buscando 'Solemn Simulacrum': Client error '429 Too Many Requests' for url 'https://www.paytowin.cl/search/suggest.json?q=Solemn%20Simulacrum&resources[type]=product'
For more information check: https://developer.mozilla.org/en-US/docs/Web/HTTP/Status/429
2026-08-13 21:09:57 | WARNING  | src.extractors.shopify | Error de red en https://www.paytowin.cl buscando 'Spawnbed Protector': Client error '429 Too Many Requests' for url 'https://www.paytowin.cl/search/suggest.json?q=Spawnbed%20Protector&resources[type]=product'
For more information check: https://developer.mozilla.org/en-US/docs/Web/HTTP/Status/429
2026-08-13 21:09:57 | WARNING  | src.extractors.shopify | Error de red en https://www.paytowin.cl buscando 'Stonespeaker Crystal': Client error '429 Too Many Requests' for url 'https://www.paytowin.cl/search/suggest.json?q=Stonespeaker%20Crystal&resources[type]=product'
For more information check: https://developer.mozilla.org/en-US/docs/Web/HTTP/Status/429
2026-08-13 21:09:57 | WARNING  | src.extractors.shopify | Error de red en https://www.paytowin.cl buscando 'Summon: Bahamut': Client error '429 Too Many Requests' for url 'https://www.paytowin.cl/search/suggest.json?q=Summon%3A%20Bahamut&resources[type]=product'
For more information check: https://developer.mozilla.org/en-US/docs/Web/HTTP/Status/429
2026-08-13 21:09:57 | WARNING  | src.extractors.shopify | Error de red en https://www.paytowin.cl buscando 'The Irencrag': Client error '429 Too Many Requests' for url 'https://www.paytowin.cl/search/suggest.json?q=The%20Irencrag&resources[type]=product'
For more information check: https://developer.mozilla.org/en-US/docs/Web/HTTP/Status/429
2026-08-13 21:09:57 | WARNING  | src.extractors.shopify | Error de red en https://www.paytowin.cl buscando 'Tomb of the Spirit Dragon': Client error '429 Too Many Requests' for url 'https://www.paytowin.cl/search/suggest.json?q=Tomb%20of%20the%20Spirit%20Dragon&resources[type]=product'
For more information check: https://developer.mozilla.org/en-US/docs/Web/HTTP/Status/429
2026-08-13 21:09:57 | WARNING  | src.extractors.shopify | Error de red en https://www.paytowin.cl buscando 'Ugin, Eye of the Storms': Client error '429 Too Many Requests' for url 'https://www.paytowin.cl/search/suggest.json?q=Ugin%2C%20Eye%20of%20the%20Storms&resources[type]=product'
For more information check: https://developer.mozilla.org/en-US/docs/Web/HTTP/Status/429
2026-08-13 21:09:57 | WARNING  | src.extractors.shopify | Error de red en https://www.paytowin.cl buscando 'Ugin, the Spirit Dragon': Client error '429 Too Many Requests' for url 'https://www.paytowin.cl/search/suggest.json?q=Ugin%2C%20the%20Spirit%20Dragon&resources[type]=product'
For more information check: https://developer.mozilla.org/en-US/docs/Web/HTTP/Status/429
2026-08-13 21:09:57 | WARNING  | src.extractors.shopify | Error de red en https://www.paytowin.cl buscando 'Ugin's Labyrinth': Client error '429 Too Many Requests' for url 'https://www.paytowin.cl/search/suggest.json?q=Ugin%27s%20Labyrinth&resources[type]=product'
For more information check: https://developer.mozilla.org/en-US/docs/Web/HTTP/Status/429
2026-08-13 21:09:57 | WARNING  | src.extractors.shopify | Error de red en https://www.paytowin.cl buscando 'Ulamog, the Ceaseless Hunger': Client error '429 Too Many Requests' for url 'https://www.paytowin.cl/search/suggest.json?q=Ulamog%2C%20the%20Ceaseless%20Hunger&resources[type]=product'
For more information check: https://developer.mozilla.org/en-US/docs/Web/HTTP/Status/429
2026-08-13 21:09:57 | WARNING  | src.extractors.shopify | Error de red en https://www.paytowin.cl buscando 'Ulamog, the Defiler': Client error '429 Too Many Requests' for url 'https://www.paytowin.cl/search/suggest.json?q=Ulamog%2C%20the%20Defiler&resources[type]=product'
For more information check: https://developer.mozilla.org/en-US/docs/Web/HTTP/Status/429
2026-08-13 21:09:57 | WARNING  | src.extractors.shopify | Error de red en https://www.paytowin.cl buscando 'Ulamog, the Infinite Gyre': Client error '429 Too Many Requests' for url 'https://www.paytowin.cl/search/suggest.json?q=Ulamog%2C%20the%20Infinite%20Gyre&resources[type]=product'
For more information check: https://developer.mozilla.org/en-US/docs/Web/HTTP/Status/429
2026-08-13 21:09:57 | WARNING  | src.extractors.shopify | Error de red en https://www.paytowin.cl buscando 'Ultima, Origin of Oblivion': Client error '429 Too Many Requests' for url 'https://www.paytowin.cl/search/suggest.json?q=Ultima%2C%20Origin%20of%20Oblivion&resources[type]=product'
For more information check: https://developer.mozilla.org/en-US/docs/Web/HTTP/Status/429
2026-08-13 21:09:57 | WARNING  | src.extractors.shopify | Error de red en https://www.paytowin.cl buscando 'Urza's Cave': Client error '429 Too Many Requests' for url 'https://www.paytowin.cl/search/suggest.json?q=Urza%27s%20Cave&resources[type]=product'
For more information check: https://developer.mozilla.org/en-US/docs/Web/HTTP/Status/429
2026-08-13 21:09:57 | WARNING  | src.extractors.shopify | Error de red en https://www.paytowin.cl buscando 'Urza's Mine': Client error '429 Too Many Requests' for url 'https://www.paytowin.cl/search/suggest.json?q=Urza%27s%20Mine&resources[type]=product'
For more information check: https://developer.mozilla.org/en-US/docs/Web/HTTP/Status/429
2026-08-13 21:09:57 | WARNING  | src.extractors.shopify | Error de red en https://www.paytowin.cl buscando 'Urza's Power Plant': Client error '429 Too Many Requests' for url 'https://www.paytowin.cl/search/suggest.json?q=Urza%27s%20Power%20Plant&resources[type]=product'
For more information check: https://developer.mozilla.org/en-US/docs/Web/HTTP/Status/429
2026-08-13 21:09:57 | WARNING  | src.extractors.shopify | Error de red en https://www.paytowin.cl buscando 'Urza's Tower': Client error '429 Too Many Requests' for url 'https://www.paytowin.cl/search/suggest.json?q=Urza%27s%20Tower&resources[type]=product'
For more information check: https://developer.mozilla.org/en-US/docs/Web/HTTP/Status/429
2026-08-13 21:09:57 | WARNING  | src.extractors.shopify | Error de red en https://www.paytowin.cl buscando 'Urza's Workshop': Client error '429 Too Many Requests' for url 'https://www.paytowin.cl/search/suggest.json?q=Urza%27s%20Workshop&resources[type]=product'
For more information check: https://developer.mozilla.org/en-US/docs/Web/HTTP/Status/429
2026-08-13 21:09:57 | WARNING  | src.extractors.shopify | Error de red en https://www.paytowin.cl buscando 'Vibranium Dynamo': Client error '429 Too Many Requests' for url 'https://www.paytowin.cl/search/suggest.json?q=Vibranium%20Dynamo&resources[type]=product'
For more information check: https://developer.mozilla.org/en-US/docs/Web/HTTP/Status/429
2026-08-13 21:09:57 | WARNING  | src.extractors.shopify | Error de red en https://www.paytowin.cl buscando 'Void Winnower': Client error '429 Too Many Requests' for url 'https://www.paytowin.cl/search/suggest.json?q=Void%20Winnower&resources[type]=product'
For more information check: https://developer.mozilla.org/en-US/docs/Web/HTTP/Status/429
2026-08-13 21:09:58 | WARNING  | src.extractors.shopify | Error de red en https://www.paytowin.cl buscando 'War Room': Client error '429 Too Many Requests' for url 'https://www.paytowin.cl/search/suggest.json?q=War%20Room&resources[type]=product'
For more information check: https://developer.mozilla.org/en-US/docs/Web/HTTP/Status/429
2026-08-13 21:09:58 | WARNING  | src.extractors.shopify | Error de red en https://www.paytowin.cl buscando 'Warping Wail': Client error '429 Too Many Requests' for url 'https://www.paytowin.cl/search/suggest.json?q=Warping%20Wail&resources[type]=product'
For more information check: https://developer.mozilla.org/en-US/docs/Web/HTTP/Status/429
2026-08-13 21:09:58 | WARNING  | src.extractors.shopify | Error de red en https://www.paytowin.cl buscando 'Volatile Fault': Client error '429 Too Many Requests' for url 'https://www.paytowin.cl/search/suggest.json?q=Volatile%20Fault&resources[type]=product'
For more information check: https://developer.mozilla.org/en-US/docs/Web/HTTP/Status/429
2026-08-13 21:09:58 | WARNING  | src.extractors.shopify | Error de red en https://www.paytowin.cl buscando 'Wastes': Client error '429 Too Many Requests' for url 'https://www.paytowin.cl/search/suggest.json?q=Wastes&resources[type]=product'
For more information check: https://developer.mozilla.org/en-US/docs/Web/HTTP/Status/429
2026-08-13 21:09:58 | WARNING  | src.extractors.shopify | Error de red en https://www.paytowin.cl buscando 'Wayfarer's Bauble': Client error '429 Too Many Requests' for url 'https://www.paytowin.cl/search/suggest.json?q=Wayfarer%27s%20Bauble&resources[type]=product'
For more information check: https://developer.mozilla.org/en-US/docs/Web/HTTP/Status/429
2026-08-13 21:09:58 | WARNING  | src.extractors.shopify | Error de red en https://www.paytowin.cl buscando 'Worn Powerstone': Client error '429 Too Many Requests' for url 'https://www.paytowin.cl/search/suggest.json?q=Worn%20Powerstone&resources[type]=product'
For more information check: https://developer.mozilla.org/en-US/docs/Web/HTTP/Status/429
2026-08-13 21:09:58 | WARNING  | src.extractors.shopify | Error de red en https://www.paytowin.cl buscando 'Zhalfirin Void': Client error '429 Too Many Requests' for url 'https://www.paytowin.cl/search/suggest.json?q=Zhalfirin%20Void&resources[type]=product'
For more information check: https://developer.mozilla.org/en-US/docs/Web/HTTP/Status/429
2026-08-13 21:09:58 | WARNING  | src.extractors.shopify | Error de red en https://cardnexus.cl buscando 'Akroma's Memorial': Client error '403 Forbidden' for url 'https://cardnexus.cl/search/suggest.json?q=Akroma%27s%20Memorial&resources[type]=product'
For more information check: https://developer.mozilla.org/en-US/docs/Web/HTTP/Status/403
2026-08-13 21:09:58 | WARNING  | src.extractors.shopify | Error de red en https://cardnexus.cl buscando 'All Is Dust': Client error '403 Forbidden' for url 'https://cardnexus.cl/search/suggest.json?q=All%20Is%20Dust&resources[type]=product'
For more information check: https://developer.mozilla.org/en-US/docs/Web/HTTP/Status/403
2026-08-13 21:09:58 | WARNING  | src.extractors.shopify | Error de red en https://cardnexus.cl buscando 'Arch of Orazca': Client error '403 Forbidden' for url 'https://cardnexus.cl/search/suggest.json?q=Arch%20of%20Orazca&resources[type]=product'
For more information check: https://developer.mozilla.org/en-US/docs/Web/HTTP/Status/403
2026-08-13 21:09:58 | WARNING  | src.extractors.shopify | Error de red en https://cardnexus.cl buscando 'Artisan of Kozilek': Client error '403 Forbidden' for url 'https://cardnexus.cl/search/suggest.json?q=Artisan%20of%20Kozilek&resources[type]=product'
For more information check: https://developer.mozilla.org/en-US/docs/Web/HTTP/Status/403
2026-08-13 21:09:58 | WARNING  | src.extractors.shopify | Error de red en https://cardnexus.cl buscando 'Bane of Bala Ged': Client error '403 Forbidden' for url 'https://cardnexus.cl/search/suggest.json?q=Bane%20of%20Bala%20Ged&resources[type]=product'
For more information check: https://developer.mozilla.org/en-US/docs/Web/HTTP/Status/403
2026-08-13 21:09:58 | WARNING  | src.extractors.shopify | Error de red en https://cardnexus.cl buscando 'Basalt Monolith': Client error '403 Forbidden' for url 'https://cardnexus.cl/search/suggest.json?q=Basalt%20Monolith&resources[type]=product'
For more information check: https://developer.mozilla.org/en-US/docs/Web/HTTP/Status/403
2026-08-13 21:09:58 | WARNING  | src.extractors.shopify | Error de red en https://cardnexus.cl buscando 'Blast Zone': Client error '403 Forbidden' for url 'https://cardnexus.cl/search/suggest.json?q=Blast%20Zone&resources[type]=product'
For more information check: https://developer.mozilla.org/en-US/docs/Web/HTTP/Status/403
2026-08-13 21:09:58 | WARNING  | src.extractors.shopify | Error de red en https://cardnexus.cl buscando 'Blasted Landscape': Client error '403 Forbidden' for url 'https://cardnexus.cl/search/suggest.json?q=Blasted%20Landscape&resources[type]=product'
For more information check: https://developer.mozilla.org/en-US/docs/Web/HTTP/Status/403
2026-08-13 21:09:59 | WARNING  | src.extractors.shopify | Error de red en https://cardnexus.cl buscando 'Bonders' Enclave': Client error '403 Forbidden' for url 'https://cardnexus.cl/search/suggest.json?q=Bonders%27%20Enclave&resources[type]=product'
For more information check: https://developer.mozilla.org/en-US/docs/Web/HTTP/Status/403
2026-08-13 21:09:59 | WARNING  | src.extractors.shopify | Error de red en https://cardnexus.cl buscando 'Breaker of Creation': Client error '403 Forbidden' for url 'https://cardnexus.cl/search/suggest.json?q=Breaker%20of%20Creation&resources[type]=product'
For more information check: https://developer.mozilla.org/en-US/docs/Web/HTTP/Status/403
2026-08-13 21:09:59 | WARNING  | src.extractors.shopify | Error de red en https://cardnexus.cl buscando 'Buried Ruin': Client error '403 Forbidden' for url 'https://cardnexus.cl/search/suggest.json?q=Buried%20Ruin&resources[type]=product'
For more information check: https://developer.mozilla.org/en-US/docs/Web/HTTP/Status/403
2026-08-13 21:09:59 | WARNING  | src.extractors.shopify | Error de red en https://cardnexus.cl buscando 'Cityscape Leveler': Client error '403 Forbidden' for url 'https://cardnexus.cl/search/suggest.json?q=Cityscape%20Leveler&resources[type]=product'
For more information check: https://developer.mozilla.org/en-US/docs/Web/HTTP/Status/403
2026-08-13 21:09:59 | WARNING  | src.extractors.shopify | Error de red en https://cardnexus.cl buscando 'Coldsteel Heart': Client error '403 Forbidden' for url 'https://cardnexus.cl/search/suggest.json?q=Coldsteel%20Heart&resources[type]=product'
For more information check: https://developer.mozilla.org/en-US/docs/Web/HTTP/Status/403
2026-08-13 21:09:59 | WARNING  | src.extractors.shopify | Error de red en https://cardnexus.cl buscando 'Darksteel Citadel': Client error '403 Forbidden' for url 'https://cardnexus.cl/search/suggest.json?q=Darksteel%20Citadel&resources[type]=product'
For more information check: https://developer.mozilla.org/en-US/docs/Web/HTTP/Status/403
2026-08-13 21:09:59 | WARNING  | src.extractors.shopify | Error de red en https://cardnexus.cl buscando 'Darksteel Monolith': Client error '403 Forbidden' for url 'https://cardnexus.cl/search/suggest.json?q=Darksteel%20Monolith&resources[type]=product'
For more information check: https://developer.mozilla.org/en-US/docs/Web/HTTP/Status/403
2026-08-13 21:09:59 | WARNING  | src.extractors.shopify | Error de red en https://cardnexus.cl buscando 'Desecrate Reality': Client error '403 Forbidden' for url 'https://cardnexus.cl/search/suggest.json?q=Desecrate%20Reality&resources[type]=product'
For more information check: https://developer.mozilla.org/en-US/docs/Web/HTTP/Status/403
2026-08-13 21:09:59 | WARNING  | src.extractors.shopify | Error de red en https://cardnexus.cl buscando 'Devourer of Destiny': Client error '403 Forbidden' for url 'https://cardnexus.cl/search/suggest.json?q=Devourer%20of%20Destiny&resources[type]=product'
For more information check: https://developer.mozilla.org/en-US/docs/Web/HTTP/Status/403
2026-08-13 21:09:59 | WARNING  | src.extractors.shopify | Error de red en https://cardnexus.cl buscando 'Eldrazi Temple': Client error '403 Forbidden' for url 'https://cardnexus.cl/search/suggest.json?q=Eldrazi%20Temple&resources[type]=product'
For more information check: https://developer.mozilla.org/en-US/docs/Web/HTTP/Status/403
2026-08-13 21:09:59 | WARNING  | src.extractors.shopify | Error de red en https://cardnexus.cl buscando 'Emrakul, the Promised End': Client error '403 Forbidden' for url 'https://cardnexus.cl/search/suggest.json?q=Emrakul%2C%20the%20Promised%20End&resources[type]=product'
For more information check: https://developer.mozilla.org/en-US/docs/Web/HTTP/Status/403
2026-08-13 21:09:59 | WARNING  | src.extractors.shopify | Error de red en https://cardnexus.cl buscando 'Eldritch Immunity': Client error '403 Forbidden' for url 'https://cardnexus.cl/search/suggest.json?q=Eldritch%20Immunity&resources[type]=product'
For more information check: https://developer.mozilla.org/en-US/docs/Web/HTTP/Status/403
2026-08-13 21:10:00 | WARNING  | src.extractors.shopify | Error de red en https://cardnexus.cl buscando 'Emrakul, the World Anew': Client error '403 Forbidden' for url 'https://cardnexus.cl/search/suggest.json?q=Emrakul%2C%20the%20World%20Anew&resources[type]=product'
For more information check: https://developer.mozilla.org/en-US/docs/Web/HTTP/Status/403
2026-08-13 21:10:00 | WARNING  | src.extractors.shopify | Error de red en https://cardnexus.cl buscando 'Eye of Ugin': Client error '403 Forbidden' for url 'https://cardnexus.cl/search/suggest.json?q=Eye%20of%20Ugin&resources[type]=product'
For more information check: https://developer.mozilla.org/en-US/docs/Web/HTTP/Status/403
2026-08-13 21:10:00 | WARNING  | src.extractors.shopify | Error de red en https://cardnexus.cl buscando 'Field of Ruin': Client error '403 Forbidden' for url 'https://cardnexus.cl/search/suggest.json?q=Field%20of%20Ruin&resources[type]=product'
For more information check: https://developer.mozilla.org/en-US/docs/Web/HTTP/Status/403
2026-08-13 21:10:00 | WARNING  | src.extractors.shopify | Error de red en https://cardnexus.cl buscando 'Forsaken Monument': Client error '403 Forbidden' for url 'https://cardnexus.cl/search/suggest.json?q=Forsaken%20Monument&resources[type]=product'
For more information check: https://developer.mozilla.org/en-US/docs/Web/HTTP/Status/403
2026-08-13 21:10:00 | WARNING  | src.extractors.shopify | Error de red en https://cardnexus.cl buscando 'Fomori Vault': Client error '403 Forbidden' for url 'https://cardnexus.cl/search/suggest.json?q=Fomori%20Vault&resources[type]=product'
For more information check: https://developer.mozilla.org/en-US/docs/Web/HTTP/Status/403
2026-08-13 21:10:00 | WARNING  | src.extractors.shopify | Error de red en https://cardnexus.cl buscando 'Fractured Powerstone': Client error '403 Forbidden' for url 'https://cardnexus.cl/search/suggest.json?q=Fractured%20Powerstone&resources[type]=product'
For more information check: https://developer.mozilla.org/en-US/docs/Web/HTTP/Status/403
2026-08-13 21:10:00 | WARNING  | src.extractors.shopify | Error de red en https://cardnexus.cl buscando 'Ghost Quarter': Client error '403 Forbidden' for url 'https://cardnexus.cl/search/suggest.json?q=Ghost%20Quarter&resources[type]=product'
For more information check: https://developer.mozilla.org/en-US/docs/Web/HTTP/Status/403
2026-08-13 21:10:00 | WARNING  | src.extractors.shopify | Error de red en https://cardnexus.cl buscando 'Glaring Fleshraker': Client error '403 Forbidden' for url 'https://cardnexus.cl/search/suggest.json?q=Glaring%20Fleshraker&resources[type]=product'
For more information check: https://developer.mozilla.org/en-US/docs/Web/HTTP/Status/403
2026-08-13 21:10:00 | WARNING  | src.extractors.shopify | Error de red en https://cardnexus.cl buscando 'H.E.R.B.I.E., Lovable Robot': Client error '403 Forbidden' for url 'https://cardnexus.cl/search/suggest.json?q=H.E.R.B.I.E.%2C%20Lovable%20Robot&resources[type]=product'
For more information check: https://developer.mozilla.org/en-US/docs/Web/HTTP/Status/403
2026-08-13 21:10:00 | WARNING  | src.extractors.shopify | Error de red en https://cardnexus.cl buscando 'Green Dragon Inn': Client error '403 Forbidden' for url 'https://cardnexus.cl/search/suggest.json?q=Green%20Dragon%20Inn&resources[type]=product'
For more information check: https://developer.mozilla.org/en-US/docs/Web/HTTP/Status/403
2026-08-13 21:10:01 | WARNING  | src.extractors.shopify | Error de red en https://cardnexus.cl buscando 'Hedron Archive': Client error '403 Forbidden' for url 'https://cardnexus.cl/search/suggest.json?q=Hedron%20Archive&resources[type]=product'
For more information check: https://developer.mozilla.org/en-US/docs/Web/HTTP/Status/403
2026-08-13 21:10:01 | WARNING  | src.extractors.shopify | Error de red en https://cardnexus.cl buscando 'Hedron Crawler': Client error '403 Forbidden' for url 'https://cardnexus.cl/search/suggest.json?q=Hedron%20Crawler&resources[type]=product'
For more information check: https://developer.mozilla.org/en-US/docs/Web/HTTP/Status/403
2026-08-13 21:10:01 | WARNING  | src.extractors.shopify | Error de red en https://cardnexus.cl buscando 'Inventors' Fair': Client error '403 Forbidden' for url 'https://cardnexus.cl/search/suggest.json?q=Inventors%27%20Fair&resources[type]=product'
For more information check: https://developer.mozilla.org/en-US/docs/Web/HTTP/Status/403
2026-08-13 21:10:01 | WARNING  | src.extractors.shopify | Error de red en https://cardnexus.cl buscando 'It That Betrays': Client error '403 Forbidden' for url 'https://cardnexus.cl/search/suggest.json?q=It%20That%20Betrays&resources[type]=product'
For more information check: https://developer.mozilla.org/en-US/docs/Web/HTTP/Status/403
2026-08-13 21:10:01 | WARNING  | src.extractors.shopify | Error de red en https://cardnexus.cl buscando 'It That Heralds the End': Client error '403 Forbidden' for url 'https://cardnexus.cl/search/suggest.json?q=It%20That%20Heralds%20the%20End&resources[type]=product'
For more information check: https://developer.mozilla.org/en-US/docs/Web/HTTP/Status/403
2026-08-13 21:10:01 | WARNING  | src.extractors.shopify | Error de red en https://cardnexus.cl buscando 'Jhoira's Familiar': Client error '403 Forbidden' for url 'https://cardnexus.cl/search/suggest.json?q=Jhoira%27s%20Familiar&resources[type]=product'
For more information check: https://developer.mozilla.org/en-US/docs/Web/HTTP/Status/403
2026-08-13 21:10:01 | WARNING  | src.extractors.shopify | Error de red en https://cardnexus.cl buscando 'Kozilek, Butcher of Truth': Client error '403 Forbidden' for url 'https://cardnexus.cl/search/suggest.json?q=Kozilek%2C%20Butcher%20of%20Truth&resources[type]=product'
For more information check: https://developer.mozilla.org/en-US/docs/Web/HTTP/Status/403
2026-08-13 21:10:01 | WARNING  | src.extractors.shopify | Error de red en https://cardnexus.cl buscando 'Kozilek, the Great Distortion': Client error '403 Forbidden' for url 'https://cardnexus.cl/search/suggest.json?q=Kozilek%2C%20the%20Great%20Distortion&resources[type]=product'
For more information check: https://developer.mozilla.org/en-US/docs/Web/HTTP/Status/403
2026-08-13 21:10:01 | WARNING  | src.extractors.shopify | Error de red en https://cardnexus.cl buscando 'Manakin': Client error '403 Forbidden' for url 'https://cardnexus.cl/search/suggest.json?q=Manakin&resources[type]=product'
For more information check: https://developer.mozilla.org/en-US/docs/Web/HTTP/Status/403
2026-08-13 21:10:01 | WARNING  | src.extractors.shopify | Error de red en https://cardnexus.cl buscando 'Myr Convert': Client error '403 Forbidden' for url 'https://cardnexus.cl/search/suggest.json?q=Myr%20Convert&resources[type]=product'
For more information check: https://developer.mozilla.org/en-US/docs/Web/HTTP/Status/403
2026-08-13 21:10:01 | WARNING  | src.extractors.shopify | Error de red en https://cardnexus.cl buscando 'Not of This World': Client error '403 Forbidden' for url 'https://cardnexus.cl/search/suggest.json?q=Not%20of%20This%20World&resources[type]=product'
For more information check: https://developer.mozilla.org/en-US/docs/Web/HTTP/Status/403
2026-08-13 21:10:01 | WARNING  | src.extractors.shopify | Error de red en https://cardnexus.cl buscando 'Ornithopter of Paradise': Client error '403 Forbidden' for url 'https://cardnexus.cl/search/suggest.json?q=Ornithopter%20of%20Paradise&resources[type]=product'
For more information check: https://developer.mozilla.org/en-US/docs/Web/HTTP/Status/403
2026-08-13 21:10:01 | WARNING  | src.extractors.shopify | Error de red en https://cardnexus.cl buscando 'Page, Loose Leaf': Client error '403 Forbidden' for url 'https://cardnexus.cl/search/suggest.json?q=Page%2C%20Loose%20Leaf&resources[type]=product'
For more information check: https://developer.mozilla.org/en-US/docs/Web/HTTP/Status/403
2026-08-13 21:10:02 | WARNING  | src.extractors.shopify | Error de red en https://cardnexus.cl buscando 'Plague Myr': Client error '403 Forbidden' for url 'https://cardnexus.cl/search/suggest.json?q=Plague%20Myr&resources[type]=product'
For more information check: https://developer.mozilla.org/en-US/docs/Web/HTTP/Status/403
2026-08-13 21:10:02 | WARNING  | src.extractors.shopify | Error de red en https://cardnexus.cl buscando 'Palladium Myr': Client error '403 Forbidden' for url 'https://cardnexus.cl/search/suggest.json?q=Palladium%20Myr&resources[type]=product'
For more information check: https://developer.mozilla.org/en-US/docs/Web/HTTP/Status/403
2026-08-13 21:10:02 | WARNING  | src.extractors.shopify | Error de red en https://cardnexus.cl buscando 'Planar Nexus': Client error '403 Forbidden' for url 'https://cardnexus.cl/search/suggest.json?q=Planar%20Nexus&resources[type]=product'
For more information check: https://developer.mozilla.org/en-US/docs/Web/HTTP/Status/403
2026-08-13 21:10:02 | WARNING  | src.extractors.shopify | Error de red en https://cardnexus.cl buscando 'Portal to Phyrexia': Client error '403 Forbidden' for url 'https://cardnexus.cl/search/suggest.json?q=Portal%20to%20Phyrexia&resources[type]=product'
For more information check: https://developer.mozilla.org/en-US/docs/Web/HTTP/Status/403
2026-08-13 21:10:02 | WARNING  | src.extractors.shopify | Error de red en https://cardnexus.cl buscando 'Prismatic Lens': Client error '403 Forbidden' for url 'https://cardnexus.cl/search/suggest.json?q=Prismatic%20Lens&resources[type]=product'
For more information check: https://developer.mozilla.org/en-US/docs/Web/HTTP/Status/403
2026-08-13 21:10:02 | WARNING  | src.extractors.shopify | Error de red en https://cardnexus.cl buscando 'Sanctum of Ugin': Client error '403 Forbidden' for url 'https://cardnexus.cl/search/suggest.json?q=Sanctum%20of%20Ugin&resources[type]=product'
For more information check: https://developer.mozilla.org/en-US/docs/Web/HTTP/Status/403
2026-08-13 21:10:02 | WARNING  | src.extractors.shopify | Error de red en https://cardnexus.cl buscando 'Scavenger Grounds': Client error '403 Forbidden' for url 'https://cardnexus.cl/search/suggest.json?q=Scavenger%20Grounds&resources[type]=product'
For more information check: https://developer.mozilla.org/en-US/docs/Web/HTTP/Status/403
2026-08-13 21:10:02 | WARNING  | src.extractors.shopify | Error de red en https://cardnexus.cl buscando 'Shrine of the Forsaken Gods': Client error '403 Forbidden' for url 'https://cardnexus.cl/search/suggest.json?q=Shrine%20of%20the%20Forsaken%20Gods&resources[type]=product'
For more information check: https://developer.mozilla.org/en-US/docs/Web/HTTP/Status/403
2026-08-13 21:10:02 | WARNING  | src.extractors.shopify | Error de red en https://cardnexus.cl buscando 'Solar Transformer': Client error '403 Forbidden' for url 'https://cardnexus.cl/search/suggest.json?q=Solar%20Transformer&resources[type]=product'
For more information check: https://developer.mozilla.org/en-US/docs/Web/HTTP/Status/403
2026-08-13 21:10:02 | WARNING  | src.extractors.shopify | Error de red en https://cardnexus.cl buscando 'Solemn Simulacrum': Client error '403 Forbidden' for url 'https://cardnexus.cl/search/suggest.json?q=Solemn%20Simulacrum&resources[type]=product'
For more information check: https://developer.mozilla.org/en-US/docs/Web/HTTP/Status/403
2026-08-13 21:10:02 | WARNING  | src.extractors.shopify | Error de red en https://cardnexus.cl buscando 'Spawnbed Protector': Client error '403 Forbidden' for url 'https://cardnexus.cl/search/suggest.json?q=Spawnbed%20Protector&resources[type]=product'
For more information check: https://developer.mozilla.org/en-US/docs/Web/HTTP/Status/403
2026-08-13 21:10:02 | WARNING  | src.extractors.shopify | Error de red en https://cardnexus.cl buscando 'Stonespeaker Crystal': Client error '403 Forbidden' for url 'https://cardnexus.cl/search/suggest.json?q=Stonespeaker%20Crystal&resources[type]=product'
For more information check: https://developer.mozilla.org/en-US/docs/Web/HTTP/Status/403
2026-08-13 21:10:03 | WARNING  | src.extractors.shopify | Error de red en https://cardnexus.cl buscando 'Summon: Bahamut': Client error '403 Forbidden' for url 'https://cardnexus.cl/search/suggest.json?q=Summon%3A%20Bahamut&resources[type]=product'
For more information check: https://developer.mozilla.org/en-US/docs/Web/HTTP/Status/403
2026-08-13 21:10:03 | WARNING  | src.extractors.shopify | Error de red en https://cardnexus.cl buscando 'The Irencrag': Client error '403 Forbidden' for url 'https://cardnexus.cl/search/suggest.json?q=The%20Irencrag&resources[type]=product'
For more information check: https://developer.mozilla.org/en-US/docs/Web/HTTP/Status/403
2026-08-13 21:10:03 | WARNING  | src.extractors.shopify | Error de red en https://cardnexus.cl buscando 'Tomb of the Spirit Dragon': Client error '403 Forbidden' for url 'https://cardnexus.cl/search/suggest.json?q=Tomb%20of%20the%20Spirit%20Dragon&resources[type]=product'
For more information check: https://developer.mozilla.org/en-US/docs/Web/HTTP/Status/403
2026-08-13 21:10:03 | WARNING  | src.extractors.shopify | Error de red en https://cardnexus.cl buscando 'Ugin, Eye of the Storms': Client error '403 Forbidden' for url 'https://cardnexus.cl/search/suggest.json?q=Ugin%2C%20Eye%20of%20the%20Storms&resources[type]=product'
For more information check: https://developer.mozilla.org/en-US/docs/Web/HTTP/Status/403
2026-08-13 21:10:03 | WARNING  | src.extractors.shopify | Error de red en https://cardnexus.cl buscando 'Ugin, the Spirit Dragon': Client error '403 Forbidden' for url 'https://cardnexus.cl/search/suggest.json?q=Ugin%2C%20the%20Spirit%20Dragon&resources[type]=product'
For more information check: https://developer.mozilla.org/en-US/docs/Web/HTTP/Status/403
2026-08-13 21:10:03 | WARNING  | src.extractors.shopify | Error de red en https://cardnexus.cl buscando 'Ulamog, the Ceaseless Hunger': Client error '403 Forbidden' for url 'https://cardnexus.cl/search/suggest.json?q=Ulamog%2C%20the%20Ceaseless%20Hunger&resources[type]=product'
For more information check: https://developer.mozilla.org/en-US/docs/Web/HTTP/Status/403
2026-08-13 21:10:03 | WARNING  | src.extractors.shopify | Error de red en https://cardnexus.cl buscando 'Ugin's Labyrinth': Client error '403 Forbidden' for url 'https://cardnexus.cl/search/suggest.json?q=Ugin%27s%20Labyrinth&resources[type]=product'
For more information check: https://developer.mozilla.org/en-US/docs/Web/HTTP/Status/403
2026-08-13 21:10:03 | WARNING  | src.extractors.shopify | Error de red en https://cardnexus.cl buscando 'Ulamog, the Defiler': Client error '403 Forbidden' for url 'https://cardnexus.cl/search/suggest.json?q=Ulamog%2C%20the%20Defiler&resources[type]=product'
For more information check: https://developer.mozilla.org/en-US/docs/Web/HTTP/Status/403
2026-08-13 21:10:03 | WARNING  | src.extractors.shopify | Error de red en https://cardnexus.cl buscando 'Ulamog, the Infinite Gyre': Client error '403 Forbidden' for url 'https://cardnexus.cl/search/suggest.json?q=Ulamog%2C%20the%20Infinite%20Gyre&resources[type]=product'
For more information check: https://developer.mozilla.org/en-US/docs/Web/HTTP/Status/403
2026-08-13 21:10:03 | WARNING  | src.extractors.shopify | Error de red en https://cardnexus.cl buscando 'Ultima, Origin of Oblivion': Client error '403 Forbidden' for url 'https://cardnexus.cl/search/suggest.json?q=Ultima%2C%20Origin%20of%20Oblivion&resources[type]=product'
For more information check: https://developer.mozilla.org/en-US/docs/Web/HTTP/Status/403
2026-08-13 21:10:04 | WARNING  | src.extractors.shopify | Error de red en https://cardnexus.cl buscando 'Urza's Cave': Client error '403 Forbidden' for url 'https://cardnexus.cl/search/suggest.json?q=Urza%27s%20Cave&resources[type]=product'
For more information check: https://developer.mozilla.org/en-US/docs/Web/HTTP/Status/403
2026-08-13 21:10:04 | WARNING  | src.extractors.shopify | Error de red en https://cardnexus.cl buscando 'Urza's Mine': Client error '403 Forbidden' for url 'https://cardnexus.cl/search/suggest.json?q=Urza%27s%20Mine&resources[type]=product'
For more information check: https://developer.mozilla.org/en-US/docs/Web/HTTP/Status/403
2026-08-13 21:10:04 | WARNING  | src.extractors.shopify | Error de red en https://cardnexus.cl buscando 'Urza's Power Plant': Client error '403 Forbidden' for url 'https://cardnexus.cl/search/suggest.json?q=Urza%27s%20Power%20Plant&resources[type]=product'
For more information check: https://developer.mozilla.org/en-US/docs/Web/HTTP/Status/403
2026-08-13 21:10:04 | WARNING  | src.extractors.shopify | Error de red en https://cardnexus.cl buscando 'Urza's Tower': Client error '403 Forbidden' for url 'https://cardnexus.cl/search/suggest.json?q=Urza%27s%20Tower&resources[type]=product'
For more information check: https://developer.mozilla.org/en-US/docs/Web/HTTP/Status/403
2026-08-13 21:10:04 | WARNING  | src.extractors.shopify | Error de red en https://cardnexus.cl buscando 'Urza's Workshop': Client error '403 Forbidden' for url 'https://cardnexus.cl/search/suggest.json?q=Urza%27s%20Workshop&resources[type]=product'
For more information check: https://developer.mozilla.org/en-US/docs/Web/HTTP/Status/403
2026-08-13 21:10:04 | WARNING  | src.extractors.shopify | Error de red en https://cardnexus.cl buscando 'Vibranium Dynamo': Client error '403 Forbidden' for url 'https://cardnexus.cl/search/suggest.json?q=Vibranium%20Dynamo&resources[type]=product'
For more information check: https://developer.mozilla.org/en-US/docs/Web/HTTP/Status/403
2026-08-13 21:10:04 | WARNING  | src.extractors.shopify | Error de red en https://cardnexus.cl buscando 'Void Winnower': Client error '403 Forbidden' for url 'https://cardnexus.cl/search/suggest.json?q=Void%20Winnower&resources[type]=product'
For more information check: https://developer.mozilla.org/en-US/docs/Web/HTTP/Status/403
2026-08-13 21:10:04 | WARNING  | src.extractors.shopify | Error de red en https://cardnexus.cl buscando 'Volatile Fault': Client error '403 Forbidden' for url 'https://cardnexus.cl/search/suggest.json?q=Volatile%20Fault&resources[type]=product'
For more information check: https://developer.mozilla.org/en-US/docs/Web/HTTP/Status/403
2026-08-13 21:10:04 | WARNING  | src.extractors.shopify | Error de red en https://cardnexus.cl buscando 'War Room': Client error '403 Forbidden' for url 'https://cardnexus.cl/search/suggest.json?q=War%20Room&resources[type]=product'
For more information check: https://developer.mozilla.org/en-US/docs/Web/HTTP/Status/403
2026-08-13 21:10:04 | WARNING  | src.extractors.shopify | Error de red en https://cardnexus.cl buscando 'Warping Wail': Client error '403 Forbidden' for url 'https://cardnexus.cl/search/suggest.json?q=Warping%20Wail&resources[type]=product'
For more information check: https://developer.mozilla.org/en-US/docs/Web/HTTP/Status/403
2026-08-13 21:10:04 | WARNING  | src.extractors.shopify | Error de red en https://cardnexus.cl buscando 'Wastes': Client error '403 Forbidden' for url 'https://cardnexus.cl/search/suggest.json?q=Wastes&resources[type]=product'
For more information check: https://developer.mozilla.org/en-US/docs/Web/HTTP/Status/403
2026-08-13 21:10:04 | WARNING  | src.extractors.shopify | Error de red en https://cardnexus.cl buscando 'Wayfarer's Bauble': Client error '403 Forbidden' for url 'https://cardnexus.cl/search/suggest.json?q=Wayfarer%27s%20Bauble&resources[type]=product'
For more information check: https://developer.mozilla.org/en-US/docs/Web/HTTP/Status/403
2026-08-13 21:10:04 | WARNING  | src.extractors.shopify | Error de red en https://cardnexus.cl buscando 'Worn Powerstone': Client error '403 Forbidden' for url 'https://cardnexus.cl/search/suggest.json?q=Worn%20Powerstone&resources[type]=product'
For more information check: https://developer.mozilla.org/en-US/docs/Web/HTTP/Status/403
2026-08-13 21:10:05 | WARNING  | src.extractors.shopify | Error de red en https://cardnexus.cl buscando 'Zhalfirin Void': Client error '403 Forbidden' for url 'https://cardnexus.cl/search/suggest.json?q=Zhalfirin%20Void&resources[type]=product'
For more information check: https://developer.mozilla.org/en-US/docs/Web/HTTP/Status/403
2026-08-13 21:10:05 | INFO     | src.extractors.shopify | Extracción finalizada. 247 resultados en bruto obtenidos.
2026-08-13 21:10:05 | INFO     | __main__ | Aplicando transformaciones RegEx y cargando a la base de datos...
2026-08-13 21:10:05 | INFO     | __main__ | Carga a la base de datos exitosa.
2026-08-13 21:10:05 | INFO     | __main__ | === PIPELINE FINALIZADO ===

2026-08-13 21:12:50 | INFO     | __main__ | === INICIANDO PIPELINE MTG TRACKER ===
2026-08-13 21:12:50 | INFO     | __main__ | Sincronizando dimensiones (Tiendas y Cartas) en la BD...
2026-08-13 21:12:50 | INFO     | src.extractors.shopify | Iniciando extracción asíncrona: 1 cartas en 3 tiendas.
2026-08-13 21:12:50 | WARNING  | src.extractors.shopify | Error de red en https://www.paytowin.cl buscando 'Akroma's Memorial': Client error '429 Too Many Requests' for url 'https://www.paytowin.cl/search/suggest.json?q=Akroma%27s%20Memorial&resources[type]=product'
For more information check: https://developer.mozilla.org/en-US/docs/Web/HTTP/Status/429
2026-08-13 21:12:50 | WARNING  | src.extractors.shopify | Error de red en https://www.oasisgames.cl buscando 'Akroma's Memorial': Client error '429 Too Many Requests' for url 'https://www.oasisgames.cl/search/suggest.json?q=Akroma%27s%20Memorial&resources[type]=product'
For more information check: https://developer.mozilla.org/en-US/docs/Web/HTTP/Status/429
2026-08-13 21:12:51 | WARNING  | src.extractors.shopify | Error de red en https://cardnexus.cl buscando 'Akroma's Memorial': Client error '403 Forbidden' for url 'https://cardnexus.cl/search/suggest.json?q=Akroma%27s%20Memorial&resources[type]=product'
For more information check: https://developer.mozilla.org/en-US/docs/Web/HTTP/Status/403
2026-08-13 21:12:51 | INFO     | src.extractors.shopify | Extracción finalizada. 0 resultados en bruto obtenidos.
2026-08-13 21:12:51 | INFO     | __main__ | Aplicando transformaciones RegEx y cargando a la base de datos...
2026-08-13 21:12:51 | INFO     | __main__ | Carga a la base de datos exitosa.
2026-08-13 21:12:51 | WARNING  | __main__ | El pipeline terminó sin datos que mostrar.
2026-08-13 21:12:51 | INFO     | __main__ | === PIPELINE FINALIZADO ===

2026-08-13 21:33:43 | INFO     | __main__ | === INICIANDO PIPELINE MTG TRACKER ===
2026-08-13 21:33:43 | INFO     | __main__ | Sincronizando dimensiones (Tiendas y Cartas) en la BD...
2026-08-13 21:33:43 | INFO     | src.extractors.shopify | Iniciando extracción asíncrona: 1 cartas en 3 tiendas.
2026-08-13 21:33:44 | WARNING  | src.extractors.shopify | Error de red en https://cardnexus.cl buscando 'Akroma's Memorial': Client error '403 Forbidden' for url 'https://cardnexus.cl/search/suggest.json?q=Akroma%27s%20Memorial&resources[type]=product'
For more information check: https://developer.mozilla.org/en-US/docs/Web/HTTP/Status/403
2026-08-13 21:33:44 | INFO     | src.extractors.shopify | Extracción finalizada. 8 resultados EN STOCK obtenidos.
2026-08-13 21:33:44 | INFO     | __main__ | Aplicando transformaciones RegEx y cargando a la base de datos...
2026-08-13 21:33:44 | INFO     | __main__ | Carga a la base de datos exitosa.
2026-08-13 21:33:44 | INFO     | __main__ | === PIPELINE FINALIZADO ===

2026-08-13 21:35:43 | INFO     | __main__ | === INICIANDO PIPELINE MTG TRACKER ===
2026-08-13 21:35:43 | INFO     | __main__ | Sincronizando dimensiones (Tiendas y Cartas) en la BD...
2026-08-13 21:35:43 | ERROR    | __main__ | Fallo crítico en el pipeline: (sqlite3.OperationalError) no such table: dim_tiendas
[SQL: SELECT dim_tiendas.id AS dim_tiendas_id, dim_tiendas.nombre AS dim_tiendas_nombre, dim_tiendas.url_base AS dim_tiendas_url_base 
FROM dim_tiendas 
WHERE dim_tiendas.url_base = ?
 LIMIT ? OFFSET ?]
[parameters: ('https://www.oasisgames.cl', 1, 0)]
(Background on this error at: https://sqlalche.me/e/20/e3q8)
Traceback (most recent call last):
  File "C:\Users\peps1\OneDrive\Documentos\code\mtg\mtg_price_tracker\.venv\Lib\site-packages\sqlalchemy\engine\base.py", line 1969, in _exec_single_context
    self.dialect.do_execute(
    ~~~~~~~~~~~~~~~~~~~~~~~^
        cursor, str_statement, effective_parameters, context
        ^^^^^^^^^^^^^^^^^^^^^^^^^^^^^^^^^^^^^^^^^^^^^^^^^^^^
    )
    ^
  File "C:\Users\peps1\OneDrive\Documentos\code\mtg\mtg_price_tracker\.venv\Lib\site-packages\sqlalchemy\engine\default.py", line 952, in do_execute
    cursor.execute(statement, parameters)
    ~~~~~~~~~~~~~~^^^^^^^^^^^^^^^^^^^^^^^
sqlite3.OperationalError: no such table: dim_tiendas

The above exception was the direct cause of the following exception:

Traceback (most recent call last):
  File "C:\Users\peps1\OneDrive\Documentos\code\mtg\mtg_price_tracker\main.py", line 107, in main
    if not session.query(Tienda).filter_by(url_base=url).first():
           ~~~~~~~~~~~~~~~~~~~~~~~~~~~~~~~~~~~~~~~~~~~~~~~~~~~^^
  File "C:\Users\peps1\OneDrive\Documentos\code\mtg\mtg_price_tracker\.venv\Lib\site-packages\sqlalchemy\orm\query.py", line 2766, in first
    return self.limit(1)._iter().first()  # type: ignore
           ~~~~~~~~~~~~~~~~~~~^^
  File "C:\Users\peps1\OneDrive\Documentos\code\mtg\mtg_price_tracker\.venv\Lib\site-packages\sqlalchemy\orm\query.py", line 2864, in _iter
    result: Union[ScalarResult[_T], Result[_T]] = self.session.execute(
                                                  ~~~~~~~~~~~~~~~~~~~~^
        statement,
        ^^^^^^^^^^
        params,
        ^^^^^^^
        execution_options={"_sa_orm_load_options": self.load_options},
        ^^^^^^^^^^^^^^^^^^^^^^^^^^^^^^^^^^^^^^^^^^^^^^^^^^^^^^^^^^^^^^
    )
    ^
  File "C:\Users\peps1\OneDrive\Documentos\code\mtg\mtg_price_tracker\.venv\Lib\site-packages\sqlalchemy\orm\session.py", line 2373, in execute
    return self._execute_internal(
           ~~~~~~~~~~~~~~~~~~~~~~^
        statement,
        ^^^^^^^^^^
    ...<4 lines>...
        _add_event=_add_event,
        ^^^^^^^^^^^^^^^^^^^^^^
    )
    ^
  File "C:\Users\peps1\OneDrive\Documentos\code\mtg\mtg_price_tracker\.venv\Lib\site-packages\sqlalchemy\orm\session.py", line 2271, in _execute_internal
    result: Result[Any] = compile_state_cls.orm_execute_statement(
                          ~~~~~~~~~~~~~~~~~~~~~~~~~~~~~~~~~~~~~~~^
        self,
        ^^^^^
    ...<4 lines>...
        conn,
        ^^^^^
    )
    ^
  File "C:\Users\peps1\OneDrive\Documentos\code\mtg\mtg_price_tracker\.venv\Lib\site-packages\sqlalchemy\orm\context.py", line 306, in orm_execute_statement
    result = conn.execute(
        statement, params or {}, execution_options=execution_options
    )
  File "C:\Users\peps1\OneDrive\Documentos\code\mtg\mtg_price_tracker\.venv\Lib\site-packages\sqlalchemy\engine\base.py", line 1421, in execute
    return meth(
        self,
        distilled_parameters,
        execution_options or NO_OPTIONS,
    )
  File "C:\Users\peps1\OneDrive\Documentos\code\mtg\mtg_price_tracker\.venv\Lib\site-packages\sqlalchemy\sql\elements.py", line 526, in _execute_on_connection
    return connection._execute_clauseelement(
           ~~~~~~~~~~~~~~~~~~~~~~~~~~~~~~~~~^
        self, distilled_params, execution_options
        ^^^^^^^^^^^^^^^^^^^^^^^^^^^^^^^^^^^^^^^^^
    )
    ^
  File "C:\Users\peps1\OneDrive\Documentos\code\mtg\mtg_price_tracker\.venv\Lib\site-packages\sqlalchemy\engine\base.py", line 1643, in _execute_clauseelement
    ret = self._execute_context(
        dialect,
    ...<8 lines>...
        cache_hit=cache_hit,
    )
  File "C:\Users\peps1\OneDrive\Documentos\code\mtg\mtg_price_tracker\.venv\Lib\site-packages\sqlalchemy\engine\base.py", line 1848, in _execute_context
    return self._exec_single_context(
           ~~~~~~~~~~~~~~~~~~~~~~~~~^
        dialect, context, statement, parameters
        ^^^^^^^^^^^^^^^^^^^^^^^^^^^^^^^^^^^^^^^
    )
    ^
  File "C:\Users\peps1\OneDrive\Documentos\code\mtg\mtg_price_tracker\.venv\Lib\site-packages\sqlalchemy\engine\base.py", line 1988, in _exec_single_context
    self._handle_dbapi_exception(
    ~~~~~~~~~~~~~~~~~~~~~~~~~~~~^
        e, str_statement, effective_parameters, cursor, context
        ^^^^^^^^^^^^^^^^^^^^^^^^^^^^^^^^^^^^^^^^^^^^^^^^^^^^^^^
    )
    ^
  File "C:\Users\peps1\OneDrive\Documentos\code\mtg\mtg_price_tracker\.venv\Lib\site-packages\sqlalchemy\engine\base.py", line 2365, in _handle_dbapi_exception
    raise sqlalchemy_exception.with_traceback(exc_info[2]) from e
  File "C:\Users\peps1\OneDrive\Documentos\code\mtg\mtg_price_tracker\.venv\Lib\site-packages\sqlalchemy\engine\base.py", line 1969, in _exec_single_context
    self.dialect.do_execute(
    ~~~~~~~~~~~~~~~~~~~~~~~^
        cursor, str_statement, effective_parameters, context
        ^^^^^^^^^^^^^^^^^^^^^^^^^^^^^^^^^^^^^^^^^^^^^^^^^^^^
    )
    ^
  File "C:\Users\peps1\OneDrive\Documentos\code\mtg\mtg_price_tracker\.venv\Lib\site-packages\sqlalchemy\engine\default.py", line 952, in do_execute
    cursor.execute(statement, parameters)
    ~~~~~~~~~~~~~~^^^^^^^^^^^^^^^^^^^^^^^
sqlalchemy.exc.OperationalError: (sqlite3.OperationalError) no such table: dim_tiendas
[SQL: SELECT dim_tiendas.id AS dim_tiendas_id, dim_tiendas.nombre AS dim_tiendas_nombre, dim_tiendas.url_base AS dim_tiendas_url_base 
FROM dim_tiendas 
WHERE dim_tiendas.url_base = ?
 LIMIT ? OFFSET ?]
[parameters: ('https://www.oasisgames.cl', 1, 0)]
(Background on this error at: https://sqlalche.me/e/20/e3q8)
2026-08-13 21:35:43 | INFO     | __main__ | === PIPELINE FINALIZADO ===

2026-08-13 21:35:52 | INFO     | __main__ | === INICIANDO PIPELINE MTG TRACKER ===
2026-08-13 21:35:52 | INFO     | __main__ | Sincronizando dimensiones (Tiendas y Cartas) en la BD...
2026-08-13 21:35:52 | ERROR    | __main__ | Fallo crítico en el pipeline: (sqlite3.OperationalError) no such table: dim_tiendas
[SQL: SELECT dim_tiendas.id AS dim_tiendas_id, dim_tiendas.nombre AS dim_tiendas_nombre, dim_tiendas.url_base AS dim_tiendas_url_base 
FROM dim_tiendas 
WHERE dim_tiendas.url_base = ?
 LIMIT ? OFFSET ?]
[parameters: ('https://www.oasisgames.cl', 1, 0)]
(Background on this error at: https://sqlalche.me/e/20/e3q8)
Traceback (most recent call last):
  File "C:\Users\peps1\OneDrive\Documentos\code\mtg\mtg_price_tracker\.venv\Lib\site-packages\sqlalchemy\engine\base.py", line 1969, in _exec_single_context
    self.dialect.do_execute(
    ~~~~~~~~~~~~~~~~~~~~~~~^
        cursor, str_statement, effective_parameters, context
        ^^^^^^^^^^^^^^^^^^^^^^^^^^^^^^^^^^^^^^^^^^^^^^^^^^^^
    )
    ^
  File "C:\Users\peps1\OneDrive\Documentos\code\mtg\mtg_price_tracker\.venv\Lib\site-packages\sqlalchemy\engine\default.py", line 952, in do_execute
    cursor.execute(statement, parameters)
    ~~~~~~~~~~~~~~^^^^^^^^^^^^^^^^^^^^^^^
sqlite3.OperationalError: no such table: dim_tiendas

The above exception was the direct cause of the following exception:

Traceback (most recent call last):
  File "C:\Users\peps1\OneDrive\Documentos\code\mtg\mtg_price_tracker\main.py", line 107, in main
    if not session.query(Tienda).filter_by(url_base=url).first():
           ~~~~~~~~~~~~~~~~~~~~~~~~~~~~~~~~~~~~~~~~~~~~~~~~~~~^^
  File "C:\Users\peps1\OneDrive\Documentos\code\mtg\mtg_price_tracker\.venv\Lib\site-packages\sqlalchemy\orm\query.py", line 2766, in first
    return self.limit(1)._iter().first()  # type: ignore
           ~~~~~~~~~~~~~~~~~~~^^
  File "C:\Users\peps1\OneDrive\Documentos\code\mtg\mtg_price_tracker\.venv\Lib\site-packages\sqlalchemy\orm\query.py", line 2864, in _iter
    result: Union[ScalarResult[_T], Result[_T]] = self.session.execute(
                                                  ~~~~~~~~~~~~~~~~~~~~^
        statement,
        ^^^^^^^^^^
        params,
        ^^^^^^^
        execution_options={"_sa_orm_load_options": self.load_options},
        ^^^^^^^^^^^^^^^^^^^^^^^^^^^^^^^^^^^^^^^^^^^^^^^^^^^^^^^^^^^^^^
    )
    ^
  File "C:\Users\peps1\OneDrive\Documentos\code\mtg\mtg_price_tracker\.venv\Lib\site-packages\sqlalchemy\orm\session.py", line 2373, in execute
    return self._execute_internal(
           ~~~~~~~~~~~~~~~~~~~~~~^
        statement,
        ^^^^^^^^^^
    ...<4 lines>...
        _add_event=_add_event,
        ^^^^^^^^^^^^^^^^^^^^^^
    )
    ^
  File "C:\Users\peps1\OneDrive\Documentos\code\mtg\mtg_price_tracker\.venv\Lib\site-packages\sqlalchemy\orm\session.py", line 2271, in _execute_internal
    result: Result[Any] = compile_state_cls.orm_execute_statement(
                          ~~~~~~~~~~~~~~~~~~~~~~~~~~~~~~~~~~~~~~~^
        self,
        ^^^^^
    ...<4 lines>...
        conn,
        ^^^^^
    )
    ^
  File "C:\Users\peps1\OneDrive\Documentos\code\mtg\mtg_price_tracker\.venv\Lib\site-packages\sqlalchemy\orm\context.py", line 306, in orm_execute_statement
    result = conn.execute(
        statement, params or {}, execution_options=execution_options
    )
  File "C:\Users\peps1\OneDrive\Documentos\code\mtg\mtg_price_tracker\.venv\Lib\site-packages\sqlalchemy\engine\base.py", line 1421, in execute
    return meth(
        self,
        distilled_parameters,
        execution_options or NO_OPTIONS,
    )
  File "C:\Users\peps1\OneDrive\Documentos\code\mtg\mtg_price_tracker\.venv\Lib\site-packages\sqlalchemy\sql\elements.py", line 526, in _execute_on_connection
    return connection._execute_clauseelement(
           ~~~~~~~~~~~~~~~~~~~~~~~~~~~~~~~~~^
        self, distilled_params, execution_options
        ^^^^^^^^^^^^^^^^^^^^^^^^^^^^^^^^^^^^^^^^^
    )
    ^
  File "C:\Users\peps1\OneDrive\Documentos\code\mtg\mtg_price_tracker\.venv\Lib\site-packages\sqlalchemy\engine\base.py", line 1643, in _execute_clauseelement
    ret = self._execute_context(
        dialect,
    ...<8 lines>...
        cache_hit=cache_hit,
    )
  File "C:\Users\peps1\OneDrive\Documentos\code\mtg\mtg_price_tracker\.venv\Lib\site-packages\sqlalchemy\engine\base.py", line 1848, in _execute_context
    return self._exec_single_context(
           ~~~~~~~~~~~~~~~~~~~~~~~~~^
        dialect, context, statement, parameters
        ^^^^^^^^^^^^^^^^^^^^^^^^^^^^^^^^^^^^^^^
    )
    ^
  File "C:\Users\peps1\OneDrive\Documentos\code\mtg\mtg_price_tracker\.venv\Lib\site-packages\sqlalchemy\engine\base.py", line 1988, in _exec_single_context
    self._handle_dbapi_exception(
    ~~~~~~~~~~~~~~~~~~~~~~~~~~~~^
        e, str_statement, effective_parameters, cursor, context
        ^^^^^^^^^^^^^^^^^^^^^^^^^^^^^^^^^^^^^^^^^^^^^^^^^^^^^^^
    )
    ^
  File "C:\Users\peps1\OneDrive\Documentos\code\mtg\mtg_price_tracker\.venv\Lib\site-packages\sqlalchemy\engine\base.py", line 2365, in _handle_dbapi_exception
    raise sqlalchemy_exception.with_traceback(exc_info[2]) from e
  File "C:\Users\peps1\OneDrive\Documentos\code\mtg\mtg_price_tracker\.venv\Lib\site-packages\sqlalchemy\engine\base.py", line 1969, in _exec_single_context
    self.dialect.do_execute(
    ~~~~~~~~~~~~~~~~~~~~~~~^
        cursor, str_statement, effective_parameters, context
        ^^^^^^^^^^^^^^^^^^^^^^^^^^^^^^^^^^^^^^^^^^^^^^^^^^^^
    )
    ^
  File "C:\Users\peps1\OneDrive\Documentos\code\mtg\mtg_price_tracker\.venv\Lib\site-packages\sqlalchemy\engine\default.py", line 952, in do_execute
    cursor.execute(statement, parameters)
    ~~~~~~~~~~~~~~^^^^^^^^^^^^^^^^^^^^^^^
sqlalchemy.exc.OperationalError: (sqlite3.OperationalError) no such table: dim_tiendas
[SQL: SELECT dim_tiendas.id AS dim_tiendas_id, dim_tiendas.nombre AS dim_tiendas_nombre, dim_tiendas.url_base AS dim_tiendas_url_base 
FROM dim_tiendas 
WHERE dim_tiendas.url_base = ?
 LIMIT ? OFFSET ?]
[parameters: ('https://www.oasisgames.cl', 1, 0)]
(Background on this error at: https://sqlalche.me/e/20/e3q8)
2026-08-13 21:35:52 | INFO     | __main__ | === PIPELINE FINALIZADO ===

2026-08-13 21:36:33 | INFO     | __main__ | === INICIANDO PIPELINE MTG TRACKER ===
2026-08-13 21:36:33 | INFO     | __main__ | Sincronizando dimensiones (Tiendas y Cartas) en la BD...
2026-08-13 21:36:33 | ERROR    | __main__ | Fallo crítico en el pipeline: (sqlite3.OperationalError) no such table: dim_tiendas
[SQL: SELECT dim_tiendas.id AS dim_tiendas_id, dim_tiendas.nombre AS dim_tiendas_nombre, dim_tiendas.url_base AS dim_tiendas_url_base 
FROM dim_tiendas 
WHERE dim_tiendas.url_base = ?
 LIMIT ? OFFSET ?]
[parameters: ('https://www.oasisgames.cl', 1, 0)]
(Background on this error at: https://sqlalche.me/e/20/e3q8)
Traceback (most recent call last):
  File "C:\Users\peps1\OneDrive\Documentos\code\mtg\mtg_price_tracker\.venv\Lib\site-packages\sqlalchemy\engine\base.py", line 1969, in _exec_single_context
    self.dialect.do_execute(
    ~~~~~~~~~~~~~~~~~~~~~~~^
        cursor, str_statement, effective_parameters, context
        ^^^^^^^^^^^^^^^^^^^^^^^^^^^^^^^^^^^^^^^^^^^^^^^^^^^^
    )
    ^
  File "C:\Users\peps1\OneDrive\Documentos\code\mtg\mtg_price_tracker\.venv\Lib\site-packages\sqlalchemy\engine\default.py", line 952, in do_execute
    cursor.execute(statement, parameters)
    ~~~~~~~~~~~~~~^^^^^^^^^^^^^^^^^^^^^^^
sqlite3.OperationalError: no such table: dim_tiendas

The above exception was the direct cause of the following exception:

Traceback (most recent call last):
  File "C:\Users\peps1\OneDrive\Documentos\code\mtg\mtg_price_tracker\main.py", line 107, in main
    if not session.query(Tienda).filter_by(url_base=url).first():
           ~~~~~~~~~~~~~~~~~~~~~~~~~~~~~~~~~~~~~~~~~~~~~~~~~~~^^
  File "C:\Users\peps1\OneDrive\Documentos\code\mtg\mtg_price_tracker\.venv\Lib\site-packages\sqlalchemy\orm\query.py", line 2766, in first
    return self.limit(1)._iter().first()  # type: ignore
           ~~~~~~~~~~~~~~~~~~~^^
  File "C:\Users\peps1\OneDrive\Documentos\code\mtg\mtg_price_tracker\.venv\Lib\site-packages\sqlalchemy\orm\query.py", line 2864, in _iter
    result: Union[ScalarResult[_T], Result[_T]] = self.session.execute(
                                                  ~~~~~~~~~~~~~~~~~~~~^
        statement,
        ^^^^^^^^^^
        params,
        ^^^^^^^
        execution_options={"_sa_orm_load_options": self.load_options},
        ^^^^^^^^^^^^^^^^^^^^^^^^^^^^^^^^^^^^^^^^^^^^^^^^^^^^^^^^^^^^^^
    )
    ^
  File "C:\Users\peps1\OneDrive\Documentos\code\mtg\mtg_price_tracker\.venv\Lib\site-packages\sqlalchemy\orm\session.py", line 2373, in execute
    return self._execute_internal(
           ~~~~~~~~~~~~~~~~~~~~~~^
        statement,
        ^^^^^^^^^^
    ...<4 lines>...
        _add_event=_add_event,
        ^^^^^^^^^^^^^^^^^^^^^^
    )
    ^
  File "C:\Users\peps1\OneDrive\Documentos\code\mtg\mtg_price_tracker\.venv\Lib\site-packages\sqlalchemy\orm\session.py", line 2271, in _execute_internal
    result: Result[Any] = compile_state_cls.orm_execute_statement(
                          ~~~~~~~~~~~~~~~~~~~~~~~~~~~~~~~~~~~~~~~^
        self,
        ^^^^^
    ...<4 lines>...
        conn,
        ^^^^^
    )
    ^
  File "C:\Users\peps1\OneDrive\Documentos\code\mtg\mtg_price_tracker\.venv\Lib\site-packages\sqlalchemy\orm\context.py", line 306, in orm_execute_statement
    result = conn.execute(
        statement, params or {}, execution_options=execution_options
    )
  File "C:\Users\peps1\OneDrive\Documentos\code\mtg\mtg_price_tracker\.venv\Lib\site-packages\sqlalchemy\engine\base.py", line 1421, in execute
    return meth(
        self,
        distilled_parameters,
        execution_options or NO_OPTIONS,
    )
  File "C:\Users\peps1\OneDrive\Documentos\code\mtg\mtg_price_tracker\.venv\Lib\site-packages\sqlalchemy\sql\elements.py", line 526, in _execute_on_connection
    return connection._execute_clauseelement(
           ~~~~~~~~~~~~~~~~~~~~~~~~~~~~~~~~~^
        self, distilled_params, execution_options
        ^^^^^^^^^^^^^^^^^^^^^^^^^^^^^^^^^^^^^^^^^
    )
    ^
  File "C:\Users\peps1\OneDrive\Documentos\code\mtg\mtg_price_tracker\.venv\Lib\site-packages\sqlalchemy\engine\base.py", line 1643, in _execute_clauseelement
    ret = self._execute_context(
        dialect,
    ...<8 lines>...
        cache_hit=cache_hit,
    )
  File "C:\Users\peps1\OneDrive\Documentos\code\mtg\mtg_price_tracker\.venv\Lib\site-packages\sqlalchemy\engine\base.py", line 1848, in _execute_context
    return self._exec_single_context(
           ~~~~~~~~~~~~~~~~~~~~~~~~~^
        dialect, context, statement, parameters
        ^^^^^^^^^^^^^^^^^^^^^^^^^^^^^^^^^^^^^^^
    )
    ^
  File "C:\Users\peps1\OneDrive\Documentos\code\mtg\mtg_price_tracker\.venv\Lib\site-packages\sqlalchemy\engine\base.py", line 1988, in _exec_single_context
    self._handle_dbapi_exception(
    ~~~~~~~~~~~~~~~~~~~~~~~~~~~~^
        e, str_statement, effective_parameters, cursor, context
        ^^^^^^^^^^^^^^^^^^^^^^^^^^^^^^^^^^^^^^^^^^^^^^^^^^^^^^^
    )
    ^
  File "C:\Users\peps1\OneDrive\Documentos\code\mtg\mtg_price_tracker\.venv\Lib\site-packages\sqlalchemy\engine\base.py", line 2365, in _handle_dbapi_exception
    raise sqlalchemy_exception.with_traceback(exc_info[2]) from e
  File "C:\Users\peps1\OneDrive\Documentos\code\mtg\mtg_price_tracker\.venv\Lib\site-packages\sqlalchemy\engine\base.py", line 1969, in _exec_single_context
    self.dialect.do_execute(
    ~~~~~~~~~~~~~~~~~~~~~~~^
        cursor, str_statement, effective_parameters, context
        ^^^^^^^^^^^^^^^^^^^^^^^^^^^^^^^^^^^^^^^^^^^^^^^^^^^^
    )
    ^
  File "C:\Users\peps1\OneDrive\Documentos\code\mtg\mtg_price_tracker\.venv\Lib\site-packages\sqlalchemy\engine\default.py", line 952, in do_execute
    cursor.execute(statement, parameters)
    ~~~~~~~~~~~~~~^^^^^^^^^^^^^^^^^^^^^^^
sqlalchemy.exc.OperationalError: (sqlite3.OperationalError) no such table: dim_tiendas
[SQL: SELECT dim_tiendas.id AS dim_tiendas_id, dim_tiendas.nombre AS dim_tiendas_nombre, dim_tiendas.url_base AS dim_tiendas_url_base 
FROM dim_tiendas 
WHERE dim_tiendas.url_base = ?
 LIMIT ? OFFSET ?]
[parameters: ('https://www.oasisgames.cl', 1, 0)]
(Background on this error at: https://sqlalche.me/e/20/e3q8)
2026-08-13 21:36:33 | INFO     | __main__ | === PIPELINE FINALIZADO ===

2026-08-13 21:38:02 | INFO     | __main__ | === INICIANDO PIPELINE MTG TRACKER ===
2026-08-13 21:38:02 | INFO     | __main__ | Sincronizando dimensiones (Tiendas y Cartas) en la BD...
2026-08-13 21:38:02 | ERROR    | __main__ | Fallo crítico en el pipeline: (sqlite3.OperationalError) no such table: dim_tiendas
[SQL: SELECT dim_tiendas.id AS dim_tiendas_id, dim_tiendas.nombre AS dim_tiendas_nombre, dim_tiendas.url_base AS dim_tiendas_url_base 
FROM dim_tiendas 
WHERE dim_tiendas.url_base = ?
 LIMIT ? OFFSET ?]
[parameters: ('https://www.oasisgames.cl', 1, 0)]
(Background on this error at: https://sqlalche.me/e/20/e3q8)
Traceback (most recent call last):
  File "C:\Users\peps1\OneDrive\Documentos\code\mtg\mtg_price_tracker\.venv\Lib\site-packages\sqlalchemy\engine\base.py", line 1969, in _exec_single_context
    self.dialect.do_execute(
    ~~~~~~~~~~~~~~~~~~~~~~~^
        cursor, str_statement, effective_parameters, context
        ^^^^^^^^^^^^^^^^^^^^^^^^^^^^^^^^^^^^^^^^^^^^^^^^^^^^
    )
    ^
  File "C:\Users\peps1\OneDrive\Documentos\code\mtg\mtg_price_tracker\.venv\Lib\site-packages\sqlalchemy\engine\default.py", line 952, in do_execute
    cursor.execute(statement, parameters)
    ~~~~~~~~~~~~~~^^^^^^^^^^^^^^^^^^^^^^^
sqlite3.OperationalError: no such table: dim_tiendas

The above exception was the direct cause of the following exception:

Traceback (most recent call last):
  File "C:\Users\peps1\OneDrive\Documentos\code\mtg\mtg_price_tracker\main.py", line 107, in main
    if not session.query(Tienda).filter_by(url_base=url).first():
           ~~~~~~~~~~~~~~~~~~~~~~~~~~~~~~~~~~~~~~~~~~~~~~~~~~~^^
  File "C:\Users\peps1\OneDrive\Documentos\code\mtg\mtg_price_tracker\.venv\Lib\site-packages\sqlalchemy\orm\query.py", line 2766, in first
    return self.limit(1)._iter().first()  # type: ignore
           ~~~~~~~~~~~~~~~~~~~^^
  File "C:\Users\peps1\OneDrive\Documentos\code\mtg\mtg_price_tracker\.venv\Lib\site-packages\sqlalchemy\orm\query.py", line 2864, in _iter
    result: Union[ScalarResult[_T], Result[_T]] = self.session.execute(
                                                  ~~~~~~~~~~~~~~~~~~~~^
        statement,
        ^^^^^^^^^^
        params,
        ^^^^^^^
        execution_options={"_sa_orm_load_options": self.load_options},
        ^^^^^^^^^^^^^^^^^^^^^^^^^^^^^^^^^^^^^^^^^^^^^^^^^^^^^^^^^^^^^^
    )
    ^
  File "C:\Users\peps1\OneDrive\Documentos\code\mtg\mtg_price_tracker\.venv\Lib\site-packages\sqlalchemy\orm\session.py", line 2373, in execute
    return self._execute_internal(
           ~~~~~~~~~~~~~~~~~~~~~~^
        statement,
        ^^^^^^^^^^
    ...<4 lines>...
        _add_event=_add_event,
        ^^^^^^^^^^^^^^^^^^^^^^
    )
    ^
  File "C:\Users\peps1\OneDrive\Documentos\code\mtg\mtg_price_tracker\.venv\Lib\site-packages\sqlalchemy\orm\session.py", line 2271, in _execute_internal
    result: Result[Any] = compile_state_cls.orm_execute_statement(
                          ~~~~~~~~~~~~~~~~~~~~~~~~~~~~~~~~~~~~~~~^
        self,
        ^^^^^
    ...<4 lines>...
        conn,
        ^^^^^
    )
    ^
  File "C:\Users\peps1\OneDrive\Documentos\code\mtg\mtg_price_tracker\.venv\Lib\site-packages\sqlalchemy\orm\context.py", line 306, in orm_execute_statement
    result = conn.execute(
        statement, params or {}, execution_options=execution_options
    )
  File "C:\Users\peps1\OneDrive\Documentos\code\mtg\mtg_price_tracker\.venv\Lib\site-packages\sqlalchemy\engine\base.py", line 1421, in execute
    return meth(
        self,
        distilled_parameters,
        execution_options or NO_OPTIONS,
    )
  File "C:\Users\peps1\OneDrive\Documentos\code\mtg\mtg_price_tracker\.venv\Lib\site-packages\sqlalchemy\sql\elements.py", line 526, in _execute_on_connection
    return connection._execute_clauseelement(
           ~~~~~~~~~~~~~~~~~~~~~~~~~~~~~~~~~^
        self, distilled_params, execution_options
        ^^^^^^^^^^^^^^^^^^^^^^^^^^^^^^^^^^^^^^^^^
    )
    ^
  File "C:\Users\peps1\OneDrive\Documentos\code\mtg\mtg_price_tracker\.venv\Lib\site-packages\sqlalchemy\engine\base.py", line 1643, in _execute_clauseelement
    ret = self._execute_context(
        dialect,
    ...<8 lines>...
        cache_hit=cache_hit,
    )
  File "C:\Users\peps1\OneDrive\Documentos\code\mtg\mtg_price_tracker\.venv\Lib\site-packages\sqlalchemy\engine\base.py", line 1848, in _execute_context
    return self._exec_single_context(
           ~~~~~~~~~~~~~~~~~~~~~~~~~^
        dialect, context, statement, parameters
        ^^^^^^^^^^^^^^^^^^^^^^^^^^^^^^^^^^^^^^^
    )
    ^
  File "C:\Users\peps1\OneDrive\Documentos\code\mtg\mtg_price_tracker\.venv\Lib\site-packages\sqlalchemy\engine\base.py", line 1988, in _exec_single_context
    self._handle_dbapi_exception(
    ~~~~~~~~~~~~~~~~~~~~~~~~~~~~^
        e, str_statement, effective_parameters, cursor, context
        ^^^^^^^^^^^^^^^^^^^^^^^^^^^^^^^^^^^^^^^^^^^^^^^^^^^^^^^
    )
    ^
  File "C:\Users\peps1\OneDrive\Documentos\code\mtg\mtg_price_tracker\.venv\Lib\site-packages\sqlalchemy\engine\base.py", line 2365, in _handle_dbapi_exception
    raise sqlalchemy_exception.with_traceback(exc_info[2]) from e
  File "C:\Users\peps1\OneDrive\Documentos\code\mtg\mtg_price_tracker\.venv\Lib\site-packages\sqlalchemy\engine\base.py", line 1969, in _exec_single_context
    self.dialect.do_execute(
    ~~~~~~~~~~~~~~~~~~~~~~~^
        cursor, str_statement, effective_parameters, context
        ^^^^^^^^^^^^^^^^^^^^^^^^^^^^^^^^^^^^^^^^^^^^^^^^^^^^
    )
    ^
  File "C:\Users\peps1\OneDrive\Documentos\code\mtg\mtg_price_tracker\.venv\Lib\site-packages\sqlalchemy\engine\default.py", line 952, in do_execute
    cursor.execute(statement, parameters)
    ~~~~~~~~~~~~~~^^^^^^^^^^^^^^^^^^^^^^^
sqlalchemy.exc.OperationalError: (sqlite3.OperationalError) no such table: dim_tiendas
[SQL: SELECT dim_tiendas.id AS dim_tiendas_id, dim_tiendas.nombre AS dim_tiendas_nombre, dim_tiendas.url_base AS dim_tiendas_url_base 
FROM dim_tiendas 
WHERE dim_tiendas.url_base = ?
 LIMIT ? OFFSET ?]
[parameters: ('https://www.oasisgames.cl', 1, 0)]
(Background on this error at: https://sqlalche.me/e/20/e3q8)
2026-08-13 21:38:02 | INFO     | __main__ | === PIPELINE FINALIZADO ===

2026-08-13 21:38:22 | INFO     | __main__ | === INICIANDO PIPELINE MTG TRACKER ===
2026-08-13 21:38:22 | INFO     | __main__ | Sincronizando dimensiones (Tiendas y Cartas) en la BD...
2026-08-13 21:38:22 | INFO     | src.extractors.shopify | Iniciando extracción asíncrona: 1 cartas en 3 tiendas.
2026-08-13 21:38:23 | WARNING  | src.extractors.shopify | Error de red en https://cardnexus.cl buscando 'Akroma's Memorial': Client error '403 Forbidden' for url 'https://cardnexus.cl/search/suggest.json?q=Akroma%27s%20Memorial&resources[type]=product'
For more information check: https://developer.mozilla.org/en-US/docs/Web/HTTP/Status/403
2026-08-13 21:38:23 | INFO     | src.extractors.shopify | Extracción finalizada. 8 resultados EN STOCK obtenidos.
2026-08-13 21:38:23 | INFO     | __main__ | Aplicando transformaciones RegEx y cargando a la base de datos...
2026-08-13 21:38:23 | INFO     | __main__ | Carga a la base de datos exitosa.
2026-08-13 21:38:23 | INFO     | __main__ | === PIPELINE FINALIZADO ===

2026-08-13 21:46:49 | INFO     | __main__ | === INICIANDO PIPELINE MTG TRACKER ===
2026-08-13 21:46:49 | INFO     | __main__ | Sincronizando dimensiones (Tiendas y Cartas) en la BD...
2026-08-13 21:46:49 | INFO     | src.extractors.shopify | Iniciando extracción asíncrona: 1 cartas en 3 tiendas.
2026-08-13 21:46:50 | WARNING  | src.extractors.shopify | Error de red en https://cardnexus.cl buscando 'Akroma's Memorial': Client error '403 Forbidden' for url 'https://cardnexus.cl/search/suggest.json?q=Akroma%27s%20Memorial&resources[type]=product'
For more information check: https://developer.mozilla.org/en-US/docs/Web/HTTP/Status/403
2026-08-13 21:46:50 | INFO     | src.extractors.shopify | Extracción finalizada. 8 resultados EN STOCK obtenidos.
2026-08-13 21:46:50 | INFO     | __main__ | Aplicando transformaciones RegEx y cargando a la base de datos...
2026-08-13 21:46:50 | INFO     | __main__ | Carga a la base de datos exitosa.
2026-08-13 21:46:50 | INFO     | __main__ | === PIPELINE FINALIZADO ===

2026-08-13 22:03:20 | INFO     | __main__ | === INICIANDO PIPELINE MTG TRACKER ===
2026-08-13 22:03:20 | INFO     | __main__ | Sincronizando dimensiones (Tiendas y Cartas) en la BD...
2026-08-13 22:03:20 | INFO     | src.extractors.shopify | Iniciando extracción asíncrona: 3 cartas en 3 tiendas.
2026-08-13 22:03:24 | WARNING  | src.extractors.shopify | Error de red en https://cardnexus.cl buscando 'Akroma's Memorial': Client error '403 Forbidden' for url 'https://cardnexus.cl/search/suggest.json?q=Akroma%27s%20Memorial&resources[type]=product'
For more information check: https://developer.mozilla.org/en-US/docs/Web/HTTP/Status/403
2026-08-13 22:03:24 | WARNING  | src.extractors.shopify | Error de red en https://cardnexus.cl buscando 'All Is Dust': Client error '403 Forbidden' for url 'https://cardnexus.cl/search/suggest.json?q=All%20Is%20Dust&resources[type]=product'
For more information check: https://developer.mozilla.org/en-US/docs/Web/HTTP/Status/403
2026-08-13 22:03:24 | WARNING  | src.extractors.shopify | Error de red en https://cardnexus.cl buscando 'Arch of Orazca': Client error '403 Forbidden' for url 'https://cardnexus.cl/search/suggest.json?q=Arch%20of%20Orazca&resources[type]=product'
For more information check: https://developer.mozilla.org/en-US/docs/Web/HTTP/Status/403
2026-08-13 22:03:27 | INFO     | src.extractors.shopify | Extracción finalizada. 37 variantes EN STOCK obtenidas.
2026-08-13 22:03:27 | INFO     | __main__ | Aplicando transformaciones RegEx y cargando a la base de datos...
2026-08-13 22:03:27 | INFO     | __main__ | Carga a la base de datos exitosa.
2026-08-13 22:03:27 | INFO     | __main__ | === PIPELINE FINALIZADO ===

2026-08-13 22:16:30 | INFO     | __main__ | === INICIANDO PIPELINE MTG TRACKER ===
2026-08-13 22:16:30 | INFO     | __main__ | Sincronizando dimensiones (Tiendas y Cartas) en la BD...
2026-08-13 22:16:30 | INFO     | src.extractors.shopify | Iniciando extracción asíncrona: 3 cartas en 3 tiendas.
2026-08-13 22:16:32 | WARNING  | src.extractors.shopify | Error HTTP en https://cardnexus.cl buscando 'Arch of Orazca': Client error '403 Forbidden' for url 'https://cardnexus.cl/search?q=Arch%20of%20Orazca'
For more information check: https://developer.mozilla.org/en-US/docs/Web/HTTP/Status/403
2026-08-13 22:16:32 | WARNING  | src.extractors.shopify | Error HTTP en https://cardnexus.cl buscando 'Akroma's Memorial': Client error '403 Forbidden' for url 'https://cardnexus.cl/search?q=Akroma%27s%20Memorial'
For more information check: https://developer.mozilla.org/en-US/docs/Web/HTTP/Status/403
2026-08-13 22:16:32 | WARNING  | src.extractors.shopify | Error HTTP en https://cardnexus.cl buscando 'All Is Dust': Client error '403 Forbidden' for url 'https://cardnexus.cl/search?q=All%20Is%20Dust'
For more information check: https://developer.mozilla.org/en-US/docs/Web/HTTP/Status/403
2026-08-13 22:16:32 | INFO     | src.extractors.shopify | Extracción finalizada. 0 variantes EN STOCK obtenidas.
2026-08-13 22:16:32 | INFO     | __main__ | Aplicando transformaciones RegEx y cargando a la base de datos...
2026-08-13 22:16:32 | INFO     | __main__ | Carga a la base de datos exitosa.
2026-08-13 22:16:32 | WARNING  | __main__ | El pipeline terminó sin datos que mostrar.
2026-08-13 22:16:32 | INFO     | __main__ | === PIPELINE FINALIZADO ===

2026-08-13 22:21:49 | INFO     | __main__ | === INICIANDO PIPELINE MTG TRACKER ===
2026-08-13 22:21:49 | INFO     | __main__ | Sincronizando dimensiones (Tiendas y Cartas) en la BD...
2026-08-13 22:21:49 | ERROR    | __main__ | Fallo crítico en el pipeline: ShopifyExtractor.__init__() got an unexpected keyword argument 'max_conexiones_simultaneas'
Traceback (most recent call last):
  File "C:\Users\peps1\OneDrive\Documentos\code\mtg\mtg_price_tracker\main.py", line 116, in main
    extractor = ShopifyExtractor(max_conexiones_simultaneas=5)
TypeError: ShopifyExtractor.__init__() got an unexpected keyword argument 'max_conexiones_simultaneas'
2026-08-13 22:21:49 | INFO     | __main__ | === PIPELINE FINALIZADO ===

2026-08-13 22:25:13 | INFO     | __main__ | === INICIANDO PIPELINE MTG TRACKER ===
2026-08-13 22:25:13 | INFO     | __main__ | Sincronizando dimensiones (Tiendas y Cartas) en la BD...
2026-08-13 22:25:13 | INFO     | src.extractors.shopify | Iniciando extracción asíncrona (Tiendas concurrentes, Cartas secuenciales): 3 cartas en 2 tiendas.
2026-08-13 22:26:09 | INFO     | src.extractors.shopify | Extracción finalizada. 37 variantes EN STOCK obtenidas.
2026-08-13 22:26:09 | INFO     | __main__ | Aplicando transformaciones RegEx y cargando a la base de datos...
2026-08-13 22:26:09 | INFO     | __main__ | Carga a la base de datos exitosa.
2026-08-13 22:26:09 | INFO     | __main__ | === PIPELINE FINALIZADO ===

2026-08-13 22:41:37 | INFO     | __main__ | === INICIANDO PIPELINE MTG TRACKER ===
2026-08-13 22:41:37 | INFO     | __main__ | Sincronizando dimensiones (Tiendas y Cartas) en la BD...
2026-08-13 22:41:37 | INFO     | src.extractors.shopify | Iniciando extracción asíncrona (Tiendas concurrentes, Cartas secuenciales): 3 cartas en 2 tiendas.
2026-08-13 22:42:32 | INFO     | src.extractors.shopify | Extracción finalizada. 37 variantes EN STOCK obtenidas.
2026-08-13 22:42:32 | INFO     | __main__ | Aplicando transformaciones RegEx y cargando a la base de datos...
2026-08-13 22:42:32 | INFO     | __main__ | Omitiendo carta en estado MP: Arch of Orazca [Rivals of Ixalan] - Heavily Played Foil Spanish
2026-08-13 22:42:32 | INFO     | __main__ | Omitiendo carta en estado MP: Akroma's Memorial [Magic 2013] - Moderately Played
2026-08-13 22:42:32 | INFO     | __main__ | Omitiendo carta en estado DM: Akroma's Memorial [Magic 2013] - Damaged Spanish
2026-08-13 22:42:32 | INFO     | __main__ | Omitiendo carta en estado MP: Akroma's Memorial [Future Sight] - Moderately Played
2026-08-13 22:42:32 | INFO     | __main__ | Omitiendo carta en estado MP: All Is Dust [Rise of the Eldrazi] - Moderately Played
2026-08-13 22:42:32 | INFO     | __main__ | Omitiendo carta en estado MP: All Is Dust (Grand Prix) [Grand Prix Promos] - Moderately Played Foil
2026-08-13 22:42:32 | INFO     | __main__ | Omitiendo carta en estado MP: Arch of Orazca [Rivals of Ixalan] - Moderately Played
2026-08-13 22:42:32 | INFO     | __main__ | Carga a la base de datos exitosa.
2026-08-13 22:42:32 | INFO     | __main__ | === PIPELINE FINALIZADO ===

2026-08-13 22:53:31 | INFO     | __main__ | === INICIANDO PIPELINE MTG TRACKER ===
2026-08-13 22:53:31 | INFO     | __main__ | Sincronizando dimensiones (Tiendas y Cartas) en la BD...
2026-08-13 22:53:31 | INFO     | src.extractors.shopify | Iniciando extracción asíncrona (Tiendas concurrentes, Cartas secuenciales): 79 cartas en 2 tiendas.
2026-08-13 23:12:00 | INFO     | src.extractors.shopify | Extracción finalizada. 439 variantes EN STOCK obtenidas.
2026-08-13 23:12:00 | INFO     | __main__ | Aplicando transformaciones RegEx y cargando a la base de datos...
2026-08-13 23:12:00 | INFO     | __main__ | Omitiendo carta en estado MP: Arch of Orazca [Rivals of Ixalan] - Heavily Played Foil Spanish
2026-08-13 23:12:00 | INFO     | __main__ | Omitiendo carta en estado MP: Darksteel Citadel [Darksteel] - Moderately Played
2026-08-13 23:12:00 | INFO     | __main__ | Omitiendo carta en estado MP: Eldrazi Temple [Rise of the Eldrazi] - Moderately Played
2026-08-13 23:12:00 | INFO     | __main__ | Omitiendo carta en estado MP: Hedron Archive [Battle for Zendikar] - Moderately Played Spanish
2026-08-13 23:12:00 | INFO     | __main__ | Omitiendo carta en estado MP: Hedron Archive [Battle for Zendikar] - Heavily Played Spanish
2026-08-13 23:12:00 | INFO     | __main__ | Omitiendo carta en estado MP: Sanctum of Ugin [Battle for Zendikar] - Moderately Played Spanish
2026-08-13 23:12:00 | INFO     | __main__ | Omitiendo carta en estado MP: Scavenger Grounds [Hour of Devastation] - Moderately Played
2026-08-13 23:12:00 | INFO     | __main__ | Omitiendo carta en estado MP: PORTUGUESE Scavenger Grounds [Hour of Devastation] - Moderately Played
2026-08-13 23:12:00 | INFO     | __main__ | Omitiendo carta en estado MP: Shrine of the Forsaken Gods [Battle for Zendikar] - Moderately Played
2026-08-13 23:12:00 | INFO     | __main__ | Omitiendo carta en estado MP: Ugin, the Spirit Dragon [Fate Reforged] - Moderately Played
2026-08-13 23:12:00 | INFO     | __main__ | Omitiendo carta en estado MP: Ugin, the Spirit Dragon [Fate Reforged] - Heavily Played Spanish
2026-08-13 23:12:00 | INFO     | __main__ | Omitiendo carta en estado MP: Urza's Mine (Pulley Embedded in Stone) [Antiquities] - Moderately Played
2026-08-13 23:12:00 | INFO     | __main__ | Omitiendo carta en estado MP: Urza's Mine (Pulley Embedded in Stone) [Antiquities] - Heavily Played
2026-08-13 23:12:00 | INFO     | __main__ | Omitiendo carta en estado MP: Urza's Power Plant (Red Columns) [Antiquities] - Moderately Played
2026-08-13 23:12:00 | INFO     | __main__ | Omitiendo carta en estado MP: Urza's Power Plant (Red Columns) [Antiquities] - Heavily Played
2026-08-13 23:12:00 | INFO     | __main__ | Omitiendo carta en estado MP: Urza's Power Plant (Boiling Rock) [Antiquities] - Moderately Played
2026-08-13 23:12:00 | INFO     | __main__ | Omitiendo carta en estado MP: Urza's Power Plant (Rock in Pot) (Italian) - Centrale Energetica di Urza' [Renaissance] - Moderately Played
2026-08-13 23:12:00 | INFO     | __main__ | Omitiendo carta en estado MP: Urza's Tower (Mountains) [Antiquities] - Moderately Played
2026-08-13 23:12:00 | INFO     | __main__ | Omitiendo carta en estado MP: Wastes (184) (Full Art) [Oath of the Gatewatch] - Moderately Played
2026-08-13 23:12:00 | INFO     | __main__ | Omitiendo carta en estado MP: Wastes (184) (Full Art) [Oath of the Gatewatch] - Moderately Played Spanish
2026-08-13 23:12:00 | INFO     | __main__ | Omitiendo carta en estado MP: Wastes (183) (Full Art) [Oath of the Gatewatch] - Moderately Played
2026-08-13 23:12:00 | INFO     | __main__ | Omitiendo carta en estado DM: Wastes (183) (Full Art) [Oath of the Gatewatch] - Damaged
2026-08-13 23:12:00 | INFO     | __main__ | Omitiendo carta en estado MP: Wastes (183) (Full Art) [Oath of the Gatewatch] - Moderately Played Spanish
2026-08-13 23:12:00 | INFO     | __main__ | Omitiendo carta en estado MP: Llanowar Wastes [Apocalypse] - Heavily Played
2026-08-13 23:12:00 | INFO     | __main__ | Omitiendo carta en estado MP: Wastes (183) [Oath of the Gatewatch] - Moderately Played Spanish
2026-08-13 23:12:00 | INFO     | __main__ | Omitiendo carta en estado MP: Akroma's Memorial [Magic 2013] - Moderately Played
2026-08-13 23:12:00 | INFO     | __main__ | Omitiendo carta en estado DM: Akroma's Memorial [Magic 2013] - Damaged Spanish
2026-08-13 23:12:00 | INFO     | __main__ | Omitiendo carta en estado MP: Akroma's Memorial [Future Sight] - Moderately Played
2026-08-13 23:12:00 | INFO     | __main__ | Omitiendo carta en estado MP: All Is Dust [Rise of the Eldrazi] - Moderately Played
2026-08-13 23:12:00 | INFO     | __main__ | Omitiendo carta en estado MP: All Is Dust (Grand Prix) [Grand Prix Promos] - Moderately Played Foil
2026-08-13 23:12:00 | INFO     | __main__ | Omitiendo carta en estado MP: Arch of Orazca [Rivals of Ixalan] - Moderately Played
2026-08-13 23:12:00 | INFO     | __main__ | Omitiendo carta en estado MP: Coldsteel Heart [Coldsnap] - Moderately Played
2026-08-13 23:12:00 | INFO     | __main__ | Omitiendo carta en estado MP: Coldsteel Heart [Double Masters 2022] - Moderately Played
2026-08-13 23:12:00 | INFO     | __main__ | Omitiendo carta en estado MP: Darksteel Citadel [Darksteel] - Moderately Played
2026-08-13 23:12:00 | INFO     | __main__ | Omitiendo carta en estado MP: Darksteel Citadel [Darksteel] - Heavily Played
2026-08-13 23:12:00 | INFO     | __main__ | Omitiendo carta en estado MP: Darksteel Citadel [Magic 2015] - Heavily Played Foil
2026-08-13 23:12:00 | INFO     | __main__ | Omitiendo carta en estado MP: Darksteel Citadel [Double Masters] - Moderately Played
2026-08-13 23:12:00 | INFO     | __main__ | Omitiendo carta en estado MP: Darksteel Citadel (Retro) [The Brothers' War Commander] - Heavily Played
2026-08-13 23:12:00 | INFO     | __main__ | Omitiendo carta en estado MP: Eye of Ugin [Modern Masters 2015] - Moderately Played
2026-08-13 23:12:00 | INFO     | __main__ | Omitiendo carta en estado MP: Eye of Ugin [Modern Masters 2015] - Heavily Played
2026-08-13 23:12:00 | INFO     | __main__ | Omitiendo carta en estado MP: Eye of Ugin [Judge Gift Cards 2020] - Moderately Played Foil
2026-08-13 23:12:00 | INFO     | __main__ | Omitiendo carta en estado DM: Field of Ruin [Theros Beyond Death] - Damaged
2026-08-13 23:12:00 | INFO     | __main__ | Omitiendo carta en estado MP: Ghost Quarter [Dissension] - Moderately Played
2026-08-13 23:12:00 | INFO     | __main__ | Omitiendo carta en estado DM: Ghost Quarter [Dissension] - Damaged
2026-08-13 23:12:00 | INFO     | __main__ | Omitiendo carta en estado MP: Ghost Quarter [Innistrad] - Moderately Played
2026-08-13 23:12:00 | INFO     | __main__ | Omitiendo carta en estado MP: Ghost Quarter [Commander Anthology Volume II] - Moderately Played
2026-08-13 23:12:00 | INFO     | __main__ | Omitiendo carta en estado MP: Hedron Archive [Dominaria United Commander] - Moderately Played
2026-08-13 23:12:00 | INFO     | __main__ | Omitiendo carta en estado MP: Hedron Archive (Retro) [The Brothers' War Commander] - Moderately Played
2026-08-13 23:12:00 | INFO     | __main__ | Omitiendo carta en estado MP: Inventors' Fair [Kaladesh] - Moderately Played Spanish
2026-08-13 23:12:00 | INFO     | __main__ | Omitiendo carta en estado MP: Inventors' Fair [The List] - Moderately Played
2026-08-13 23:12:00 | INFO     | __main__ | Omitiendo carta en estado DM: Inventors' Fair JAPANESE [Kaladesh] - Damaged
2026-08-13 23:12:00 | INFO     | __main__ | Omitiendo carta en estado MP: It That Betrays [Rise of the Eldrazi] - Moderately Played Spanish
2026-08-13 23:12:00 | INFO     | __main__ | Omitiendo carta en estado MP: Kozilek, Butcher of Truth [Rise of the Eldrazi] - Heavily Played Spanish
2026-08-13 23:12:00 | INFO     | __main__ | Omitiendo carta en estado MP: Kozilek, Butcher of Truth [Modern Masters 2015] - Heavily Played
2026-08-13 23:12:00 | INFO     | __main__ | Omitiendo carta en estado MP: Palladium Myr [Scars of Mirrodin] - Moderately Played Foil
2026-08-13 23:12:00 | INFO     | __main__ | Omitiendo carta en estado MP: Prismatic Lens [Explorers of Ixalan] - Moderately Played
2026-08-13 23:12:00 | INFO     | __main__ | Omitiendo carta en estado MP: Sanctum of Ugin [Battle for Zendikar] - Moderately Played
2026-08-13 23:12:00 | INFO     | __main__ | Omitiendo carta en estado MP: Scavenger Grounds [Hour of Devastation] - Moderately Played
2026-08-13 23:12:00 | INFO     | __main__ | Omitiendo carta en estado MP: Ugin, the Spirit Dragon [Ugin's Fate] - Heavily Played Spanish
2026-08-13 23:12:00 | INFO     | __main__ | Omitiendo carta en estado MP: Ugin, the Spirit Dragon JAPANESE [Fate Reforged] - Heavily Played
2026-08-13 23:12:00 | INFO     | __main__ | Omitiendo carta en estado DM: Ugin's Labyrinth [Modern Horizons 3] - Damaged Foil
2026-08-13 23:12:00 | INFO     | __main__ | Omitiendo carta en estado DM: Ulamog, the Ceaseless Hunger [Battle for Zendikar] - Damaged Foil
2026-08-13 23:12:00 | INFO     | __main__ | Omitiendo carta en estado MP: Ulamog, the Ceaseless Hunger [Battle for Zendikar] - Moderately Played Spanish
2026-08-13 23:12:00 | INFO     | __main__ | Omitiendo carta en estado MP: Ulamog, the Ceaseless Hunger [Battle for Zendikar] - Heavily Played Spanish
2026-08-13 23:12:00 | INFO     | __main__ | Omitiendo carta en estado MP: Ulamog, the Ceaseless Hunger [Battle for Zendikar Prerelease Promos] - Heavily Played Foil Spanish
2026-08-13 23:12:00 | INFO     | __main__ | Omitiendo carta en estado MP: Ulamog, the Ceaseless Hunger PORTUGUESE [Battle for Zendikar] - Moderately Played
2026-08-13 23:12:00 | INFO     | __main__ | Omitiendo carta en estado MP: Ulamog, the Defiler [Modern Horizons 3 Prerelease Promos] - Moderately Played Foil Spanish
2026-08-13 23:12:00 | INFO     | __main__ | Omitiendo carta en estado MP: Ulamog, the Infinite Gyre [Rise of the Eldrazi] - Heavily Played
2026-08-13 23:12:00 | INFO     | __main__ | Omitiendo carta en estado DM: Urza's Mine [Ninth Edition] - Damaged
2026-08-13 23:12:00 | INFO     | __main__ | Omitiendo carta en estado MP: Urza's Mine (Sky Background) [Antiquities] - Heavily Played
2026-08-13 23:12:00 | INFO     | __main__ | Omitiendo carta en estado MP: Urza's Mine (Mine Cart Entering Mouth) [Antiquities] - Moderately Played
2026-08-13 23:12:00 | INFO     | __main__ | Omitiendo carta en estado MP: Urza's Power Plant (Insect) [Antiquities] - Moderately Played
2026-08-13 23:12:00 | INFO     | __main__ | Omitiendo carta en estado MP: Urza's Power Plant (Boiling Rock) [Antiquities] - Moderately Played
2026-08-13 23:12:00 | INFO     | __main__ | Omitiendo carta en estado MP: Urza's Power Plant [Fifth Edition] - Heavily Played
2026-08-13 23:12:00 | INFO     | __main__ | Omitiendo carta en estado MP: Urza's Power Plant [Eighth Edition] - Heavily Played
2026-08-13 23:12:00 | INFO     | __main__ | Omitiendo carta en estado MP: Urza's Power Plant (Heated Sphere) [Antiquities] - Heavily Played
2026-08-13 23:12:00 | INFO     | __main__ | Omitiendo carta en estado DM: Urza's Power Plant (Heated Sphere) [Antiquities] - Damaged
2026-08-13 23:12:00 | INFO     | __main__ | Omitiendo carta en estado MP: Urza's Power Plant (Red Columns) [Antiquities] - Heavily Played
2026-08-13 23:12:00 | INFO     | __main__ | Omitiendo carta en estado MP: Urza's Tower [Fifth Edition] - Heavily Played
2026-08-13 23:12:00 | INFO     | __main__ | Omitiendo carta en estado MP: Urza's Tower (Sunset) [Chronicles] - Moderately Played
2026-08-13 23:12:00 | INFO     | __main__ | Omitiendo carta en estado MP: Urza's Tower [Eighth Edition] - Moderately Played
2026-08-13 23:12:00 | INFO     | __main__ | Omitiendo carta en estado MP: Urza's Tower [Eighth Edition] - Heavily Played
2026-08-13 23:12:00 | INFO     | __main__ | Omitiendo carta en estado MP: Urza's Tower (Mountains) [Antiquities] - Moderately Played
2026-08-13 23:12:00 | INFO     | __main__ | Omitiendo carta en estado MP: Void Winnower [Battle for Zendikar] - Moderately Played
2026-08-13 23:12:00 | INFO     | __main__ | Omitiendo carta en estado MP: Void Winnower [Battle for Zendikar] - Heavily Played Spanish
2026-08-13 23:12:00 | INFO     | __main__ | Omitiendo carta en estado MP: Warping Wail [Oath of the Gatewatch] - Moderately Played Foil
2026-08-13 23:12:00 | INFO     | __main__ | Omitiendo carta en estado MP: Wastes (184) (Full Art) [Oath of the Gatewatch] - Moderately Played
2026-08-13 23:12:00 | INFO     | __main__ | Omitiendo carta en estado MP: Wastes (183) (Full Art) [Oath of the Gatewatch] - Heavily Played
2026-08-13 23:12:00 | INFO     | __main__ | Omitiendo carta en estado MP: Llanowar Wastes [Magic Origins] - Moderately Played
2026-08-13 23:12:00 | INFO     | __main__ | Omitiendo carta en estado MP: Worn Powerstone [Urza's Saga] - Moderately Played
2026-08-13 23:12:00 | INFO     | __main__ | Omitiendo carta en estado MP: Worn Powerstone [Duel Decks: Phyrexia vs. the Coalition] - Moderately Played
2026-08-13 23:12:00 | INFO     | __main__ | Carga a la base de datos exitosa.
2026-08-13 23:12:00 | INFO     | __main__ | === PIPELINE FINALIZADO ===

2026-08-13 23:47:48 | INFO     | __main__ | === INICIANDO PIPELINE MTG TRACKER ===
2026-08-13 23:47:48 | INFO     | __main__ | Sincronizando dimensiones (Tiendas y Cartas) en la BD...
2026-08-13 23:47:48 | INFO     | __main__ | Determinando motor de extracción por tienda...
2026-08-13 23:47:48 | WARNING  | __main__ | No hay extractor configurado para la tienda: https://cardnexus.cl
2026-08-13 23:47:48 | INFO     | __main__ | Aplicando transformaciones RegEx y cargando a la base de datos...
2026-08-13 23:47:48 | INFO     | __main__ | Carga a la base de datos exitosa.
2026-08-13 23:47:48 | WARNING  | __main__ | El pipeline terminó sin datos que mostrar.
2026-08-13 23:47:48 | INFO     | __main__ | === PIPELINE FINALIZADO ===

2026-08-13 23:49:11 | INFO     | __main__ | === INICIANDO PIPELINE MTG TRACKER ===
2026-08-13 23:49:11 | INFO     | __main__ | Sincronizando dimensiones (Tiendas y Cartas) en la BD...
2026-08-13 23:49:11 | INFO     | __main__ | Determinando motor de extracción por tienda...
2026-08-13 23:49:11 | INFO     | __main__ | Ejecutando motor: WooCommerceExtractor para 1 tiendas...
2026-08-13 23:49:11 | INFO     | src.extractors.woocommerce | Iniciando extracción asíncrona WooCommerce: 79 cartas en 1 tiendas.
2026-08-13 23:49:11 | INFO     | src.extractors.woocommerce | [cardnexus.cl] Buscando (1/79): 'Akroma's Memorial'
2026-08-13 23:49:14 | INFO     | src.extractors.woocommerce | [cardnexus.cl] Buscando (2/79): 'All Is Dust'
2026-08-13 23:49:17 | INFO     | src.extractors.woocommerce | [cardnexus.cl] Buscando (3/79): 'Arch of Orazca'
2026-08-13 23:49:19 | INFO     | src.extractors.woocommerce | [cardnexus.cl] Buscando (4/79): 'Artisan of Kozilek'
2026-08-13 23:49:22 | INFO     | src.extractors.woocommerce | [cardnexus.cl] Buscando (5/79): 'Bane of Bala Ged'
2026-08-13 23:49:25 | INFO     | src.extractors.woocommerce | [cardnexus.cl] Buscando (6/79): 'Basalt Monolith'
2026-08-13 23:49:27 | INFO     | src.extractors.woocommerce | [cardnexus.cl] Buscando (7/79): 'Blast Zone'
2026-08-13 23:49:30 | INFO     | src.extractors.woocommerce | [cardnexus.cl] Buscando (8/79): 'Blasted Landscape'
2026-08-13 23:49:33 | INFO     | src.extractors.woocommerce | [cardnexus.cl] Buscando (9/79): 'Bonders' Enclave'
2026-08-13 23:49:35 | INFO     | src.extractors.woocommerce | [cardnexus.cl] Buscando (10/79): 'Breaker of Creation'
2026-08-13 23:49:38 | INFO     | src.extractors.woocommerce | [cardnexus.cl] Buscando (11/79): 'Buried Ruin'
2026-08-13 23:49:41 | INFO     | src.extractors.woocommerce | [cardnexus.cl] Buscando (12/79): 'Cityscape Leveler'
2026-08-13 23:49:43 | INFO     | src.extractors.woocommerce | [cardnexus.cl] Buscando (13/79): 'Coldsteel Heart'
2026-08-13 23:49:46 | INFO     | src.extractors.woocommerce | [cardnexus.cl] Buscando (14/79): 'Darksteel Citadel'
2026-08-13 23:49:49 | INFO     | src.extractors.woocommerce | [cardnexus.cl] Buscando (15/79): 'Darksteel Monolith'
2026-08-13 23:49:51 | INFO     | src.extractors.woocommerce | [cardnexus.cl] Buscando (16/79): 'Desecrate Reality'
2026-08-13 23:49:54 | INFO     | src.extractors.woocommerce | [cardnexus.cl] Buscando (17/79): 'Devourer of Destiny'
2026-08-13 23:49:57 | INFO     | src.extractors.woocommerce | [cardnexus.cl] Buscando (18/79): 'Eldrazi Temple'
2026-08-13 23:49:59 | INFO     | src.extractors.woocommerce | [cardnexus.cl] Buscando (19/79): 'Eldritch Immunity'
2026-08-13 23:50:02 | INFO     | src.extractors.woocommerce | [cardnexus.cl] Buscando (20/79): 'Emrakul, the Promised End'
2026-08-13 23:50:06 | INFO     | src.extractors.woocommerce | [cardnexus.cl] Buscando (21/79): 'Emrakul, the World Anew'
2026-08-13 23:50:08 | INFO     | src.extractors.woocommerce | [cardnexus.cl] Buscando (22/79): 'Eye of Ugin'
2026-08-13 23:50:11 | INFO     | src.extractors.woocommerce | [cardnexus.cl] Buscando (23/79): 'Field of Ruin'
2026-08-13 23:50:14 | INFO     | src.extractors.woocommerce | [cardnexus.cl] Buscando (24/79): 'Fomori Vault'
2026-08-13 23:50:16 | INFO     | src.extractors.woocommerce | [cardnexus.cl] Buscando (25/79): 'Forsaken Monument'
2026-08-13 23:50:19 | INFO     | src.extractors.woocommerce | [cardnexus.cl] Buscando (26/79): 'Fractured Powerstone'
2026-08-13 23:50:22 | INFO     | src.extractors.woocommerce | [cardnexus.cl] Buscando (27/79): 'Ghost Quarter'
2026-08-13 23:50:24 | INFO     | src.extractors.woocommerce | [cardnexus.cl] Buscando (28/79): 'Glaring Fleshraker'
2026-08-13 23:50:27 | INFO     | src.extractors.woocommerce | [cardnexus.cl] Buscando (29/79): 'Green Dragon Inn'
2026-08-13 23:50:30 | INFO     | src.extractors.woocommerce | [cardnexus.cl] Buscando (30/79): 'H.E.R.B.I.E., Lovable Robot'
2026-08-13 23:50:32 | INFO     | src.extractors.woocommerce | [cardnexus.cl] Buscando (31/79): 'Hedron Archive'
2026-08-13 23:50:35 | INFO     | src.extractors.woocommerce | [cardnexus.cl] Buscando (32/79): 'Hedron Crawler'
2026-08-13 23:50:38 | INFO     | src.extractors.woocommerce | [cardnexus.cl] Buscando (33/79): 'Inventors' Fair'
2026-08-13 23:50:40 | INFO     | src.extractors.woocommerce | [cardnexus.cl] Buscando (34/79): 'It That Betrays'
2026-08-13 23:50:43 | INFO     | src.extractors.woocommerce | [cardnexus.cl] Buscando (35/79): 'It That Heralds the End'
2026-08-13 23:50:46 | INFO     | src.extractors.woocommerce | [cardnexus.cl] Buscando (36/79): 'Jhoira's Familiar'
2026-08-13 23:50:49 | INFO     | src.extractors.woocommerce | [cardnexus.cl] Buscando (37/79): 'Kozilek, Butcher of Truth'
2026-08-13 23:50:51 | INFO     | src.extractors.woocommerce | [cardnexus.cl] Buscando (38/79): 'Kozilek, the Great Distortion'
2026-08-13 23:50:54 | INFO     | src.extractors.woocommerce | [cardnexus.cl] Buscando (39/79): 'Manakin'
2026-08-13 23:50:57 | INFO     | src.extractors.woocommerce | [cardnexus.cl] Buscando (40/79): 'Myr Convert'
2026-08-13 23:50:59 | INFO     | src.extractors.woocommerce | [cardnexus.cl] Buscando (41/79): 'Not of This World'
2026-08-13 23:51:02 | INFO     | src.extractors.woocommerce | [cardnexus.cl] Buscando (42/79): 'Ornithopter of Paradise'
2026-08-13 23:51:05 | INFO     | src.extractors.woocommerce | [cardnexus.cl] Buscando (43/79): 'Page, Loose Leaf'
2026-08-13 23:51:07 | INFO     | src.extractors.woocommerce | [cardnexus.cl] Buscando (44/79): 'Palladium Myr'
2026-08-13 23:51:10 | INFO     | src.extractors.woocommerce | [cardnexus.cl] Buscando (45/79): 'Plague Myr'
2026-08-13 23:51:13 | INFO     | src.extractors.woocommerce | [cardnexus.cl] Buscando (46/79): 'Planar Nexus'
2026-08-13 23:51:15 | INFO     | src.extractors.woocommerce | [cardnexus.cl] Buscando (47/79): 'Portal to Phyrexia'
2026-08-13 23:51:18 | INFO     | src.extractors.woocommerce | [cardnexus.cl] Buscando (48/79): 'Prismatic Lens'
2026-08-13 23:51:21 | INFO     | src.extractors.woocommerce | [cardnexus.cl] Buscando (49/79): 'Sanctum of Ugin'
2026-08-13 23:51:23 | INFO     | src.extractors.woocommerce | [cardnexus.cl] Buscando (50/79): 'Scavenger Grounds'
2026-08-13 23:51:26 | INFO     | src.extractors.woocommerce | [cardnexus.cl] Buscando (51/79): 'Shrine of the Forsaken Gods'
2026-08-13 23:51:29 | INFO     | src.extractors.woocommerce | [cardnexus.cl] Buscando (52/79): 'Solar Transformer'
2026-08-13 23:51:31 | INFO     | src.extractors.woocommerce | [cardnexus.cl] Buscando (53/79): 'Solemn Simulacrum'
2026-08-13 23:51:34 | INFO     | src.extractors.woocommerce | [cardnexus.cl] Buscando (54/79): 'Spawnbed Protector'
2026-08-13 23:51:37 | INFO     | src.extractors.woocommerce | [cardnexus.cl] Buscando (55/79): 'Stonespeaker Crystal'
2026-08-13 23:51:39 | INFO     | src.extractors.woocommerce | [cardnexus.cl] Buscando (56/79): 'Summon: Bahamut'
2026-08-13 23:51:42 | INFO     | src.extractors.woocommerce | [cardnexus.cl] Buscando (57/79): 'The Irencrag'
2026-08-13 23:51:44 | INFO     | src.extractors.woocommerce | [cardnexus.cl] Buscando (58/79): 'Tomb of the Spirit Dragon'
2026-08-13 23:51:47 | INFO     | src.extractors.woocommerce | [cardnexus.cl] Buscando (59/79): 'Ugin, Eye of the Storms'
2026-08-13 23:51:50 | INFO     | src.extractors.woocommerce | [cardnexus.cl] Buscando (60/79): 'Ugin, the Spirit Dragon'
2026-08-13 23:51:52 | INFO     | src.extractors.woocommerce | [cardnexus.cl] Buscando (61/79): 'Ugin's Labyrinth'
2026-08-13 23:51:55 | INFO     | src.extractors.woocommerce | [cardnexus.cl] Buscando (62/79): 'Ulamog, the Ceaseless Hunger'
2026-08-13 23:51:58 | INFO     | src.extractors.woocommerce | [cardnexus.cl] Buscando (63/79): 'Ulamog, the Defiler'
2026-08-13 23:52:00 | INFO     | src.extractors.woocommerce | [cardnexus.cl] Buscando (64/79): 'Ulamog, the Infinite Gyre'
2026-08-13 23:52:03 | INFO     | src.extractors.woocommerce | [cardnexus.cl] Buscando (65/79): 'Ultima, Origin of Oblivion'
2026-08-13 23:52:06 | INFO     | src.extractors.woocommerce | [cardnexus.cl] Buscando (66/79): 'Urza's Cave'
2026-08-13 23:52:09 | INFO     | src.extractors.woocommerce | [cardnexus.cl] Buscando (67/79): 'Urza's Mine'
2026-08-13 23:52:11 | INFO     | src.extractors.woocommerce | [cardnexus.cl] Buscando (68/79): 'Urza's Power Plant'
2026-08-13 23:52:13 | INFO     | src.extractors.woocommerce | [cardnexus.cl] Buscando (69/79): 'Urza's Tower'
2026-08-13 23:52:15 | INFO     | src.extractors.woocommerce | [cardnexus.cl] Buscando (70/79): 'Urza's Workshop'
2026-08-13 23:52:17 | INFO     | src.extractors.woocommerce | [cardnexus.cl] Buscando (71/79): 'Vibranium Dynamo'
2026-08-13 23:52:20 | INFO     | src.extractors.woocommerce | [cardnexus.cl] Buscando (72/79): 'Void Winnower'
2026-08-13 23:52:23 | INFO     | src.extractors.woocommerce | [cardnexus.cl] Buscando (73/79): 'Volatile Fault'
2026-08-13 23:52:25 | INFO     | src.extractors.woocommerce | [cardnexus.cl] Buscando (74/79): 'War Room'
2026-08-13 23:52:28 | INFO     | src.extractors.woocommerce | [cardnexus.cl] Buscando (75/79): 'Warping Wail'
2026-08-13 23:52:31 | INFO     | src.extractors.woocommerce | [cardnexus.cl] Buscando (76/79): 'Wastes'
2026-08-13 23:52:34 | INFO     | src.extractors.woocommerce | [cardnexus.cl] Buscando (77/79): 'Wayfarer's Bauble'
2026-08-13 23:52:36 | INFO     | src.extractors.woocommerce | [cardnexus.cl] Buscando (78/79): 'Worn Powerstone'
2026-08-13 23:52:39 | INFO     | src.extractors.woocommerce | [cardnexus.cl] Buscando (79/79): 'Zhalfirin Void'
2026-08-13 23:52:40 | INFO     | __main__ | Aplicando transformaciones RegEx y cargando a la base de datos...
2026-08-13 23:52:40 | INFO     | __main__ | Omitiendo carta en estado MP: Darksteel Citadel [Español MP No Foil]
2026-08-13 23:52:40 | INFO     | __main__ | Omitiendo carta en estado MP: Darksteel Citadel [Español MP No Foil]
2026-08-13 23:52:40 | INFO     | __main__ | Omitiendo carta en estado MP: Hedron Archive [Inglés MP No Foil]
2026-08-13 23:52:40 | INFO     | __main__ | Omitiendo carta en estado MP: Solemn Simulacrum [Español MP No Foil]
2026-08-13 23:52:40 | INFO     | __main__ | Carga a la base de datos exitosa.
2026-08-13 23:52:40 | INFO     | __main__ | === PIPELINE FINALIZADO ===

2026-08-13 23:59:21 | INFO     | __main__ | === INICIANDO PIPELINE MTG TRACKER ===
2026-08-13 23:59:21 | INFO     | __main__ | Sincronizando dimensiones (Tiendas y Cartas) en la BD...
2026-08-13 23:59:21 | INFO     | __main__ | Determinando motor de extracción por tienda...
2026-08-13 23:59:21 | INFO     | __main__ | Ejecutando motor: ShopifyExtractor para 2 tiendas...
2026-08-13 23:59:21 | INFO     | src.extractors.shopify | Iniciando extracción asíncrona (Tiendas concurrentes, Cartas secuenciales): 5 cartas en 2 tiendas.
2026-08-13 23:59:21 | INFO     | src.extractors.shopify | [oasisgames.cl] Buscando (1/5): 'Akroma's Memorial'
2026-08-13 23:59:21 | INFO     | src.extractors.shopify | [paytowin.cl] Buscando (1/5): 'Akroma's Memorial'
2026-08-13 23:59:34 | INFO     | src.extractors.shopify | [oasisgames.cl] Buscando (2/5): 'All Is Dust'
2026-08-13 23:59:38 | INFO     | src.extractors.shopify | [paytowin.cl] Buscando (2/5): 'All Is Dust'
2026-08-13 23:59:53 | INFO     | src.extractors.shopify | [oasisgames.cl] Buscando (3/5): 'Arch of Orazca'
2026-08-13 23:59:59 | INFO     | src.extractors.shopify | [paytowin.cl] Buscando (3/5): 'Arch of Orazca'
2026-08-14 00:00:08 | INFO     | src.extractors.shopify | [oasisgames.cl] Buscando (4/5): 'Artisan of Kozilek'
2026-08-14 00:00:16 | INFO     | src.extractors.shopify | [paytowin.cl] Buscando (4/5): 'Artisan of Kozilek'
2026-08-14 00:00:28 | INFO     | src.extractors.shopify | [oasisgames.cl] Buscando (5/5): 'Bane of Bala Ged'
2026-08-14 00:00:36 | INFO     | src.extractors.shopify | [paytowin.cl] Buscando (5/5): 'Bane of Bala Ged'
2026-08-14 00:00:40 | INFO     | src.extractors.shopify | Extracción finalizada. 38 variantes EN STOCK obtenidas.
2026-08-14 00:00:40 | INFO     | __main__ | Ejecutando motor: WooCommerceExtractor para 1 tiendas...
2026-08-14 00:00:40 | INFO     | src.extractors.woocommerce | Iniciando extracción asíncrona WooCommerce: 5 cartas en 1 tiendas.
2026-08-14 00:00:41 | INFO     | src.extractors.woocommerce | [cardnexus.cl] Buscando (1/5): 'Akroma's Memorial'
2026-08-14 00:00:44 | INFO     | src.extractors.woocommerce | [cardnexus.cl] Buscando (2/5): 'All Is Dust'
2026-08-14 00:00:46 | INFO     | src.extractors.woocommerce | [cardnexus.cl] Buscando (3/5): 'Arch of Orazca'
2026-08-14 00:00:49 | INFO     | src.extractors.woocommerce | [cardnexus.cl] Buscando (4/5): 'Artisan of Kozilek'
2026-08-14 00:00:52 | INFO     | src.extractors.woocommerce | [cardnexus.cl] Buscando (5/5): 'Bane of Bala Ged'
2026-08-14 00:00:52 | INFO     | __main__ | Aplicando transformaciones RegEx y cargando a la base de datos...
2026-08-14 00:00:52 | INFO     | __main__ | Omitiendo carta en estado MP: Arch of Orazca [Rivals of Ixalan] - Heavily Played Foil Spanish
2026-08-14 00:00:52 | INFO     | __main__ | Omitiendo carta en estado MP: Akroma's Memorial [Magic 2013] - Moderately Played
2026-08-14 00:00:52 | INFO     | __main__ | Omitiendo carta en estado DM: Akroma's Memorial [Magic 2013] - Damaged Spanish
2026-08-14 00:00:52 | INFO     | __main__ | Omitiendo carta en estado MP: Akroma's Memorial [Future Sight] - Moderately Played
2026-08-14 00:00:52 | INFO     | __main__ | Omitiendo carta en estado MP: All Is Dust [Rise of the Eldrazi] - Moderately Played
2026-08-14 00:00:52 | INFO     | __main__ | Omitiendo carta en estado MP: All Is Dust (Grand Prix) [Grand Prix Promos] - Moderately Played Foil
2026-08-14 00:00:52 | INFO     | __main__ | Omitiendo carta en estado MP: Arch of Orazca [Rivals of Ixalan] - Moderately Played
2026-08-14 00:00:52 | INFO     | __main__ | Carga a la base de datos exitosa.
2026-08-14 00:00:52 | INFO     | __main__ | === PIPELINE FINALIZADO ===

2026-08-14 00:06:33 | INFO     | __main__ | === INICIANDO PIPELINE MTG TRACKER ===
2026-08-14 00:06:33 | INFO     | __main__ | Sincronizando dimensiones (Tiendas y Cartas) en la BD...
2026-08-14 00:06:33 | ERROR    | __main__ | Fallo crítico en el pipeline: (sqlite3.OperationalError) no such table: dim_tiendas
[SQL: SELECT dim_tiendas.id AS dim_tiendas_id, dim_tiendas.nombre AS dim_tiendas_nombre, dim_tiendas.url_base AS dim_tiendas_url_base 
FROM dim_tiendas 
WHERE dim_tiendas.url_base = ?
 LIMIT ? OFFSET ?]
[parameters: ('https://www.oasisgames.cl', 1, 0)]
(Background on this error at: https://sqlalche.me/e/20/e3q8)
Traceback (most recent call last):
  File "C:\Users\peps1\OneDrive\Documentos\code\mtg\mtg_price_tracker\.venv\Lib\site-packages\sqlalchemy\engine\base.py", line 1969, in _exec_single_context
    self.dialect.do_execute(
    ~~~~~~~~~~~~~~~~~~~~~~~^
        cursor, str_statement, effective_parameters, context
        ^^^^^^^^^^^^^^^^^^^^^^^^^^^^^^^^^^^^^^^^^^^^^^^^^^^^
    )
    ^
  File "C:\Users\peps1\OneDrive\Documentos\code\mtg\mtg_price_tracker\.venv\Lib\site-packages\sqlalchemy\engine\default.py", line 952, in do_execute
    cursor.execute(statement, parameters)
    ~~~~~~~~~~~~~~^^^^^^^^^^^^^^^^^^^^^^^
sqlite3.OperationalError: no such table: dim_tiendas

The above exception was the direct cause of the following exception:

Traceback (most recent call last):
  File "C:\Users\peps1\OneDrive\Documentos\code\mtg\mtg_price_tracker\main.py", line 109, in main
    if not session.query(Tienda).filter_by(url_base=url).first():
           ~~~~~~~~~~~~~~~~~~~~~~~~~~~~~~~~~~~~~~~~~~~~~~~~~~~^^
  File "C:\Users\peps1\OneDrive\Documentos\code\mtg\mtg_price_tracker\.venv\Lib\site-packages\sqlalchemy\orm\query.py", line 2766, in first
    return self.limit(1)._iter().first()  # type: ignore
           ~~~~~~~~~~~~~~~~~~~^^
  File "C:\Users\peps1\OneDrive\Documentos\code\mtg\mtg_price_tracker\.venv\Lib\site-packages\sqlalchemy\orm\query.py", line 2864, in _iter
    result: Union[ScalarResult[_T], Result[_T]] = self.session.execute(
                                                  ~~~~~~~~~~~~~~~~~~~~^
        statement,
        ^^^^^^^^^^
        params,
        ^^^^^^^
        execution_options={"_sa_orm_load_options": self.load_options},
        ^^^^^^^^^^^^^^^^^^^^^^^^^^^^^^^^^^^^^^^^^^^^^^^^^^^^^^^^^^^^^^
    )
    ^
  File "C:\Users\peps1\OneDrive\Documentos\code\mtg\mtg_price_tracker\.venv\Lib\site-packages\sqlalchemy\orm\session.py", line 2373, in execute
    return self._execute_internal(
           ~~~~~~~~~~~~~~~~~~~~~~^
        statement,
        ^^^^^^^^^^
    ...<4 lines>...
        _add_event=_add_event,
        ^^^^^^^^^^^^^^^^^^^^^^
    )
    ^
  File "C:\Users\peps1\OneDrive\Documentos\code\mtg\mtg_price_tracker\.venv\Lib\site-packages\sqlalchemy\orm\session.py", line 2271, in _execute_internal
    result: Result[Any] = compile_state_cls.orm_execute_statement(
                          ~~~~~~~~~~~~~~~~~~~~~~~~~~~~~~~~~~~~~~~^
        self,
        ^^^^^
    ...<4 lines>...
        conn,
        ^^^^^
    )
    ^
  File "C:\Users\peps1\OneDrive\Documentos\code\mtg\mtg_price_tracker\.venv\Lib\site-packages\sqlalchemy\orm\context.py", line 306, in orm_execute_statement
    result = conn.execute(
        statement, params or {}, execution_options=execution_options
    )
  File "C:\Users\peps1\OneDrive\Documentos\code\mtg\mtg_price_tracker\.venv\Lib\site-packages\sqlalchemy\engine\base.py", line 1421, in execute
    return meth(
        self,
        distilled_parameters,
        execution_options or NO_OPTIONS,
    )
  File "C:\Users\peps1\OneDrive\Documentos\code\mtg\mtg_price_tracker\.venv\Lib\site-packages\sqlalchemy\sql\elements.py", line 526, in _execute_on_connection
    return connection._execute_clauseelement(
           ~~~~~~~~~~~~~~~~~~~~~~~~~~~~~~~~~^
        self, distilled_params, execution_options
        ^^^^^^^^^^^^^^^^^^^^^^^^^^^^^^^^^^^^^^^^^
    )
    ^
  File "C:\Users\peps1\OneDrive\Documentos\code\mtg\mtg_price_tracker\.venv\Lib\site-packages\sqlalchemy\engine\base.py", line 1643, in _execute_clauseelement
    ret = self._execute_context(
        dialect,
    ...<8 lines>...
        cache_hit=cache_hit,
    )
  File "C:\Users\peps1\OneDrive\Documentos\code\mtg\mtg_price_tracker\.venv\Lib\site-packages\sqlalchemy\engine\base.py", line 1848, in _execute_context
    return self._exec_single_context(
           ~~~~~~~~~~~~~~~~~~~~~~~~~^
        dialect, context, statement, parameters
        ^^^^^^^^^^^^^^^^^^^^^^^^^^^^^^^^^^^^^^^
    )
    ^
  File "C:\Users\peps1\OneDrive\Documentos\code\mtg\mtg_price_tracker\.venv\Lib\site-packages\sqlalchemy\engine\base.py", line 1988, in _exec_single_context
    self._handle_dbapi_exception(
    ~~~~~~~~~~~~~~~~~~~~~~~~~~~~^
        e, str_statement, effective_parameters, cursor, context
        ^^^^^^^^^^^^^^^^^^^^^^^^^^^^^^^^^^^^^^^^^^^^^^^^^^^^^^^
    )
    ^
  File "C:\Users\peps1\OneDrive\Documentos\code\mtg\mtg_price_tracker\.venv\Lib\site-packages\sqlalchemy\engine\base.py", line 2365, in _handle_dbapi_exception
    raise sqlalchemy_exception.with_traceback(exc_info[2]) from e
  File "C:\Users\peps1\OneDrive\Documentos\code\mtg\mtg_price_tracker\.venv\Lib\site-packages\sqlalchemy\engine\base.py", line 1969, in _exec_single_context
    self.dialect.do_execute(
    ~~~~~~~~~~~~~~~~~~~~~~~^
        cursor, str_statement, effective_parameters, context
        ^^^^^^^^^^^^^^^^^^^^^^^^^^^^^^^^^^^^^^^^^^^^^^^^^^^^
    )
    ^
  File "C:\Users\peps1\OneDrive\Documentos\code\mtg\mtg_price_tracker\.venv\Lib\site-packages\sqlalchemy\engine\default.py", line 952, in do_execute
    cursor.execute(statement, parameters)
    ~~~~~~~~~~~~~~^^^^^^^^^^^^^^^^^^^^^^^
sqlalchemy.exc.OperationalError: (sqlite3.OperationalError) no such table: dim_tiendas
[SQL: SELECT dim_tiendas.id AS dim_tiendas_id, dim_tiendas.nombre AS dim_tiendas_nombre, dim_tiendas.url_base AS dim_tiendas_url_base 
FROM dim_tiendas 
WHERE dim_tiendas.url_base = ?
 LIMIT ? OFFSET ?]
[parameters: ('https://www.oasisgames.cl', 1, 0)]
(Background on this error at: https://sqlalche.me/e/20/e3q8)
2026-08-14 00:06:33 | INFO     | __main__ | === PIPELINE FINALIZADO ===

2026-08-14 00:08:59 | INFO     | __main__ | === INICIANDO PIPELINE MTG TRACKER ===
2026-08-14 00:08:59 | INFO     | __main__ | Sincronizando dimensiones (Tiendas y Cartas) en la BD...
2026-08-14 00:08:59 | INFO     | __main__ | Determinando motor de extracción por tienda...
2026-08-14 00:08:59 | INFO     | __main__ | Ejecutando motor: ShopifyExtractor para 2 tiendas...
2026-08-14 00:08:59 | INFO     | src.extractors.shopify | Iniciando extracción asíncrona (Tiendas concurrentes, Cartas secuenciales): 5 cartas en 2 tiendas.
2026-08-14 00:08:59 | INFO     | src.extractors.shopify | [oasisgames.cl] Buscando (1/5): 'Akroma's Memorial'
2026-08-14 00:08:59 | INFO     | src.extractors.shopify | [paytowin.cl] Buscando (1/5): 'Akroma's Memorial'
2026-08-14 00:09:13 | INFO     | src.extractors.shopify | [oasisgames.cl] Buscando (2/5): 'All Is Dust'
2026-08-14 00:09:16 | INFO     | src.extractors.shopify | [paytowin.cl] Buscando (2/5): 'All Is Dust'
2026-08-14 00:09:31 | INFO     | src.extractors.shopify | [oasisgames.cl] Buscando (3/5): 'Arch of Orazca'
2026-08-14 00:09:37 | INFO     | src.extractors.shopify | [paytowin.cl] Buscando (3/5): 'Arch of Orazca'
2026-08-14 00:09:46 | INFO     | src.extractors.shopify | [oasisgames.cl] Buscando (4/5): 'Artisan of Kozilek'
2026-08-14 00:09:54 | INFO     | src.extractors.shopify | [paytowin.cl] Buscando (4/5): 'Artisan of Kozilek'
2026-08-14 00:10:07 | INFO     | src.extractors.shopify | [oasisgames.cl] Buscando (5/5): 'Bane of Bala Ged'
2026-08-14 00:10:15 | INFO     | src.extractors.shopify | [paytowin.cl] Buscando (5/5): 'Bane of Bala Ged'
2026-08-14 00:10:19 | INFO     | src.extractors.shopify | Extracción finalizada. 38 variantes EN STOCK obtenidas.
2026-08-14 00:10:19 | INFO     | __main__ | Ejecutando motor: WooCommerceExtractor para 1 tiendas...
2026-08-14 00:10:19 | INFO     | src.extractors.woocommerce | Iniciando extracción asíncrona WooCommerce: 5 cartas en 1 tiendas.
2026-08-14 00:10:19 | INFO     | src.extractors.woocommerce | [cardnexus.cl] Buscando (1/5): 'Akroma's Memorial'
2026-08-14 00:10:22 | INFO     | src.extractors.woocommerce | [cardnexus.cl] Buscando (2/5): 'All Is Dust'
2026-08-14 00:10:25 | INFO     | src.extractors.woocommerce | [cardnexus.cl] Buscando (3/5): 'Arch of Orazca'
2026-08-14 00:10:27 | INFO     | src.extractors.woocommerce | [cardnexus.cl] Buscando (4/5): 'Artisan of Kozilek'
2026-08-14 00:10:30 | INFO     | src.extractors.woocommerce | [cardnexus.cl] Buscando (5/5): 'Bane of Bala Ged'
2026-08-14 00:10:31 | INFO     | __main__ | Aplicando transformaciones RegEx y cargando a la base de datos...
2026-08-14 00:10:31 | INFO     | __main__ | Omitiendo carta (Estado: MP | Idioma: ES): Arch of Orazca [Rivals of Ixalan] - Heavily Played Foil Spanish
2026-08-14 00:10:31 | INFO     | __main__ | Omitiendo carta (Estado: MP | Idioma: EN): Akroma's Memorial [Magic 2013] - Moderately Played
2026-08-14 00:10:31 | INFO     | __main__ | Omitiendo carta (Estado: DM | Idioma: ES): Akroma's Memorial [Magic 2013] - Damaged Spanish
2026-08-14 00:10:31 | INFO     | __main__ | Omitiendo carta (Estado: MP | Idioma: EN): Akroma's Memorial [Future Sight] - Moderately Played
2026-08-14 00:10:31 | INFO     | __main__ | Omitiendo carta (Estado: LP | Idioma: CN): Akroma's Memorial CHINESE [Magic 2013] - Lightly Played
2026-08-14 00:10:31 | INFO     | __main__ | Omitiendo carta (Estado: MP | Idioma: EN): All Is Dust [Rise of the Eldrazi] - Moderately Played
2026-08-14 00:10:31 | INFO     | __main__ | Omitiendo carta (Estado: NM | Idioma: JP): All Is Dust JAPANESE [Modern Masters 2015] - Near Mint
2026-08-14 00:10:31 | INFO     | __main__ | Omitiendo carta (Estado: MP | Idioma: EN): All Is Dust (Grand Prix) [Grand Prix Promos] - Moderately Played Foil
2026-08-14 00:10:31 | INFO     | __main__ | Omitiendo carta (Estado: MP | Idioma: EN): Arch of Orazca [Rivals of Ixalan] - Moderately Played
2026-08-14 00:10:31 | INFO     | __main__ | Omitiendo carta (Estado: NM | Idioma: JP): Akroma's Memorial - Japonés NM No Foil
2026-08-14 00:10:31 | INFO     | __main__ | Carga a la base de datos exitosa.
2026-08-14 00:10:31 | INFO     | __main__ | === PIPELINE FINALIZADO ===

2026-08-14 15:11:04 | INFO     | __main__ | === INICIANDO PIPELINE MTG TRACKER ===
2026-08-14 15:11:04 | INFO     | __main__ | Sincronizando dimensiones (Tiendas y Cartas) en la BD...
2026-08-14 15:11:04 | INFO     | __main__ | Determinando motor de extracción por tienda...
2026-08-14 15:11:04 | INFO     | __main__ | Ejecutando motor: ShopifyExtractor para 2 tiendas...
2026-08-14 15:11:04 | INFO     | src.extractors.shopify | Iniciando extracción asíncrona (Tiendas concurrentes, Cartas secuenciales): 79 cartas en 2 tiendas.
2026-08-14 15:11:04 | INFO     | src.extractors.shopify | [oasisgames.cl] Buscando (1/79): 'Akroma's Memorial'
2026-08-14 15:11:04 | INFO     | src.extractors.shopify | [paytowin.cl] Buscando (1/79): 'Akroma's Memorial'
2026-08-14 15:11:17 | INFO     | src.extractors.shopify | [oasisgames.cl] Buscando (2/79): 'All Is Dust'
2026-08-14 15:11:21 | INFO     | src.extractors.shopify | [paytowin.cl] Buscando (2/79): 'All Is Dust'
2026-08-14 15:11:36 | INFO     | src.extractors.shopify | [oasisgames.cl] Buscando (3/79): 'Arch of Orazca'
2026-08-14 15:11:42 | INFO     | src.extractors.shopify | [paytowin.cl] Buscando (3/79): 'Arch of Orazca'
2026-08-14 15:11:51 | INFO     | src.extractors.shopify | [oasisgames.cl] Buscando (4/79): 'Artisan of Kozilek'
2026-08-14 15:11:59 | INFO     | src.extractors.shopify | [paytowin.cl] Buscando (4/79): 'Artisan of Kozilek'
2026-08-14 15:12:12 | INFO     | src.extractors.shopify | [oasisgames.cl] Buscando (5/79): 'Bane of Bala Ged'
2026-08-14 15:12:17 | INFO     | src.extractors.shopify | [oasisgames.cl] Buscando (6/79): 'Basalt Monolith'
2026-08-14 15:12:20 | INFO     | src.extractors.shopify | [paytowin.cl] Buscando (5/79): 'Bane of Bala Ged'
2026-08-14 15:12:26 | INFO     | src.extractors.shopify | [paytowin.cl] Buscando (6/79): 'Basalt Monolith'
2026-08-14 15:12:38 | INFO     | src.extractors.shopify | [oasisgames.cl] Buscando (7/79): 'Blast Zone'
2026-08-14 15:12:46 | INFO     | src.extractors.shopify | [paytowin.cl] Buscando (7/79): 'Blast Zone'
2026-08-14 15:12:58 | INFO     | src.extractors.shopify | [oasisgames.cl] Buscando (8/79): 'Blasted Landscape'
2026-08-14 15:13:08 | INFO     | src.extractors.shopify | [paytowin.cl] Buscando (8/79): 'Blasted Landscape'
2026-08-14 15:13:08 | INFO     | src.extractors.shopify | [oasisgames.cl] Buscando (9/79): 'Bonders' Enclave'
2026-08-14 15:13:17 | INFO     | src.extractors.shopify | [paytowin.cl] Buscando (9/79): 'Bonders' Enclave'
2026-08-14 15:13:29 | INFO     | src.extractors.shopify | [oasisgames.cl] Buscando (10/79): 'Breaker of Creation'
2026-08-14 15:13:32 | INFO     | src.extractors.shopify | [oasisgames.cl] Buscando (11/79): 'Buried Ruin'
2026-08-14 15:13:38 | INFO     | src.extractors.shopify | [paytowin.cl] Buscando (10/79): 'Breaker of Creation'
2026-08-14 15:13:42 | INFO     | src.extractors.shopify | [paytowin.cl] Buscando (11/79): 'Buried Ruin'
2026-08-14 15:13:54 | INFO     | src.extractors.shopify | [oasisgames.cl] Buscando (12/79): 'Cityscape Leveler'
2026-08-14 15:14:03 | INFO     | src.extractors.shopify | [paytowin.cl] Buscando (12/79): 'Cityscape Leveler'
2026-08-14 15:14:05 | INFO     | src.extractors.shopify | [oasisgames.cl] Buscando (13/79): 'Coldsteel Heart'
2026-08-14 15:14:14 | INFO     | src.extractors.shopify | [paytowin.cl] Buscando (13/79): 'Coldsteel Heart'
2026-08-14 15:14:18 | INFO     | src.extractors.shopify | [oasisgames.cl] Buscando (14/79): 'Darksteel Citadel'
2026-08-14 15:14:29 | INFO     | src.extractors.shopify | [paytowin.cl] Buscando (14/79): 'Darksteel Citadel'
2026-08-14 15:14:39 | INFO     | src.extractors.shopify | [oasisgames.cl] Buscando (15/79): 'Darksteel Monolith'
2026-08-14 15:14:45 | INFO     | src.extractors.shopify | [oasisgames.cl] Buscando (16/79): 'Desecrate Reality'
2026-08-14 15:14:50 | INFO     | src.extractors.shopify | [paytowin.cl] Buscando (15/79): 'Darksteel Monolith'
2026-08-14 15:14:50 | INFO     | src.extractors.shopify | [oasisgames.cl] Buscando (17/79): 'Devourer of Destiny'
2026-08-14 15:14:56 | INFO     | src.extractors.shopify | [paytowin.cl] Buscando (16/79): 'Desecrate Reality'
2026-08-14 15:14:56 | INFO     | src.extractors.shopify | [oasisgames.cl] Buscando (18/79): 'Eldrazi Temple'
2026-08-14 15:15:02 | INFO     | src.extractors.shopify | [paytowin.cl] Buscando (17/79): 'Devourer of Destiny'
2026-08-14 15:15:08 | INFO     | src.extractors.shopify | [paytowin.cl] Buscando (18/79): 'Eldrazi Temple'
2026-08-14 15:15:17 | INFO     | src.extractors.shopify | [oasisgames.cl] Buscando (19/79): 'Eldritch Immunity'
2026-08-14 15:15:22 | INFO     | src.extractors.shopify | [oasisgames.cl] Buscando (20/79): 'Emrakul, the Promised End'
2026-08-14 15:15:28 | INFO     | src.extractors.shopify | [paytowin.cl] Buscando (19/79): 'Eldritch Immunity'
2026-08-14 15:15:34 | INFO     | src.extractors.shopify | [paytowin.cl] Buscando (20/79): 'Emrakul, the Promised End'
2026-08-14 15:15:35 | INFO     | src.extractors.shopify | [oasisgames.cl] Buscando (21/79): 'Emrakul, the World Anew'
2026-08-14 15:15:48 | INFO     | src.extractors.shopify | [oasisgames.cl] Buscando (22/79): 'Eye of Ugin'
2026-08-14 15:15:51 | INFO     | src.extractors.shopify | [paytowin.cl] Buscando (21/79): 'Emrakul, the World Anew'
2026-08-14 15:16:04 | INFO     | src.extractors.shopify | [paytowin.cl] Buscando (22/79): 'Eye of Ugin'
2026-08-14 15:16:09 | INFO     | src.extractors.shopify | [oasisgames.cl] Buscando (23/79): 'Field of Ruin'
2026-08-14 15:16:25 | INFO     | src.extractors.shopify | [paytowin.cl] Buscando (23/79): 'Field of Ruin'
2026-08-14 15:16:30 | INFO     | src.extractors.shopify | [oasisgames.cl] Buscando (24/79): 'Fomori Vault'
2026-08-14 15:16:39 | INFO     | src.extractors.shopify | [oasisgames.cl] Buscando (25/79): 'Forsaken Monument'
2026-08-14 15:16:46 | INFO     | src.extractors.shopify | [paytowin.cl] Buscando (24/79): 'Fomori Vault'
2026-08-14 15:16:54 | INFO     | src.extractors.shopify | [oasisgames.cl] Buscando (26/79): 'Fractured Powerstone'
2026-08-14 15:16:56 | INFO     | src.extractors.shopify | [paytowin.cl] Buscando (25/79): 'Forsaken Monument'
2026-08-14 15:17:08 | INFO     | src.extractors.shopify | [oasisgames.cl] Buscando (27/79): 'Ghost Quarter'
2026-08-14 15:17:11 | INFO     | src.extractors.shopify | [paytowin.cl] Buscando (26/79): 'Fractured Powerstone'
2026-08-14 15:17:24 | INFO     | src.extractors.shopify | [paytowin.cl] Buscando (27/79): 'Ghost Quarter'
2026-08-14 15:17:28 | INFO     | src.extractors.shopify | [oasisgames.cl] Buscando (28/79): 'Glaring Fleshraker'
2026-08-14 15:17:34 | INFO     | src.extractors.shopify | [oasisgames.cl] Buscando (29/79): 'Green Dragon Inn'
2026-08-14 15:17:42 | INFO     | src.extractors.shopify | [oasisgames.cl] Buscando (30/79): 'H.E.R.B.I.E., Lovable Robot'
2026-08-14 15:17:45 | INFO     | src.extractors.shopify | [paytowin.cl] Buscando (28/79): 'Glaring Fleshraker'
2026-08-14 15:17:45 | INFO     | src.extractors.shopify | [oasisgames.cl] Buscando (31/79): 'Hedron Archive'
2026-08-14 15:17:51 | INFO     | src.extractors.shopify | [paytowin.cl] Buscando (29/79): 'Green Dragon Inn'
2026-08-14 15:17:58 | INFO     | src.extractors.shopify | [paytowin.cl] Buscando (30/79): 'H.E.R.B.I.E., Lovable Robot'
2026-08-14 15:18:04 | INFO     | src.extractors.shopify | [paytowin.cl] Buscando (31/79): 'Hedron Archive'
2026-08-14 15:18:06 | INFO     | src.extractors.shopify | [oasisgames.cl] Buscando (32/79): 'Hedron Crawler'
2026-08-14 15:18:10 | INFO     | src.extractors.shopify | [oasisgames.cl] Buscando (33/79): 'Inventors' Fair'
2026-08-14 15:18:25 | INFO     | src.extractors.shopify | [paytowin.cl] Buscando (32/79): 'Hedron Crawler'
2026-08-14 15:18:29 | INFO     | src.extractors.shopify | [paytowin.cl] Buscando (33/79): 'Inventors' Fair'
2026-08-14 15:18:31 | INFO     | src.extractors.shopify | [oasisgames.cl] Buscando (34/79): 'It That Betrays'
2026-08-14 15:18:49 | INFO     | src.extractors.shopify | [paytowin.cl] Buscando (34/79): 'It That Betrays'
2026-08-14 15:18:51 | INFO     | src.extractors.shopify | [oasisgames.cl] Buscando (35/79): 'It That Heralds the End'
2026-08-14 15:18:57 | INFO     | src.extractors.shopify | [oasisgames.cl] Buscando (36/79): 'Jhoira's Familiar'
2026-08-14 15:19:03 | INFO     | src.extractors.shopify | [oasisgames.cl] Buscando (37/79): 'Kozilek, Butcher of Truth'
2026-08-14 15:19:10 | INFO     | src.extractors.shopify | [paytowin.cl] Buscando (35/79): 'It That Heralds the End'
2026-08-14 15:19:16 | INFO     | src.extractors.shopify | [paytowin.cl] Buscando (36/79): 'Jhoira's Familiar'
2026-08-14 15:19:22 | INFO     | src.extractors.shopify | [oasisgames.cl] Buscando (38/79): 'Kozilek, the Great Distortion'
2026-08-14 15:19:22 | INFO     | src.extractors.shopify | [paytowin.cl] Buscando (37/79): 'Kozilek, Butcher of Truth'
2026-08-14 15:19:37 | INFO     | src.extractors.shopify | [oasisgames.cl] Buscando (39/79): 'Manakin'
2026-08-14 15:19:43 | INFO     | src.extractors.shopify | [paytowin.cl] Buscando (38/79): 'Kozilek, the Great Distortion'
2026-08-14 15:19:46 | INFO     | src.extractors.shopify | [oasisgames.cl] Buscando (40/79): 'Myr Convert'
2026-08-14 15:19:57 | INFO     | src.extractors.shopify | [oasisgames.cl] Buscando (41/79): 'Not of This World'
2026-08-14 15:19:58 | INFO     | src.extractors.shopify | [paytowin.cl] Buscando (39/79): 'Manakin'
2026-08-14 15:20:07 | INFO     | src.extractors.shopify | [paytowin.cl] Buscando (40/79): 'Myr Convert'
2026-08-14 15:20:18 | INFO     | src.extractors.shopify | [oasisgames.cl] Buscando (42/79): 'Ornithopter of Paradise'
2026-08-14 15:20:19 | INFO     | src.extractors.shopify | [paytowin.cl] Buscando (41/79): 'Not of This World'
2026-08-14 15:20:35 | INFO     | src.extractors.shopify | [oasisgames.cl] Buscando (43/79): 'Page, Loose Leaf'
2026-08-14 15:20:39 | INFO     | src.extractors.shopify | [oasisgames.cl] Buscando (44/79): 'Palladium Myr'
2026-08-14 15:20:40 | INFO     | src.extractors.shopify | [paytowin.cl] Buscando (42/79): 'Ornithopter of Paradise'
2026-08-14 15:20:56 | INFO     | src.extractors.shopify | [oasisgames.cl] Buscando (45/79): 'Plague Myr'
2026-08-14 15:20:57 | INFO     | src.extractors.shopify | [paytowin.cl] Buscando (43/79): 'Page, Loose Leaf'
2026-08-14 15:21:01 | INFO     | src.extractors.shopify | [paytowin.cl] Buscando (44/79): 'Palladium Myr'
2026-08-14 15:21:06 | INFO     | src.extractors.shopify | [oasisgames.cl] Buscando (46/79): 'Planar Nexus'
2026-08-14 15:21:13 | INFO     | src.extractors.shopify | [oasisgames.cl] Buscando (47/79): 'Portal to Phyrexia'
2026-08-14 15:21:18 | INFO     | src.extractors.shopify | [paytowin.cl] Buscando (45/79): 'Plague Myr'
2026-08-14 15:21:25 | INFO     | src.extractors.shopify | [oasisgames.cl] Buscando (48/79): 'Prismatic Lens'
2026-08-14 15:21:27 | INFO     | src.extractors.shopify | [paytowin.cl] Buscando (46/79): 'Planar Nexus'
2026-08-14 15:21:35 | INFO     | src.extractors.shopify | [paytowin.cl] Buscando (47/79): 'Portal to Phyrexia'
2026-08-14 15:21:43 | INFO     | src.extractors.shopify | [oasisgames.cl] Buscando (49/79): 'Sanctum of Ugin'
2026-08-14 15:21:48 | INFO     | src.extractors.shopify | [paytowin.cl] Buscando (48/79): 'Prismatic Lens'
2026-08-14 15:21:49 | INFO     | src.extractors.shopify | [oasisgames.cl] Buscando (50/79): 'Scavenger Grounds'
2026-08-14 15:22:07 | INFO     | src.extractors.shopify | [paytowin.cl] Buscando (49/79): 'Sanctum of Ugin'
2026-08-14 15:22:10 | INFO     | src.extractors.shopify | [oasisgames.cl] Buscando (51/79): 'Shrine of the Forsaken Gods'
2026-08-14 15:22:15 | INFO     | src.extractors.shopify | [paytowin.cl] Buscando (50/79): 'Scavenger Grounds'
2026-08-14 15:22:25 | INFO     | src.extractors.shopify | [oasisgames.cl] Buscando (52/79): 'Solar Transformer'
2026-08-14 15:22:32 | INFO     | src.extractors.shopify | [oasisgames.cl] Buscando (53/79): 'Solemn Simulacrum'
2026-08-14 15:22:36 | INFO     | src.extractors.shopify | [paytowin.cl] Buscando (51/79): 'Shrine of the Forsaken Gods'
2026-08-14 15:22:51 | INFO     | src.extractors.shopify | [paytowin.cl] Buscando (52/79): 'Solar Transformer'
2026-08-14 15:22:53 | INFO     | src.extractors.shopify | [oasisgames.cl] Buscando (54/79): 'Spawnbed Protector'
2026-08-14 15:22:58 | INFO     | src.extractors.shopify | [paytowin.cl] Buscando (53/79): 'Solemn Simulacrum'
2026-08-14 15:22:58 | INFO     | src.extractors.shopify | [oasisgames.cl] Buscando (55/79): 'Stonespeaker Crystal'
2026-08-14 15:23:08 | INFO     | src.extractors.shopify | [oasisgames.cl] Buscando (56/79): 'Summon: Bahamut'
2026-08-14 15:23:19 | INFO     | src.extractors.shopify | [oasisgames.cl] Buscando (57/79): 'The Irencrag'
2026-08-14 15:23:19 | INFO     | src.extractors.shopify | [paytowin.cl] Buscando (54/79): 'Spawnbed Protector'
2026-08-14 15:23:25 | INFO     | src.extractors.shopify | [paytowin.cl] Buscando (55/79): 'Stonespeaker Crystal'
2026-08-14 15:23:35 | INFO     | src.extractors.shopify | [paytowin.cl] Buscando (56/79): 'Summon: Bahamut'
2026-08-14 15:23:40 | INFO     | src.extractors.shopify | [oasisgames.cl] Buscando (58/79): 'Tomb of the Spirit Dragon'
2026-08-14 15:23:46 | INFO     | src.extractors.shopify | [paytowin.cl] Buscando (57/79): 'The Irencrag'
2026-08-14 15:23:49 | INFO     | src.extractors.shopify | [oasisgames.cl] Buscando (59/79): 'Ugin, Eye of the Storms'
2026-08-14 15:24:07 | INFO     | src.extractors.shopify | [paytowin.cl] Buscando (58/79): 'Tomb of the Spirit Dragon'
2026-08-14 15:24:10 | INFO     | src.extractors.shopify | [oasisgames.cl] Buscando (60/79): 'Ugin, the Spirit Dragon'
2026-08-14 15:24:17 | INFO     | src.extractors.shopify | [paytowin.cl] Buscando (59/79): 'Ugin, Eye of the Storms'
2026-08-14 15:24:34 | INFO     | src.extractors.shopify | [oasisgames.cl] Buscando (61/79): 'Ugin's Labyrinth'
2026-08-14 15:24:42 | INFO     | src.extractors.shopify | [paytowin.cl] Buscando (60/79): 'Ugin, the Spirit Dragon'
2026-08-14 15:24:43 | INFO     | src.extractors.shopify | [oasisgames.cl] Buscando (62/79): 'Ulamog, the Ceaseless Hunger'
2026-08-14 15:24:58 | INFO     | src.extractors.shopify | [oasisgames.cl] Buscando (63/79): 'Ulamog, the Defiler'
2026-08-14 15:25:03 | INFO     | src.extractors.shopify | [paytowin.cl] Buscando (61/79): 'Ugin's Labyrinth'
2026-08-14 15:25:12 | INFO     | src.extractors.shopify | [oasisgames.cl] Buscando (64/79): 'Ulamog, the Infinite Gyre'
2026-08-14 15:25:12 | INFO     | src.extractors.shopify | [paytowin.cl] Buscando (62/79): 'Ulamog, the Ceaseless Hunger'
2026-08-14 15:25:31 | INFO     | src.extractors.shopify | [oasisgames.cl] Buscando (65/79): 'Ultima, Origin of Oblivion'
2026-08-14 15:25:31 | INFO     | src.extractors.shopify | [paytowin.cl] Buscando (63/79): 'Ulamog, the Defiler'
2026-08-14 15:25:40 | INFO     | src.extractors.shopify | [oasisgames.cl] Buscando (66/79): 'Urza's Cave'
2026-08-14 15:25:44 | INFO     | src.extractors.shopify | [paytowin.cl] Buscando (64/79): 'Ulamog, the Infinite Gyre'
2026-08-14 15:25:46 | INFO     | src.extractors.shopify | [oasisgames.cl] Buscando (67/79): 'Urza's Mine'
2026-08-14 15:26:05 | INFO     | src.extractors.shopify | [paytowin.cl] Buscando (65/79): 'Ultima, Origin of Oblivion'
2026-08-14 15:26:07 | INFO     | src.extractors.shopify | [oasisgames.cl] Buscando (68/79): 'Urza's Power Plant'
2026-08-14 15:26:15 | INFO     | src.extractors.shopify | [paytowin.cl] Buscando (66/79): 'Urza's Cave'
2026-08-14 15:26:20 | INFO     | src.extractors.shopify | [paytowin.cl] Buscando (67/79): 'Urza's Mine'
2026-08-14 15:26:27 | INFO     | src.extractors.shopify | [oasisgames.cl] Buscando (69/79): 'Urza's Tower'
2026-08-14 15:26:42 | INFO     | src.extractors.shopify | [paytowin.cl] Buscando (68/79): 'Urza's Power Plant'
2026-08-14 15:26:48 | INFO     | src.extractors.shopify | [oasisgames.cl] Buscando (70/79): 'Urza's Workshop'
2026-08-14 15:26:54 | INFO     | src.extractors.shopify | [oasisgames.cl] Buscando (71/79): 'Vibranium Dynamo'
2026-08-14 15:27:00 | INFO     | src.extractors.shopify | [oasisgames.cl] Buscando (72/79): 'Void Winnower'
2026-08-14 15:27:03 | INFO     | src.extractors.shopify | [paytowin.cl] Buscando (69/79): 'Urza's Tower'
2026-08-14 15:27:13 | INFO     | src.extractors.shopify | [oasisgames.cl] Buscando (73/79): 'Volatile Fault'
2026-08-14 15:27:21 | INFO     | src.extractors.shopify | [oasisgames.cl] Buscando (74/79): 'War Room'
2026-08-14 15:27:24 | INFO     | src.extractors.shopify | [paytowin.cl] Buscando (70/79): 'Urza's Workshop'
2026-08-14 15:27:30 | INFO     | src.extractors.shopify | [paytowin.cl] Buscando (71/79): 'Vibranium Dynamo'
2026-08-14 15:27:33 | INFO     | src.extractors.shopify | [paytowin.cl] Buscando (72/79): 'Void Winnower'
2026-08-14 15:27:41 | INFO     | src.extractors.shopify | [oasisgames.cl] Buscando (75/79): 'Warping Wail'
2026-08-14 15:27:53 | INFO     | src.extractors.shopify | [oasisgames.cl] Buscando (76/79): 'Wastes'
2026-08-14 15:27:53 | INFO     | src.extractors.shopify | [paytowin.cl] Buscando (73/79): 'Volatile Fault'
2026-08-14 15:28:00 | INFO     | src.extractors.shopify | [paytowin.cl] Buscando (74/79): 'War Room'
2026-08-14 15:28:14 | INFO     | src.extractors.shopify | [oasisgames.cl] Buscando (77/79): 'Wayfarer's Bauble'
2026-08-14 15:28:21 | INFO     | src.extractors.shopify | [paytowin.cl] Buscando (75/79): 'Warping Wail'
2026-08-14 15:28:35 | INFO     | src.extractors.shopify | [oasisgames.cl] Buscando (78/79): 'Worn Powerstone'
2026-08-14 15:28:35 | INFO     | src.extractors.shopify | [paytowin.cl] Buscando (76/79): 'Wastes'
2026-08-14 15:28:56 | INFO     | src.extractors.shopify | [oasisgames.cl] Buscando (79/79): 'Zhalfirin Void'
2026-08-14 15:28:56 | INFO     | src.extractors.shopify | [paytowin.cl] Buscando (77/79): 'Wayfarer's Bauble'
2026-08-14 15:29:17 | INFO     | src.extractors.shopify | [paytowin.cl] Buscando (78/79): 'Worn Powerstone'
2026-08-14 15:29:38 | INFO     | src.extractors.shopify | [paytowin.cl] Buscando (79/79): 'Zhalfirin Void'
2026-08-14 15:29:46 | INFO     | src.extractors.shopify | Extracción finalizada. 437 variantes EN STOCK obtenidas.
2026-08-14 15:29:46 | INFO     | __main__ | Ejecutando motor: WooCommerceExtractor para 1 tiendas...
2026-08-14 15:29:46 | INFO     | src.extractors.woocommerce | Iniciando extracción asíncrona WooCommerce: 79 cartas en 1 tiendas.
2026-08-14 15:29:46 | INFO     | src.extractors.woocommerce | [cardnexus.cl] Buscando (1/79): 'Akroma's Memorial'
2026-08-14 15:29:49 | INFO     | src.extractors.woocommerce | [cardnexus.cl] Buscando (2/79): 'All Is Dust'
2026-08-14 15:29:52 | INFO     | src.extractors.woocommerce | [cardnexus.cl] Buscando (3/79): 'Arch of Orazca'
2026-08-14 15:29:55 | INFO     | src.extractors.woocommerce | [cardnexus.cl] Buscando (4/79): 'Artisan of Kozilek'
2026-08-14 15:29:58 | INFO     | src.extractors.woocommerce | [cardnexus.cl] Buscando (5/79): 'Bane of Bala Ged'
2026-08-14 15:30:00 | INFO     | src.extractors.woocommerce | [cardnexus.cl] Buscando (6/79): 'Basalt Monolith'
2026-08-14 15:30:03 | INFO     | src.extractors.woocommerce | [cardnexus.cl] Buscando (7/79): 'Blast Zone'
2026-08-14 15:30:06 | INFO     | src.extractors.woocommerce | [cardnexus.cl] Buscando (8/79): 'Blasted Landscape'
2026-08-14 15:30:09 | INFO     | src.extractors.woocommerce | [cardnexus.cl] Buscando (9/79): 'Bonders' Enclave'
2026-08-14 15:30:11 | INFO     | src.extractors.woocommerce | [cardnexus.cl] Buscando (10/79): 'Breaker of Creation'
2026-08-14 15:30:14 | INFO     | src.extractors.woocommerce | [cardnexus.cl] Buscando (11/79): 'Buried Ruin'
2026-08-14 15:30:17 | INFO     | src.extractors.woocommerce | [cardnexus.cl] Buscando (12/79): 'Cityscape Leveler'
2026-08-14 15:30:20 | INFO     | src.extractors.woocommerce | [cardnexus.cl] Buscando (13/79): 'Coldsteel Heart'
2026-08-14 15:30:22 | INFO     | src.extractors.woocommerce | [cardnexus.cl] Buscando (14/79): 'Darksteel Citadel'
2026-08-14 15:30:25 | INFO     | src.extractors.woocommerce | [cardnexus.cl] Buscando (15/79): 'Darksteel Monolith'
2026-08-14 15:30:28 | INFO     | src.extractors.woocommerce | [cardnexus.cl] Buscando (16/79): 'Desecrate Reality'
2026-08-14 15:30:31 | INFO     | src.extractors.woocommerce | [cardnexus.cl] Buscando (17/79): 'Devourer of Destiny'
2026-08-14 15:30:33 | INFO     | src.extractors.woocommerce | [cardnexus.cl] Buscando (18/79): 'Eldrazi Temple'
2026-08-14 15:30:36 | INFO     | src.extractors.woocommerce | [cardnexus.cl] Buscando (19/79): 'Eldritch Immunity'
2026-08-14 15:30:39 | INFO     | src.extractors.woocommerce | [cardnexus.cl] Buscando (20/79): 'Emrakul, the Promised End'
2026-08-14 15:30:41 | INFO     | src.extractors.woocommerce | [cardnexus.cl] Buscando (21/79): 'Emrakul, the World Anew'
2026-08-14 15:30:44 | INFO     | src.extractors.woocommerce | [cardnexus.cl] Buscando (22/79): 'Eye of Ugin'
2026-08-14 15:30:47 | INFO     | src.extractors.woocommerce | [cardnexus.cl] Buscando (23/79): 'Field of Ruin'
2026-08-14 15:30:49 | INFO     | src.extractors.woocommerce | [cardnexus.cl] Buscando (24/79): 'Fomori Vault'
2026-08-14 15:30:52 | INFO     | src.extractors.woocommerce | [cardnexus.cl] Buscando (25/79): 'Forsaken Monument'
2026-08-14 15:30:55 | INFO     | src.extractors.woocommerce | [cardnexus.cl] Buscando (26/79): 'Fractured Powerstone'
2026-08-14 15:30:58 | INFO     | src.extractors.woocommerce | [cardnexus.cl] Buscando (27/79): 'Ghost Quarter'
2026-08-14 15:31:00 | INFO     | src.extractors.woocommerce | [cardnexus.cl] Buscando (28/79): 'Glaring Fleshraker'
2026-08-14 15:31:03 | INFO     | src.extractors.woocommerce | [cardnexus.cl] Buscando (29/79): 'Green Dragon Inn'
2026-08-14 15:31:06 | INFO     | src.extractors.woocommerce | [cardnexus.cl] Buscando (30/79): 'H.E.R.B.I.E., Lovable Robot'
2026-08-14 15:31:08 | INFO     | src.extractors.woocommerce | [cardnexus.cl] Buscando (31/79): 'Hedron Archive'
2026-08-14 15:31:11 | INFO     | src.extractors.woocommerce | [cardnexus.cl] Buscando (32/79): 'Hedron Crawler'
2026-08-14 15:31:14 | INFO     | src.extractors.woocommerce | [cardnexus.cl] Buscando (33/79): 'Inventors' Fair'
2026-08-14 15:31:16 | INFO     | src.extractors.woocommerce | [cardnexus.cl] Buscando (34/79): 'It That Betrays'
2026-08-14 15:31:19 | INFO     | src.extractors.woocommerce | [cardnexus.cl] Buscando (35/79): 'It That Heralds the End'
2026-08-14 15:31:22 | INFO     | src.extractors.woocommerce | [cardnexus.cl] Buscando (36/79): 'Jhoira's Familiar'
2026-08-14 15:31:25 | INFO     | src.extractors.woocommerce | [cardnexus.cl] Buscando (37/79): 'Kozilek, Butcher of Truth'
2026-08-14 15:31:28 | INFO     | src.extractors.woocommerce | [cardnexus.cl] Buscando (38/79): 'Kozilek, the Great Distortion'
2026-08-14 15:31:30 | INFO     | src.extractors.woocommerce | [cardnexus.cl] Buscando (39/79): 'Manakin'
2026-08-14 15:31:33 | INFO     | src.extractors.woocommerce | [cardnexus.cl] Buscando (40/79): 'Myr Convert'
2026-08-14 15:31:36 | INFO     | src.extractors.woocommerce | [cardnexus.cl] Buscando (41/79): 'Not of This World'
2026-08-14 15:31:38 | INFO     | src.extractors.woocommerce | [cardnexus.cl] Buscando (42/79): 'Ornithopter of Paradise'
2026-08-14 15:31:41 | INFO     | src.extractors.woocommerce | [cardnexus.cl] Buscando (43/79): 'Page, Loose Leaf'
2026-08-14 15:31:44 | INFO     | src.extractors.woocommerce | [cardnexus.cl] Buscando (44/79): 'Palladium Myr'
2026-08-14 15:31:47 | INFO     | src.extractors.woocommerce | [cardnexus.cl] Buscando (45/79): 'Plague Myr'
2026-08-14 15:31:50 | INFO     | src.extractors.woocommerce | [cardnexus.cl] Buscando (46/79): 'Planar Nexus'
2026-08-14 15:31:54 | INFO     | src.extractors.woocommerce | [cardnexus.cl] Buscando (47/79): 'Portal to Phyrexia'
2026-08-14 15:31:57 | INFO     | src.extractors.woocommerce | [cardnexus.cl] Buscando (48/79): 'Prismatic Lens'
2026-08-14 15:31:59 | INFO     | src.extractors.woocommerce | [cardnexus.cl] Buscando (49/79): 'Sanctum of Ugin'
2026-08-14 15:32:02 | INFO     | src.extractors.woocommerce | [cardnexus.cl] Buscando (50/79): 'Scavenger Grounds'
2026-08-14 15:32:05 | INFO     | src.extractors.woocommerce | [cardnexus.cl] Buscando (51/79): 'Shrine of the Forsaken Gods'
2026-08-14 15:32:08 | INFO     | src.extractors.woocommerce | [cardnexus.cl] Buscando (52/79): 'Solar Transformer'
2026-08-14 15:32:10 | INFO     | src.extractors.woocommerce | [cardnexus.cl] Buscando (53/79): 'Solemn Simulacrum'
2026-08-14 15:32:13 | INFO     | src.extractors.woocommerce | [cardnexus.cl] Buscando (54/79): 'Spawnbed Protector'
2026-08-14 15:32:16 | INFO     | src.extractors.woocommerce | [cardnexus.cl] Buscando (55/79): 'Stonespeaker Crystal'
2026-08-14 15:32:18 | INFO     | src.extractors.woocommerce | [cardnexus.cl] Buscando (56/79): 'Summon: Bahamut'
2026-08-14 15:32:21 | INFO     | src.extractors.woocommerce | [cardnexus.cl] Buscando (57/79): 'The Irencrag'
2026-08-14 15:32:24 | INFO     | src.extractors.woocommerce | [cardnexus.cl] Buscando (58/79): 'Tomb of the Spirit Dragon'
2026-08-14 15:32:26 | INFO     | src.extractors.woocommerce | [cardnexus.cl] Buscando (59/79): 'Ugin, Eye of the Storms'
2026-08-14 15:32:29 | INFO     | src.extractors.woocommerce | [cardnexus.cl] Buscando (60/79): 'Ugin, the Spirit Dragon'
2026-08-14 15:32:32 | INFO     | src.extractors.woocommerce | [cardnexus.cl] Buscando (61/79): 'Ugin's Labyrinth'
2026-08-14 15:32:35 | INFO     | src.extractors.woocommerce | [cardnexus.cl] Buscando (62/79): 'Ulamog, the Ceaseless Hunger'
2026-08-14 15:32:37 | INFO     | src.extractors.woocommerce | [cardnexus.cl] Buscando (63/79): 'Ulamog, the Defiler'
2026-08-14 15:32:40 | INFO     | src.extractors.woocommerce | [cardnexus.cl] Buscando (64/79): 'Ulamog, the Infinite Gyre'
2026-08-14 15:32:43 | INFO     | src.extractors.woocommerce | [cardnexus.cl] Buscando (65/79): 'Ultima, Origin of Oblivion'
2026-08-14 15:32:45 | INFO     | src.extractors.woocommerce | [cardnexus.cl] Buscando (66/79): 'Urza's Cave'
2026-08-14 15:32:49 | INFO     | src.extractors.woocommerce | [cardnexus.cl] Buscando (67/79): 'Urza's Mine'
2026-08-14 15:32:51 | INFO     | src.extractors.woocommerce | [cardnexus.cl] Buscando (68/79): 'Urza's Power Plant'
2026-08-14 15:32:53 | INFO     | src.extractors.woocommerce | [cardnexus.cl] Buscando (69/79): 'Urza's Tower'
2026-08-14 15:32:55 | INFO     | src.extractors.woocommerce | [cardnexus.cl] Buscando (70/79): 'Urza's Workshop'
2026-08-14 15:32:57 | INFO     | src.extractors.woocommerce | [cardnexus.cl] Buscando (71/79): 'Vibranium Dynamo'
2026-08-14 15:33:00 | INFO     | src.extractors.woocommerce | [cardnexus.cl] Buscando (72/79): 'Void Winnower'
2026-08-14 15:33:02 | INFO     | src.extractors.woocommerce | [cardnexus.cl] Buscando (73/79): 'Volatile Fault'
2026-08-14 15:33:05 | INFO     | src.extractors.woocommerce | [cardnexus.cl] Buscando (74/79): 'War Room'
2026-08-14 15:33:08 | INFO     | src.extractors.woocommerce | [cardnexus.cl] Buscando (75/79): 'Warping Wail'
2026-08-14 15:33:11 | INFO     | src.extractors.woocommerce | [cardnexus.cl] Buscando (76/79): 'Wastes'
2026-08-14 15:33:13 | INFO     | src.extractors.woocommerce | [cardnexus.cl] Buscando (77/79): 'Wayfarer's Bauble'
2026-08-14 15:33:16 | INFO     | src.extractors.woocommerce | [cardnexus.cl] Buscando (78/79): 'Worn Powerstone'
2026-08-14 15:33:19 | INFO     | src.extractors.woocommerce | [cardnexus.cl] Buscando (79/79): 'Zhalfirin Void'
2026-08-14 15:33:20 | INFO     | __main__ | Aplicando transformaciones RegEx y cargando a la base de datos...
2026-08-14 15:33:20 | INFO     | __main__ | Omitiendo carta (Estado: MP | Idioma: ES): Arch of Orazca [Rivals of Ixalan] - Heavily Played Foil Spanish
2026-08-14 15:33:20 | INFO     | __main__ | Omitiendo carta (Estado: MP | Idioma: EN): Darksteel Citadel [Darksteel] - Moderately Played
2026-08-14 15:33:20 | INFO     | __main__ | Omitiendo carta (Estado: MP | Idioma: EN): Eldrazi Temple [Rise of the Eldrazi] - Moderately Played
2026-08-14 15:33:20 | INFO     | __main__ | Omitiendo carta (Estado: LP | Idioma: CN): S-CHINESE Eye of Ugin [Worldwake] - Lightly Played
2026-08-14 15:33:20 | INFO     | __main__ | Omitiendo carta (Estado: MP | Idioma: ES): Hedron Archive [Battle for Zendikar] - Moderately Played Spanish
2026-08-14 15:33:20 | INFO     | __main__ | Omitiendo carta (Estado: MP | Idioma: ES): Hedron Archive [Battle for Zendikar] - Heavily Played Spanish
2026-08-14 15:33:20 | INFO     | __main__ | Omitiendo carta (Estado: NM | Idioma: JP): JAPANESE Inventors' Fair [Kaladesh] - Near Mint
2026-08-14 15:33:20 | INFO     | __main__ | Omitiendo carta (Estado: LP | Idioma: CN): S-CHINESE Inventors' Fair [Kaladesh] - Lightly Played
2026-08-14 15:33:20 | INFO     | __main__ | Omitiendo carta (Estado: MP | Idioma: ES): Sanctum of Ugin [Battle for Zendikar] - Moderately Played Spanish
2026-08-14 15:33:20 | INFO     | __main__ | Omitiendo carta (Estado: MP | Idioma: EN): Scavenger Grounds [Hour of Devastation] - Moderately Played
2026-08-14 15:33:20 | INFO     | __main__ | Omitiendo carta (Estado: MP | Idioma: EN): PORTUGUESE Scavenger Grounds [Hour of Devastation] - Moderately Played
2026-08-14 15:33:20 | INFO     | __main__ | Omitiendo carta (Estado: MP | Idioma: EN): Shrine of the Forsaken Gods [Battle for Zendikar] - Moderately Played
2026-08-14 15:33:20 | INFO     | __main__ | Omitiendo carta (Estado: MP | Idioma: EN): Ugin, the Spirit Dragon [Fate Reforged] - Moderately Played
2026-08-14 15:33:20 | INFO     | __main__ | Omitiendo carta (Estado: MP | Idioma: ES): Ugin, the Spirit Dragon [Fate Reforged] - Heavily Played Spanish
2026-08-14 15:33:20 | INFO     | __main__ | Omitiendo carta (Estado: MP | Idioma: EN): Urza's Mine (Pulley Embedded in Stone) [Antiquities] - Moderately Played
2026-08-14 15:33:20 | INFO     | __main__ | Omitiendo carta (Estado: MP | Idioma: EN): Urza's Mine (Pulley Embedded in Stone) [Antiquities] - Heavily Played
2026-08-14 15:33:20 | INFO     | __main__ | Omitiendo carta (Estado: MP | Idioma: EN): Urza's Power Plant (Red Columns) [Antiquities] - Moderately Played
2026-08-14 15:33:20 | INFO     | __main__ | Omitiendo carta (Estado: MP | Idioma: EN): Urza's Power Plant (Red Columns) [Antiquities] - Heavily Played
2026-08-14 15:33:20 | INFO     | __main__ | Omitiendo carta (Estado: MP | Idioma: EN): Urza's Power Plant (Boiling Rock) [Antiquities] - Moderately Played
2026-08-14 15:33:20 | INFO     | __main__ | Omitiendo carta (Estado: MP | Idioma: EN): Urza's Power Plant (Rock in Pot) (Italian) - Centrale Energetica di Urza' [Renaissance] - Moderately Played
2026-08-14 15:33:20 | INFO     | __main__ | Omitiendo carta (Estado: MP | Idioma: EN): Urza's Tower (Mountains) [Antiquities] - Moderately Played
2026-08-14 15:33:20 | INFO     | __main__ | Omitiendo carta (Estado: MP | Idioma: EN): Wastes (184) (Full Art) [Oath of the Gatewatch] - Moderately Played
2026-08-14 15:33:20 | INFO     | __main__ | Omitiendo carta (Estado: MP | Idioma: ES): Wastes (184) (Full Art) [Oath of the Gatewatch] - Moderately Played Spanish
2026-08-14 15:33:20 | INFO     | __main__ | Omitiendo carta (Estado: MP | Idioma: EN): Wastes (183) (Full Art) [Oath of the Gatewatch] - Moderately Played
2026-08-14 15:33:20 | INFO     | __main__ | Omitiendo carta (Estado: DM | Idioma: EN): Wastes (183) (Full Art) [Oath of the Gatewatch] - Damaged
2026-08-14 15:33:20 | INFO     | __main__ | Omitiendo carta (Estado: MP | Idioma: ES): Wastes (183) (Full Art) [Oath of the Gatewatch] - Moderately Played Spanish
2026-08-14 15:33:20 | INFO     | __main__ | Omitiendo carta (Estado: MP | Idioma: EN): Llanowar Wastes [Apocalypse] - Heavily Played
2026-08-14 15:33:20 | INFO     | __main__ | Omitiendo carta (Estado: NM | Idioma: CN): Encroaching Wastes [Commander Legends] - Near Mint
2026-08-14 15:33:20 | INFO     | __main__ | Omitiendo carta (Estado: NM | Idioma: CN): Encroaching Wastes [Magic 2014] - Near Mint
2026-08-14 15:33:20 | INFO     | __main__ | Omitiendo carta (Estado: LP | Idioma: CN): Encroaching Wastes [Magic 2014] - Lightly Played
2026-08-14 15:33:20 | INFO     | __main__ | Omitiendo carta (Estado: MP | Idioma: ES): Wastes (183) [Oath of the Gatewatch] - Moderately Played Spanish
2026-08-14 15:33:20 | INFO     | __main__ | Omitiendo carta (Estado: MP | Idioma: EN): Akroma's Memorial [Magic 2013] - Moderately Played
2026-08-14 15:33:20 | INFO     | __main__ | Omitiendo carta (Estado: DM | Idioma: ES): Akroma's Memorial [Magic 2013] - Damaged Spanish
2026-08-14 15:33:20 | INFO     | __main__ | Omitiendo carta (Estado: MP | Idioma: EN): Akroma's Memorial [Future Sight] - Moderately Played
2026-08-14 15:33:20 | INFO     | __main__ | Omitiendo carta (Estado: LP | Idioma: CN): Akroma's Memorial CHINESE [Magic 2013] - Lightly Played
2026-08-14 15:33:20 | INFO     | __main__ | Omitiendo carta (Estado: MP | Idioma: EN): All Is Dust [Rise of the Eldrazi] - Moderately Played
2026-08-14 15:33:20 | INFO     | __main__ | Omitiendo carta (Estado: NM | Idioma: JP): All Is Dust JAPANESE [Modern Masters 2015] - Near Mint
2026-08-14 15:33:20 | INFO     | __main__ | Omitiendo carta (Estado: MP | Idioma: EN): All Is Dust (Grand Prix) [Grand Prix Promos] - Moderately Played Foil
2026-08-14 15:33:20 | INFO     | __main__ | Omitiendo carta (Estado: MP | Idioma: EN): Arch of Orazca [Rivals of Ixalan] - Moderately Played
2026-08-14 15:33:20 | INFO     | __main__ | Omitiendo carta (Estado: NM | Idioma: JP): Blast Zone JAPANESE [War of the Spark] - Near Mint
2026-08-14 15:33:20 | INFO     | __main__ | Omitiendo carta (Estado: MP | Idioma: EN): Coldsteel Heart [Coldsnap] - Moderately Played
2026-08-14 15:33:20 | INFO     | __main__ | Omitiendo carta (Estado: MP | Idioma: EN): Coldsteel Heart [Double Masters 2022] - Moderately Played
2026-08-14 15:33:20 | INFO     | __main__ | Omitiendo carta (Estado: MP | Idioma: EN): Darksteel Citadel [Darksteel] - Moderately Played
2026-08-14 15:33:20 | INFO     | __main__ | Omitiendo carta (Estado: MP | Idioma: EN): Darksteel Citadel [Darksteel] - Heavily Played
2026-08-14 15:33:20 | INFO     | __main__ | Omitiendo carta (Estado: MP | Idioma: EN): Darksteel Citadel [Magic 2015] - Heavily Played Foil
2026-08-14 15:33:20 | INFO     | __main__ | Omitiendo carta (Estado: MP | Idioma: EN): Darksteel Citadel [Double Masters] - Moderately Played
2026-08-14 15:33:20 | INFO     | __main__ | Omitiendo carta (Estado: MP | Idioma: EN): Darksteel Citadel (Retro) [The Brothers' War Commander] - Heavily Played
2026-08-14 15:33:20 | INFO     | __main__ | Omitiendo carta (Estado: MP | Idioma: EN): Eye of Ugin [Modern Masters 2015] - Moderately Played
2026-08-14 15:33:20 | INFO     | __main__ | Omitiendo carta (Estado: MP | Idioma: EN): Eye of Ugin [Modern Masters 2015] - Heavily Played
2026-08-14 15:33:20 | INFO     | __main__ | Omitiendo carta (Estado: MP | Idioma: EN): Eye of Ugin [Judge Gift Cards 2020] - Moderately Played Foil
2026-08-14 15:33:20 | INFO     | __main__ | Omitiendo carta (Estado: DM | Idioma: EN): Field of Ruin [Theros Beyond Death] - Damaged
2026-08-14 15:33:20 | INFO     | __main__ | Omitiendo carta (Estado: MP | Idioma: EN): Ghost Quarter [Dissension] - Moderately Played
2026-08-14 15:33:20 | INFO     | __main__ | Omitiendo carta (Estado: DM | Idioma: EN): Ghost Quarter [Dissension] - Damaged
2026-08-14 15:33:20 | INFO     | __main__ | Omitiendo carta (Estado: MP | Idioma: EN): Ghost Quarter [Innistrad] - Moderately Played
2026-08-14 15:33:20 | INFO     | __main__ | Omitiendo carta (Estado: LP | Idioma: CN): Ghost Quarter CHINESE [Dissension] - Lightly Played
2026-08-14 15:33:20 | INFO     | __main__ | Omitiendo carta (Estado: NM | Idioma: JP): Ghost Quarter JAPANESE [Dissension] - Near Mint
2026-08-14 15:33:20 | INFO     | __main__ | Omitiendo carta (Estado: MP | Idioma: EN): Ghost Quarter [Commander Anthology Volume II] - Moderately Played
2026-08-14 15:33:20 | INFO     | __main__ | Omitiendo carta (Estado: MP | Idioma: EN): Hedron Archive [Dominaria United Commander] - Moderately Played
2026-08-14 15:33:20 | INFO     | __main__ | Omitiendo carta (Estado: NM | Idioma: CN): Hedron Archive [March of the Machine Commander] - Near Mint
2026-08-14 15:33:20 | INFO     | __main__ | Omitiendo carta (Estado: MP | Idioma: EN): Hedron Archive (Retro) [The Brothers' War Commander] - Moderately Played
2026-08-14 15:33:20 | INFO     | __main__ | Omitiendo carta (Estado: MP | Idioma: ES): Inventors' Fair [Kaladesh] - Moderately Played Spanish
2026-08-14 15:33:20 | INFO     | __main__ | Omitiendo carta (Estado: MP | Idioma: EN): Inventors' Fair [The List] - Moderately Played
2026-08-14 15:33:20 | INFO     | __main__ | Omitiendo carta (Estado: NM | Idioma: JP): Inventors' Fair JAPANESE [Kaladesh] - Near Mint
2026-08-14 15:33:20 | INFO     | __main__ | Omitiendo carta (Estado: DM | Idioma: JP): Inventors' Fair JAPANESE [Kaladesh] - Damaged
2026-08-14 15:33:20 | INFO     | __main__ | Omitiendo carta (Estado: MP | Idioma: ES): It That Betrays [Rise of the Eldrazi] - Moderately Played Spanish
2026-08-14 15:33:20 | INFO     | __main__ | Omitiendo carta (Estado: MP | Idioma: ES): Kozilek, Butcher of Truth [Rise of the Eldrazi] - Heavily Played Spanish
2026-08-14 15:33:20 | INFO     | __main__ | Omitiendo carta (Estado: MP | Idioma: EN): Kozilek, Butcher of Truth [Modern Masters 2015] - Heavily Played
2026-08-14 15:33:20 | INFO     | __main__ | Omitiendo carta (Estado: NM | Idioma: CN): Kozilek, Butcher of Truth CHINESE  [Modern Masters 2015] - Near Mint
2026-08-14 15:33:20 | INFO     | __main__ | Omitiendo carta (Estado: MP | Idioma: EN): Palladium Myr [Scars of Mirrodin] - Moderately Played Foil
2026-08-14 15:33:20 | INFO     | __main__ | Omitiendo carta (Estado: MP | Idioma: EN): Prismatic Lens [Explorers of Ixalan] - Moderately Played
2026-08-14 15:33:20 | INFO     | __main__ | Omitiendo carta (Estado: MP | Idioma: EN): Sanctum of Ugin [Battle for Zendikar] - Moderately Played
2026-08-14 15:33:20 | INFO     | __main__ | Omitiendo carta (Estado: MP | Idioma: EN): Scavenger Grounds [Hour of Devastation] - Moderately Played
2026-08-14 15:33:20 | INFO     | __main__ | Omitiendo carta (Estado: MP | Idioma: ES): Ugin, the Spirit Dragon [Ugin's Fate] - Heavily Played Spanish
2026-08-14 15:33:20 | INFO     | __main__ | Omitiendo carta (Estado: MP | Idioma: JP): Ugin, the Spirit Dragon JAPANESE [Fate Reforged] - Heavily Played
2026-08-14 15:33:20 | INFO     | __main__ | Omitiendo carta (Estado: DM | Idioma: EN): Ugin's Labyrinth [Modern Horizons 3] - Damaged Foil
2026-08-14 15:33:20 | INFO     | __main__ | Omitiendo carta (Estado: DM | Idioma: EN): Ulamog, the Ceaseless Hunger [Battle for Zendikar] - Damaged Foil
2026-08-14 15:33:20 | INFO     | __main__ | Omitiendo carta (Estado: MP | Idioma: ES): Ulamog, the Ceaseless Hunger [Battle for Zendikar] - Moderately Played Spanish
2026-08-14 15:33:20 | INFO     | __main__ | Omitiendo carta (Estado: MP | Idioma: ES): Ulamog, the Ceaseless Hunger [Battle for Zendikar] - Heavily Played Spanish
2026-08-14 15:33:20 | INFO     | __main__ | Omitiendo carta (Estado: MP | Idioma: ES): Ulamog, the Ceaseless Hunger [Battle for Zendikar Prerelease Promos] - Heavily Played Foil Spanish
2026-08-14 15:33:20 | INFO     | __main__ | Omitiendo carta (Estado: MP | Idioma: EN): Ulamog, the Ceaseless Hunger PORTUGUESE [Battle for Zendikar] - Moderately Played
2026-08-14 15:33:20 | INFO     | __main__ | Omitiendo carta (Estado: LP | Idioma: CN): Ulamog, the Ceaseless Hunger CHINESE [Battle for Zendikar] - Lightly Played
2026-08-14 15:33:20 | INFO     | __main__ | Omitiendo carta (Estado: MP | Idioma: ES): Ulamog, the Defiler [Modern Horizons 3 Prerelease Promos] - Moderately Played Foil Spanish
2026-08-14 15:33:20 | INFO     | __main__ | Omitiendo carta (Estado: MP | Idioma: EN): Ulamog, the Infinite Gyre [Rise of the Eldrazi] - Heavily Played
2026-08-14 15:33:20 | INFO     | __main__ | Omitiendo carta (Estado: NM | Idioma: CN): Ulamog, the Infinite Gyre CHINESE  [Modern Masters 2015] - Near Mint
2026-08-14 15:33:20 | INFO     | __main__ | Omitiendo carta (Estado: DM | Idioma: EN): Urza's Mine [Ninth Edition] - Damaged
2026-08-14 15:33:20 | INFO     | __main__ | Omitiendo carta (Estado: MP | Idioma: EN): Urza's Mine (Sky Background) [Antiquities] - Heavily Played
2026-08-14 15:33:20 | INFO     | __main__ | Omitiendo carta (Estado: MP | Idioma: EN): Urza's Mine (Mine Cart Entering Mouth) [Antiquities] - Moderately Played
2026-08-14 15:33:20 | INFO     | __main__ | Omitiendo carta (Estado: MP | Idioma: EN): Urza's Power Plant (Insect) [Antiquities] - Moderately Played
2026-08-14 15:33:20 | INFO     | __main__ | Omitiendo carta (Estado: MP | Idioma: EN): Urza's Power Plant (Boiling Rock) [Antiquities] - Moderately Played
2026-08-14 15:33:20 | INFO     | __main__ | Omitiendo carta (Estado: MP | Idioma: EN): Urza's Power Plant [Fifth Edition] - Heavily Played
2026-08-14 15:33:20 | INFO     | __main__ | Omitiendo carta (Estado: MP | Idioma: EN): Urza's Power Plant [Eighth Edition] - Heavily Played
2026-08-14 15:33:20 | INFO     | __main__ | Omitiendo carta (Estado: MP | Idioma: EN): Urza's Power Plant (Red Columns) [Antiquities] - Heavily Played
2026-08-14 15:33:20 | INFO     | __main__ | Omitiendo carta (Estado: MP | Idioma: EN): Urza's Power Plant (Heated Sphere) [Antiquities] - Heavily Played
2026-08-14 15:33:20 | INFO     | __main__ | Omitiendo carta (Estado: DM | Idioma: EN): Urza's Power Plant (Heated Sphere) [Antiquities] - Damaged
2026-08-14 15:33:20 | INFO     | __main__ | Omitiendo carta (Estado: MP | Idioma: EN): Urza's Tower [Fifth Edition] - Heavily Played
2026-08-14 15:33:20 | INFO     | __main__ | Omitiendo carta (Estado: MP | Idioma: EN): Urza's Tower [Eighth Edition] - Moderately Played
2026-08-14 15:33:20 | INFO     | __main__ | Omitiendo carta (Estado: MP | Idioma: EN): Urza's Tower [Eighth Edition] - Heavily Played
2026-08-14 15:33:20 | INFO     | __main__ | Omitiendo carta (Estado: MP | Idioma: EN): Urza's Tower (Sunset) [Chronicles] - Moderately Played
2026-08-14 15:33:20 | INFO     | __main__ | Omitiendo carta (Estado: MP | Idioma: EN): Urza's Tower (Mountains) [Antiquities] - Moderately Played
2026-08-14 15:33:20 | INFO     | __main__ | Omitiendo carta (Estado: MP | Idioma: EN): Void Winnower [Battle for Zendikar] - Moderately Played
2026-08-14 15:33:20 | INFO     | __main__ | Omitiendo carta (Estado: MP | Idioma: ES): Void Winnower [Battle for Zendikar] - Heavily Played Spanish
2026-08-14 15:33:20 | INFO     | __main__ | Omitiendo carta (Estado: MP | Idioma: EN): Warping Wail [Oath of the Gatewatch] - Moderately Played Foil
2026-08-14 15:33:20 | INFO     | __main__ | Omitiendo carta (Estado: MP | Idioma: EN): Wastes (184) (Full Art) [Oath of the Gatewatch] - Moderately Played
2026-08-14 15:33:20 | INFO     | __main__ | Omitiendo carta (Estado: MP | Idioma: EN): Wastes (183) (Full Art) [Oath of the Gatewatch] - Heavily Played
2026-08-14 15:33:20 | INFO     | __main__ | Omitiendo carta (Estado: MP | Idioma: EN): Llanowar Wastes [Magic Origins] - Moderately Played
2026-08-14 15:33:20 | INFO     | __main__ | Omitiendo carta (Estado: MP | Idioma: EN): Worn Powerstone [Urza's Saga] - Moderately Played
2026-08-14 15:33:20 | INFO     | __main__ | Omitiendo carta (Estado: MP | Idioma: EN): Worn Powerstone [Duel Decks: Phyrexia vs. the Coalition] - Moderately Played
2026-08-14 15:33:20 | INFO     | __main__ | Omitiendo carta (Estado: NM | Idioma: JP): Akroma's Memorial - Japonés NM No Foil
2026-08-14 15:33:20 | INFO     | __main__ | Omitiendo carta (Estado: NM | Idioma: JP): Coldsteel Heart - Japonés NM No Foil
2026-08-14 15:33:20 | INFO     | __main__ | Omitiendo carta (Estado: MP | Idioma: ES): Darksteel Citadel - Español MP No Foil
2026-08-14 15:33:20 | INFO     | __main__ | Omitiendo carta (Estado: MP | Idioma: ES): Darksteel Citadel - Español MP No Foil
2026-08-14 15:33:20 | INFO     | __main__ | Omitiendo carta (Estado: MP | Idioma: EN): Hedron Archive - Inglés MP No Foil
2026-08-14 15:33:20 | INFO     | __main__ | Omitiendo carta (Estado: NM | Idioma: JP): It That Betrays - Japonés NM No Foil
2026-08-14 15:33:20 | INFO     | __main__ | Omitiendo carta (Estado: NM | Idioma: JP): Portal to Phyrexia - Japonés NM No Foil
2026-08-14 15:33:20 | INFO     | __main__ | Omitiendo carta (Estado: MP | Idioma: ES): Solemn Simulacrum - Español MP No Foil
2026-08-14 15:33:20 | INFO     | __main__ | Omitiendo carta (Estado: NM | Idioma: JP): Ugin, the Spirit Dragon - Japonés NM Foil
2026-08-14 15:33:20 | INFO     | __main__ | Omitiendo carta (Estado: NM | Idioma: JP): Void Winnower - Japonés NM No Foil
2026-08-14 15:33:20 | INFO     | __main__ | Omitiendo carta (Estado: NM | Idioma: CN): Secure the Wastes - Chino NM No Foil
2026-08-14 15:33:20 | INFO     | __main__ | Carga a la base de datos exitosa.
2026-08-14 15:33:20 | INFO     | __main__ | === PIPELINE FINALIZADO ===

2026-08-15 11:15:04 | INFO     | __main__ | === INICIANDO PIPELINE MTG TRACKER ===
2026-08-15 11:15:04 | INFO     | __main__ | Sincronizando dimensiones (Tiendas y Cartas) en la BD...
2026-08-15 11:15:04 | INFO     | __main__ | Determinando motor de extracción por tienda...
2026-08-15 11:15:04 | INFO     | __main__ | Ejecutando motor: ShopifyExtractor para 2 tiendas...
2026-08-15 11:15:04 | INFO     | src.extractors.shopify | Iniciando extracción asíncrona (Tiendas concurrentes, Cartas secuenciales): 79 cartas en 2 tiendas.
2026-08-15 11:15:04 | INFO     | src.extractors.shopify | [oasisgames.cl] Buscando (1/79): 'Akroma's Memorial'
2026-08-15 11:15:04 | INFO     | src.extractors.shopify | [paytowin.cl] Buscando (1/79): 'Akroma's Memorial'
2026-08-15 11:15:17 | INFO     | src.extractors.shopify | [oasisgames.cl] Buscando (2/79): 'All Is Dust'
2026-08-15 11:15:21 | INFO     | src.extractors.shopify | [paytowin.cl] Buscando (2/79): 'All Is Dust'
2026-08-15 11:15:36 | INFO     | src.extractors.shopify | [oasisgames.cl] Buscando (3/79): 'Arch of Orazca'
2026-08-15 11:15:41 | INFO     | src.extractors.shopify | [paytowin.cl] Buscando (3/79): 'Arch of Orazca'
2026-08-15 11:15:51 | INFO     | src.extractors.shopify | [oasisgames.cl] Buscando (4/79): 'Artisan of Kozilek'
2026-08-15 11:15:58 | INFO     | src.extractors.shopify | [paytowin.cl] Buscando (4/79): 'Artisan of Kozilek'
2026-08-15 11:16:11 | INFO     | src.extractors.shopify | [oasisgames.cl] Buscando (5/79): 'Bane of Bala Ged'
2026-08-15 11:16:18 | INFO     | src.extractors.shopify | [oasisgames.cl] Buscando (6/79): 'Basalt Monolith'
2026-08-15 11:16:19 | INFO     | src.extractors.shopify | [paytowin.cl] Buscando (5/79): 'Bane of Bala Ged'
2026-08-15 11:16:25 | INFO     | src.extractors.shopify | [paytowin.cl] Buscando (6/79): 'Basalt Monolith'
2026-08-15 11:16:38 | INFO     | src.extractors.shopify | [oasisgames.cl] Buscando (7/79): 'Blast Zone'
2026-08-15 11:16:45 | INFO     | src.extractors.shopify | [paytowin.cl] Buscando (7/79): 'Blast Zone'
2026-08-15 11:16:59 | INFO     | src.extractors.shopify | [oasisgames.cl] Buscando (8/79): 'Blasted Landscape'
2026-08-15 11:17:06 | INFO     | src.extractors.shopify | [paytowin.cl] Buscando (8/79): 'Blasted Landscape'
2026-08-15 11:17:08 | INFO     | src.extractors.shopify | [oasisgames.cl] Buscando (9/79): 'Bonders' Enclave'
2026-08-15 11:17:16 | INFO     | src.extractors.shopify | [paytowin.cl] Buscando (9/79): 'Bonders' Enclave'
2026-08-15 11:17:29 | INFO     | src.extractors.shopify | [oasisgames.cl] Buscando (10/79): 'Breaker of Creation'
2026-08-15 11:17:33 | INFO     | src.extractors.shopify | [oasisgames.cl] Buscando (11/79): 'Buried Ruin'
2026-08-15 11:17:36 | INFO     | src.extractors.shopify | [paytowin.cl] Buscando (10/79): 'Breaker of Creation'
2026-08-15 11:17:40 | INFO     | src.extractors.shopify | [paytowin.cl] Buscando (11/79): 'Buried Ruin'
2026-08-15 11:17:53 | INFO     | src.extractors.shopify | [oasisgames.cl] Buscando (12/79): 'Cityscape Leveler'
2026-08-15 11:18:01 | INFO     | src.extractors.shopify | [paytowin.cl] Buscando (12/79): 'Cityscape Leveler'
2026-08-15 11:18:04 | INFO     | src.extractors.shopify | [oasisgames.cl] Buscando (13/79): 'Coldsteel Heart'
2026-08-15 11:18:12 | INFO     | src.extractors.shopify | [paytowin.cl] Buscando (13/79): 'Coldsteel Heart'
2026-08-15 11:18:18 | INFO     | src.extractors.shopify | [oasisgames.cl] Buscando (14/79): 'Darksteel Citadel'
2026-08-15 11:18:27 | INFO     | src.extractors.shopify | [paytowin.cl] Buscando (14/79): 'Darksteel Citadel'
2026-08-15 11:18:38 | INFO     | src.extractors.shopify | [oasisgames.cl] Buscando (15/79): 'Darksteel Monolith'
2026-08-15 11:18:44 | INFO     | src.extractors.shopify | [oasisgames.cl] Buscando (16/79): 'Desecrate Reality'
2026-08-15 11:18:48 | INFO     | src.extractors.shopify | [paytowin.cl] Buscando (15/79): 'Darksteel Monolith'
2026-08-15 11:18:49 | INFO     | src.extractors.shopify | [oasisgames.cl] Buscando (17/79): 'Devourer of Destiny'
2026-08-15 11:18:53 | INFO     | src.extractors.shopify | [paytowin.cl] Buscando (16/79): 'Desecrate Reality'
2026-08-15 11:18:55 | INFO     | src.extractors.shopify | [oasisgames.cl] Buscando (18/79): 'Eldrazi Temple'
2026-08-15 11:18:59 | INFO     | src.extractors.shopify | [paytowin.cl] Buscando (17/79): 'Devourer of Destiny'
2026-08-15 11:19:05 | INFO     | src.extractors.shopify | [paytowin.cl] Buscando (18/79): 'Eldrazi Temple'
2026-08-15 11:19:16 | INFO     | src.extractors.shopify | [oasisgames.cl] Buscando (19/79): 'Eldritch Immunity'
2026-08-15 11:19:21 | INFO     | src.extractors.shopify | [oasisgames.cl] Buscando (20/79): 'Emrakul, the Promised End'
2026-08-15 11:19:25 | INFO     | src.extractors.shopify | [paytowin.cl] Buscando (19/79): 'Eldritch Immunity'
2026-08-15 11:19:31 | INFO     | src.extractors.shopify | [paytowin.cl] Buscando (20/79): 'Emrakul, the Promised End'
2026-08-15 11:19:34 | INFO     | src.extractors.shopify | [oasisgames.cl] Buscando (21/79): 'Emrakul, the World Anew'
2026-08-15 11:19:47 | INFO     | src.extractors.shopify | [oasisgames.cl] Buscando (22/79): 'Eye of Ugin'
2026-08-15 11:19:48 | INFO     | src.extractors.shopify | [paytowin.cl] Buscando (21/79): 'Emrakul, the World Anew'
2026-08-15 11:20:01 | INFO     | src.extractors.shopify | [paytowin.cl] Buscando (22/79): 'Eye of Ugin'
2026-08-15 11:20:08 | INFO     | src.extractors.shopify | [oasisgames.cl] Buscando (23/79): 'Field of Ruin'
2026-08-15 11:20:22 | INFO     | src.extractors.shopify | [paytowin.cl] Buscando (23/79): 'Field of Ruin'
2026-08-15 11:20:28 | INFO     | src.extractors.shopify | [oasisgames.cl] Buscando (24/79): 'Fomori Vault'
2026-08-15 11:20:38 | INFO     | src.extractors.shopify | [oasisgames.cl] Buscando (25/79): 'Forsaken Monument'
2026-08-15 11:20:43 | INFO     | src.extractors.shopify | [paytowin.cl] Buscando (24/79): 'Fomori Vault'
2026-08-15 11:20:52 | INFO     | src.extractors.shopify | [paytowin.cl] Buscando (25/79): 'Forsaken Monument'
2026-08-15 11:20:53 | INFO     | src.extractors.shopify | [oasisgames.cl] Buscando (26/79): 'Fractured Powerstone'
2026-08-15 11:21:06 | INFO     | src.extractors.shopify | [oasisgames.cl] Buscando (27/79): 'Ghost Quarter'
2026-08-15 11:21:07 | INFO     | src.extractors.shopify | [paytowin.cl] Buscando (26/79): 'Fractured Powerstone'
2026-08-15 11:21:20 | INFO     | src.extractors.shopify | [paytowin.cl] Buscando (27/79): 'Ghost Quarter'
2026-08-15 11:21:26 | INFO     | src.extractors.shopify | [oasisgames.cl] Buscando (28/79): 'Glaring Fleshraker'
2026-08-15 11:21:32 | INFO     | src.extractors.shopify | [oasisgames.cl] Buscando (29/79): 'Green Dragon Inn'
2026-08-15 11:21:39 | INFO     | src.extractors.shopify | [oasisgames.cl] Buscando (30/79): 'H.E.R.B.I.E., Lovable Robot'
2026-08-15 11:21:41 | INFO     | src.extractors.shopify | [paytowin.cl] Buscando (28/79): 'Glaring Fleshraker'
2026-08-15 11:21:43 | INFO     | src.extractors.shopify | [oasisgames.cl] Buscando (31/79): 'Hedron Archive'
2026-08-15 11:21:47 | INFO     | src.extractors.shopify | [paytowin.cl] Buscando (29/79): 'Green Dragon Inn'
2026-08-15 11:21:54 | INFO     | src.extractors.shopify | [paytowin.cl] Buscando (30/79): 'H.E.R.B.I.E., Lovable Robot'
2026-08-15 11:22:00 | INFO     | src.extractors.shopify | [paytowin.cl] Buscando (31/79): 'Hedron Archive'
2026-08-15 11:22:04 | INFO     | src.extractors.shopify | [oasisgames.cl] Buscando (32/79): 'Hedron Crawler'
2026-08-15 11:22:07 | INFO     | src.extractors.shopify | [oasisgames.cl] Buscando (33/79): 'Inventors' Fair'
2026-08-15 11:22:20 | INFO     | src.extractors.shopify | [paytowin.cl] Buscando (32/79): 'Hedron Crawler'
2026-08-15 11:22:24 | INFO     | src.extractors.shopify | [paytowin.cl] Buscando (33/79): 'Inventors' Fair'
2026-08-15 11:22:28 | INFO     | src.extractors.shopify | [oasisgames.cl] Buscando (34/79): 'It That Betrays'
2026-08-15 11:22:45 | INFO     | src.extractors.shopify | [paytowin.cl] Buscando (34/79): 'It That Betrays'
2026-08-15 11:22:48 | INFO     | src.extractors.shopify | [oasisgames.cl] Buscando (35/79): 'It That Heralds the End'
2026-08-15 11:22:54 | INFO     | src.extractors.shopify | [oasisgames.cl] Buscando (36/79): 'Jhoira's Familiar'
2026-08-15 11:22:59 | INFO     | src.extractors.shopify | [oasisgames.cl] Buscando (37/79): 'Kozilek, Butcher of Truth'
2026-08-15 11:23:06 | INFO     | src.extractors.shopify | [paytowin.cl] Buscando (35/79): 'It That Heralds the End'
2026-08-15 11:23:11 | INFO     | src.extractors.shopify | [paytowin.cl] Buscando (36/79): 'Jhoira's Familiar'
2026-08-15 11:23:17 | INFO     | src.extractors.shopify | [paytowin.cl] Buscando (37/79): 'Kozilek, Butcher of Truth'
2026-08-15 11:23:18 | INFO     | src.extractors.shopify | [oasisgames.cl] Buscando (38/79): 'Kozilek, the Great Distortion'
2026-08-15 11:23:33 | INFO     | src.extractors.shopify | [oasisgames.cl] Buscando (39/79): 'Manakin'
2026-08-15 11:23:38 | INFO     | src.extractors.shopify | [paytowin.cl] Buscando (38/79): 'Kozilek, the Great Distortion'
2026-08-15 11:23:42 | INFO     | src.extractors.shopify | [oasisgames.cl] Buscando (40/79): 'Myr Convert'
2026-08-15 11:23:53 | INFO     | src.extractors.shopify | [paytowin.cl] Buscando (39/79): 'Manakin'
2026-08-15 11:23:53 | INFO     | src.extractors.shopify | [oasisgames.cl] Buscando (41/79): 'Not of This World'
2026-08-15 11:24:02 | INFO     | src.extractors.shopify | [paytowin.cl] Buscando (40/79): 'Myr Convert'
2026-08-15 11:24:13 | INFO     | src.extractors.shopify | [paytowin.cl] Buscando (41/79): 'Not of This World'
2026-08-15 11:24:14 | INFO     | src.extractors.shopify | [oasisgames.cl] Buscando (42/79): 'Ornithopter of Paradise'
2026-08-15 11:24:31 | INFO     | src.extractors.shopify | [oasisgames.cl] Buscando (43/79): 'Page, Loose Leaf'
2026-08-15 11:24:34 | INFO     | src.extractors.shopify | [paytowin.cl] Buscando (42/79): 'Ornithopter of Paradise'
2026-08-15 11:24:35 | INFO     | src.extractors.shopify | [oasisgames.cl] Buscando (44/79): 'Palladium Myr'
2026-08-15 11:24:51 | INFO     | src.extractors.shopify | [paytowin.cl] Buscando (43/79): 'Page, Loose Leaf'
2026-08-15 11:24:51 | INFO     | src.extractors.shopify | [oasisgames.cl] Buscando (45/79): 'Plague Myr'
2026-08-15 11:24:55 | INFO     | src.extractors.shopify | [paytowin.cl] Buscando (44/79): 'Palladium Myr'
2026-08-15 11:25:01 | INFO     | src.extractors.shopify | [oasisgames.cl] Buscando (46/79): 'Planar Nexus'
2026-08-15 11:25:08 | INFO     | src.extractors.shopify | [oasisgames.cl] Buscando (47/79): 'Portal to Phyrexia'
2026-08-15 11:25:12 | INFO     | src.extractors.shopify | [paytowin.cl] Buscando (45/79): 'Plague Myr'
2026-08-15 11:25:19 | INFO     | src.extractors.shopify | [oasisgames.cl] Buscando (48/79): 'Prismatic Lens'
2026-08-15 11:25:21 | INFO     | src.extractors.shopify | [paytowin.cl] Buscando (46/79): 'Planar Nexus'
2026-08-15 11:25:28 | INFO     | src.extractors.shopify | [paytowin.cl] Buscando (47/79): 'Portal to Phyrexia'
2026-08-15 11:25:38 | INFO     | src.extractors.shopify | [oasisgames.cl] Buscando (49/79): 'Sanctum of Ugin'
2026-08-15 11:25:42 | INFO     | src.extractors.shopify | [paytowin.cl] Buscando (48/79): 'Prismatic Lens'
2026-08-15 11:25:44 | INFO     | src.extractors.shopify | [oasisgames.cl] Buscando (50/79): 'Scavenger Grounds'
2026-08-15 11:26:00 | INFO     | src.extractors.shopify | [paytowin.cl] Buscando (49/79): 'Sanctum of Ugin'
2026-08-15 11:26:04 | INFO     | src.extractors.shopify | [oasisgames.cl] Buscando (51/79): 'Shrine of the Forsaken Gods'
2026-08-15 11:26:08 | INFO     | src.extractors.shopify | [paytowin.cl] Buscando (50/79): 'Scavenger Grounds'
2026-08-15 11:26:19 | INFO     | src.extractors.shopify | [oasisgames.cl] Buscando (52/79): 'Solar Transformer'
2026-08-15 11:26:26 | INFO     | src.extractors.shopify | [oasisgames.cl] Buscando (53/79): 'Solemn Simulacrum'
2026-08-15 11:26:28 | INFO     | src.extractors.shopify | [paytowin.cl] Buscando (51/79): 'Shrine of the Forsaken Gods'
2026-08-15 11:26:43 | INFO     | src.extractors.shopify | [paytowin.cl] Buscando (52/79): 'Solar Transformer'
2026-08-15 11:26:47 | INFO     | src.extractors.shopify | [oasisgames.cl] Buscando (54/79): 'Spawnbed Protector'
2026-08-15 11:26:51 | INFO     | src.extractors.shopify | [paytowin.cl] Buscando (53/79): 'Solemn Simulacrum'
2026-08-15 11:26:52 | INFO     | src.extractors.shopify | [oasisgames.cl] Buscando (55/79): 'Stonespeaker Crystal'
2026-08-15 11:27:02 | INFO     | src.extractors.shopify | [oasisgames.cl] Buscando (56/79): 'Summon: Bahamut'
2026-08-15 11:27:11 | INFO     | src.extractors.shopify | [paytowin.cl] Buscando (54/79): 'Spawnbed Protector'
2026-08-15 11:27:13 | INFO     | src.extractors.shopify | [oasisgames.cl] Buscando (57/79): 'The Irencrag'
2026-08-15 11:27:17 | INFO     | src.extractors.shopify | [paytowin.cl] Buscando (55/79): 'Stonespeaker Crystal'
2026-08-15 11:27:26 | INFO     | src.extractors.shopify | [paytowin.cl] Buscando (56/79): 'Summon: Bahamut'
2026-08-15 11:27:33 | INFO     | src.extractors.shopify | [oasisgames.cl] Buscando (58/79): 'Tomb of the Spirit Dragon'
2026-08-15 11:27:38 | INFO     | src.extractors.shopify | [paytowin.cl] Buscando (57/79): 'The Irencrag'
2026-08-15 11:27:43 | INFO     | src.extractors.shopify | [oasisgames.cl] Buscando (59/79): 'Ugin, Eye of the Storms'
2026-08-15 11:27:58 | INFO     | src.extractors.shopify | [paytowin.cl] Buscando (58/79): 'Tomb of the Spirit Dragon'
2026-08-15 11:28:03 | INFO     | src.extractors.shopify | [oasisgames.cl] Buscando (60/79): 'Ugin, the Spirit Dragon'
2026-08-15 11:28:08 | INFO     | src.extractors.shopify | [paytowin.cl] Buscando (59/79): 'Ugin, Eye of the Storms'
2026-08-15 11:28:23 | INFO     | src.extractors.shopify | [oasisgames.cl] Buscando (61/79): 'Ugin's Labyrinth'
2026-08-15 11:28:28 | INFO     | src.extractors.shopify | [paytowin.cl] Buscando (60/79): 'Ugin, the Spirit Dragon'
2026-08-15 11:28:33 | INFO     | src.extractors.shopify | [oasisgames.cl] Buscando (62/79): 'Ulamog, the Ceaseless Hunger'
2026-08-15 11:28:48 | INFO     | src.extractors.shopify | [oasisgames.cl] Buscando (63/79): 'Ulamog, the Defiler'
2026-08-15 11:28:49 | INFO     | src.extractors.shopify | [paytowin.cl] Buscando (61/79): 'Ugin's Labyrinth'
2026-08-15 11:28:58 | INFO     | src.extractors.shopify | [paytowin.cl] Buscando (62/79): 'Ulamog, the Ceaseless Hunger'
2026-08-15 11:29:01 | INFO     | src.extractors.shopify | [oasisgames.cl] Buscando (64/79): 'Ulamog, the Infinite Gyre'
2026-08-15 11:29:17 | INFO     | src.extractors.shopify | [paytowin.cl] Buscando (63/79): 'Ulamog, the Defiler'
2026-08-15 11:29:19 | INFO     | src.extractors.shopify | [oasisgames.cl] Buscando (65/79): 'Ultima, Origin of Oblivion'
2026-08-15 11:29:29 | INFO     | src.extractors.shopify | [oasisgames.cl] Buscando (66/79): 'Urza's Cave'
2026-08-15 11:29:30 | INFO     | src.extractors.shopify | [paytowin.cl] Buscando (64/79): 'Ulamog, the Infinite Gyre'
2026-08-15 11:29:34 | INFO     | src.extractors.shopify | [oasisgames.cl] Buscando (67/79): 'Urza's Mine'
2026-08-15 11:29:51 | INFO     | src.extractors.shopify | [paytowin.cl] Buscando (65/79): 'Ultima, Origin of Oblivion'
2026-08-15 11:29:55 | INFO     | src.extractors.shopify | [oasisgames.cl] Buscando (68/79): 'Urza's Power Plant'
2026-08-15 11:30:00 | INFO     | src.extractors.shopify | [paytowin.cl] Buscando (66/79): 'Urza's Cave'
2026-08-15 11:30:06 | INFO     | src.extractors.shopify | [paytowin.cl] Buscando (67/79): 'Urza's Mine'
2026-08-15 11:30:15 | INFO     | src.extractors.shopify | [oasisgames.cl] Buscando (69/79): 'Urza's Tower'
2026-08-15 11:30:26 | INFO     | src.extractors.shopify | [paytowin.cl] Buscando (68/79): 'Urza's Power Plant'
2026-08-15 11:30:36 | INFO     | src.extractors.shopify | [oasisgames.cl] Buscando (70/79): 'Urza's Workshop'
2026-08-15 11:30:41 | INFO     | src.extractors.shopify | [oasisgames.cl] Buscando (71/79): 'Vibranium Dynamo'
2026-08-15 11:30:47 | INFO     | src.extractors.shopify | [oasisgames.cl] Buscando (72/79): 'Void Winnower'
2026-08-15 11:30:48 | INFO     | src.extractors.shopify | [paytowin.cl] Buscando (69/79): 'Urza's Tower'
2026-08-15 11:31:00 | INFO     | src.extractors.shopify | [oasisgames.cl] Buscando (73/79): 'Volatile Fault'
2026-08-15 11:31:07 | INFO     | src.extractors.shopify | [oasisgames.cl] Buscando (74/79): 'War Room'
2026-08-15 11:31:08 | INFO     | src.extractors.shopify | [paytowin.cl] Buscando (70/79): 'Urza's Workshop'
2026-08-15 11:31:14 | INFO     | src.extractors.shopify | [paytowin.cl] Buscando (71/79): 'Vibranium Dynamo'
2026-08-15 11:31:18 | INFO     | src.extractors.shopify | [paytowin.cl] Buscando (72/79): 'Void Winnower'
2026-08-15 11:31:28 | INFO     | src.extractors.shopify | [oasisgames.cl] Buscando (75/79): 'Warping Wail'
2026-08-15 11:31:37 | INFO     | src.extractors.shopify | [paytowin.cl] Buscando (73/79): 'Volatile Fault'
2026-08-15 11:31:39 | INFO     | src.extractors.shopify | [oasisgames.cl] Buscando (76/79): 'Wastes'
2026-08-15 11:31:44 | INFO     | src.extractors.shopify | [paytowin.cl] Buscando (74/79): 'War Room'
2026-08-15 11:32:00 | INFO     | src.extractors.shopify | [oasisgames.cl] Buscando (77/79): 'Wayfarer's Bauble'
2026-08-15 11:32:05 | INFO     | src.extractors.shopify | [paytowin.cl] Buscando (75/79): 'Warping Wail'
2026-08-15 11:32:18 | INFO     | src.extractors.shopify | [paytowin.cl] Buscando (76/79): 'Wastes'
2026-08-15 11:32:20 | INFO     | src.extractors.shopify | [oasisgames.cl] Buscando (78/79): 'Worn Powerstone'
2026-08-15 11:32:39 | INFO     | src.extractors.shopify | [paytowin.cl] Buscando (77/79): 'Wayfarer's Bauble'
2026-08-15 11:32:41 | INFO     | src.extractors.shopify | [oasisgames.cl] Buscando (79/79): 'Zhalfirin Void'
2026-08-15 11:32:59 | INFO     | src.extractors.shopify | [paytowin.cl] Buscando (78/79): 'Worn Powerstone'
2026-08-15 11:33:20 | INFO     | src.extractors.shopify | [paytowin.cl] Buscando (79/79): 'Zhalfirin Void'
2026-08-15 11:33:28 | INFO     | src.extractors.shopify | Extracción finalizada. 486 variantes EN STOCK obtenidas.
2026-08-15 11:33:28 | INFO     | __main__ | Ejecutando motor: WooCommerceExtractor para 1 tiendas...
2026-08-15 11:33:28 | INFO     | src.extractors.woocommerce | Iniciando extracción asíncrona WooCommerce: 79 cartas en 1 tiendas.
2026-08-15 11:33:28 | INFO     | src.extractors.woocommerce | [cardnexus.cl] Buscando (1/79): 'Akroma's Memorial'
2026-08-15 11:33:31 | INFO     | src.extractors.woocommerce | [cardnexus.cl] Buscando (2/79): 'All Is Dust'
2026-08-15 11:33:34 | INFO     | src.extractors.woocommerce | [cardnexus.cl] Buscando (3/79): 'Arch of Orazca'
2026-08-15 11:33:36 | INFO     | src.extractors.woocommerce | [cardnexus.cl] Buscando (4/79): 'Artisan of Kozilek'
2026-08-15 11:33:39 | INFO     | src.extractors.woocommerce | [cardnexus.cl] Buscando (5/79): 'Bane of Bala Ged'
2026-08-15 11:33:42 | INFO     | src.extractors.woocommerce | [cardnexus.cl] Buscando (6/79): 'Basalt Monolith'
2026-08-15 11:33:44 | INFO     | src.extractors.woocommerce | [cardnexus.cl] Buscando (7/79): 'Blast Zone'
2026-08-15 11:33:47 | INFO     | src.extractors.woocommerce | [cardnexus.cl] Buscando (8/79): 'Blasted Landscape'
2026-08-15 11:33:50 | INFO     | src.extractors.woocommerce | [cardnexus.cl] Buscando (9/79): 'Bonders' Enclave'
2026-08-15 11:33:53 | INFO     | src.extractors.woocommerce | [cardnexus.cl] Buscando (10/79): 'Breaker of Creation'
2026-08-15 11:33:55 | INFO     | src.extractors.woocommerce | [cardnexus.cl] Buscando (11/79): 'Buried Ruin'
2026-08-15 11:33:58 | INFO     | src.extractors.woocommerce | [cardnexus.cl] Buscando (12/79): 'Cityscape Leveler'
2026-08-15 11:34:01 | INFO     | src.extractors.woocommerce | [cardnexus.cl] Buscando (13/79): 'Coldsteel Heart'
2026-08-15 11:34:03 | INFO     | src.extractors.woocommerce | [cardnexus.cl] Buscando (14/79): 'Darksteel Citadel'
2026-08-15 11:34:06 | INFO     | src.extractors.woocommerce | [cardnexus.cl] Buscando (15/79): 'Darksteel Monolith'
2026-08-15 11:34:09 | INFO     | src.extractors.woocommerce | [cardnexus.cl] Buscando (16/79): 'Desecrate Reality'
2026-08-15 11:34:11 | INFO     | src.extractors.woocommerce | [cardnexus.cl] Buscando (17/79): 'Devourer of Destiny'
2026-08-15 11:34:14 | INFO     | src.extractors.woocommerce | [cardnexus.cl] Buscando (18/79): 'Eldrazi Temple'
2026-08-15 11:34:17 | INFO     | src.extractors.woocommerce | [cardnexus.cl] Buscando (19/79): 'Eldritch Immunity'
2026-08-15 11:34:20 | INFO     | src.extractors.woocommerce | [cardnexus.cl] Buscando (20/79): 'Emrakul, the Promised End'
2026-08-15 11:34:22 | INFO     | src.extractors.woocommerce | [cardnexus.cl] Buscando (21/79): 'Emrakul, the World Anew'
2026-08-15 11:34:25 | INFO     | src.extractors.woocommerce | [cardnexus.cl] Buscando (22/79): 'Eye of Ugin'
2026-08-15 11:34:28 | INFO     | src.extractors.woocommerce | [cardnexus.cl] Buscando (23/79): 'Field of Ruin'
2026-08-15 11:34:30 | INFO     | src.extractors.woocommerce | [cardnexus.cl] Buscando (24/79): 'Fomori Vault'
2026-08-15 11:34:33 | INFO     | src.extractors.woocommerce | [cardnexus.cl] Buscando (25/79): 'Forsaken Monument'
2026-08-15 11:34:36 | INFO     | src.extractors.woocommerce | [cardnexus.cl] Buscando (26/79): 'Fractured Powerstone'
2026-08-15 11:34:38 | INFO     | src.extractors.woocommerce | [cardnexus.cl] Buscando (27/79): 'Ghost Quarter'
2026-08-15 11:34:41 | INFO     | src.extractors.woocommerce | [cardnexus.cl] Buscando (28/79): 'Glaring Fleshraker'
2026-08-15 11:34:43 | INFO     | src.extractors.woocommerce | [cardnexus.cl] Buscando (29/79): 'Green Dragon Inn'
2026-08-15 11:34:46 | INFO     | src.extractors.woocommerce | [cardnexus.cl] Buscando (30/79): 'H.E.R.B.I.E., Lovable Robot'
2026-08-15 11:34:49 | INFO     | src.extractors.woocommerce | [cardnexus.cl] Buscando (31/79): 'Hedron Archive'
2026-08-15 11:34:52 | INFO     | src.extractors.woocommerce | [cardnexus.cl] Buscando (32/79): 'Hedron Crawler'
2026-08-15 11:34:54 | INFO     | src.extractors.woocommerce | [cardnexus.cl] Buscando (33/79): 'Inventors' Fair'
2026-08-15 11:34:57 | INFO     | src.extractors.woocommerce | [cardnexus.cl] Buscando (34/79): 'It That Betrays'
2026-08-15 11:35:00 | INFO     | src.extractors.woocommerce | [cardnexus.cl] Buscando (35/79): 'It That Heralds the End'
2026-08-15 11:35:02 | INFO     | src.extractors.woocommerce | [cardnexus.cl] Buscando (36/79): 'Jhoira's Familiar'
2026-08-15 11:35:06 | INFO     | src.extractors.woocommerce | [cardnexus.cl] Buscando (37/79): 'Kozilek, Butcher of Truth'
2026-08-15 11:35:08 | INFO     | src.extractors.woocommerce | [cardnexus.cl] Buscando (38/79): 'Kozilek, the Great Distortion'
2026-08-15 11:35:11 | INFO     | src.extractors.woocommerce | [cardnexus.cl] Buscando (39/79): 'Manakin'
2026-08-15 11:35:14 | INFO     | src.extractors.woocommerce | [cardnexus.cl] Buscando (40/79): 'Myr Convert'
2026-08-15 11:35:16 | INFO     | src.extractors.woocommerce | [cardnexus.cl] Buscando (41/79): 'Not of This World'
2026-08-15 11:35:19 | INFO     | src.extractors.woocommerce | [cardnexus.cl] Buscando (42/79): 'Ornithopter of Paradise'
2026-08-15 11:35:21 | INFO     | src.extractors.woocommerce | [cardnexus.cl] Buscando (43/79): 'Page, Loose Leaf'
2026-08-15 11:35:24 | INFO     | src.extractors.woocommerce | [cardnexus.cl] Buscando (44/79): 'Palladium Myr'
2026-08-15 11:35:27 | INFO     | src.extractors.woocommerce | [cardnexus.cl] Buscando (45/79): 'Plague Myr'
2026-08-15 11:35:30 | INFO     | src.extractors.woocommerce | [cardnexus.cl] Buscando (46/79): 'Planar Nexus'
2026-08-15 11:35:32 | INFO     | src.extractors.woocommerce | [cardnexus.cl] Buscando (47/79): 'Portal to Phyrexia'
2026-08-15 11:35:35 | INFO     | src.extractors.woocommerce | [cardnexus.cl] Buscando (48/79): 'Prismatic Lens'
2026-08-15 11:35:38 | INFO     | src.extractors.woocommerce | [cardnexus.cl] Buscando (49/79): 'Sanctum of Ugin'
2026-08-15 11:35:40 | INFO     | src.extractors.woocommerce | [cardnexus.cl] Buscando (50/79): 'Scavenger Grounds'
2026-08-15 11:35:43 | INFO     | src.extractors.woocommerce | [cardnexus.cl] Buscando (51/79): 'Shrine of the Forsaken Gods'
2026-08-15 11:35:46 | INFO     | src.extractors.woocommerce | [cardnexus.cl] Buscando (52/79): 'Solar Transformer'
2026-08-15 11:35:48 | INFO     | src.extractors.woocommerce | [cardnexus.cl] Buscando (53/79): 'Solemn Simulacrum'
2026-08-15 11:35:51 | INFO     | src.extractors.woocommerce | [cardnexus.cl] Buscando (54/79): 'Spawnbed Protector'
2026-08-15 11:35:54 | INFO     | src.extractors.woocommerce | [cardnexus.cl] Buscando (55/79): 'Stonespeaker Crystal'
2026-08-15 11:35:56 | INFO     | src.extractors.woocommerce | [cardnexus.cl] Buscando (56/79): 'Summon: Bahamut'
2026-08-15 11:35:59 | INFO     | src.extractors.woocommerce | [cardnexus.cl] Buscando (57/79): 'The Irencrag'
2026-08-15 11:36:02 | INFO     | src.extractors.woocommerce | [cardnexus.cl] Buscando (58/79): 'Tomb of the Spirit Dragon'
2026-08-15 11:36:05 | INFO     | src.extractors.woocommerce | [cardnexus.cl] Buscando (59/79): 'Ugin, Eye of the Storms'
2026-08-15 11:36:07 | INFO     | src.extractors.woocommerce | [cardnexus.cl] Buscando (60/79): 'Ugin, the Spirit Dragon'
2026-08-15 11:36:10 | INFO     | src.extractors.woocommerce | [cardnexus.cl] Buscando (61/79): 'Ugin's Labyrinth'
2026-08-15 11:36:13 | INFO     | src.extractors.woocommerce | [cardnexus.cl] Buscando (62/79): 'Ulamog, the Ceaseless Hunger'
2026-08-15 11:36:16 | INFO     | src.extractors.woocommerce | [cardnexus.cl] Buscando (63/79): 'Ulamog, the Defiler'
2026-08-15 11:36:19 | INFO     | src.extractors.woocommerce | [cardnexus.cl] Buscando (64/79): 'Ulamog, the Infinite Gyre'
2026-08-15 11:36:21 | INFO     | src.extractors.woocommerce | [cardnexus.cl] Buscando (65/79): 'Ultima, Origin of Oblivion'
2026-08-15 11:36:24 | INFO     | src.extractors.woocommerce | [cardnexus.cl] Buscando (66/79): 'Urza's Cave'
2026-08-15 11:36:27 | INFO     | src.extractors.woocommerce | [cardnexus.cl] Buscando (67/79): 'Urza's Mine'
2026-08-15 11:36:29 | INFO     | src.extractors.woocommerce | [cardnexus.cl] Buscando (68/79): 'Urza's Power Plant'
2026-08-15 11:36:31 | INFO     | src.extractors.woocommerce | [cardnexus.cl] Buscando (69/79): 'Urza's Tower'
2026-08-15 11:36:33 | INFO     | src.extractors.woocommerce | [cardnexus.cl] Buscando (70/79): 'Urza's Workshop'
2026-08-15 11:36:36 | INFO     | src.extractors.woocommerce | [cardnexus.cl] Buscando (71/79): 'Vibranium Dynamo'
2026-08-15 11:36:38 | INFO     | src.extractors.woocommerce | [cardnexus.cl] Buscando (72/79): 'Void Winnower'
2026-08-15 11:36:41 | INFO     | src.extractors.woocommerce | [cardnexus.cl] Buscando (73/79): 'Volatile Fault'
2026-08-15 11:36:44 | INFO     | src.extractors.woocommerce | [cardnexus.cl] Buscando (74/79): 'War Room'
2026-08-15 11:36:46 | INFO     | src.extractors.woocommerce | [cardnexus.cl] Buscando (75/79): 'Warping Wail'
2026-08-15 11:36:49 | INFO     | src.extractors.woocommerce | [cardnexus.cl] Buscando (76/79): 'Wastes'
2026-08-15 11:36:52 | INFO     | src.extractors.woocommerce | [cardnexus.cl] Buscando (77/79): 'Wayfarer's Bauble'
2026-08-15 11:36:54 | INFO     | src.extractors.woocommerce | [cardnexus.cl] Buscando (78/79): 'Worn Powerstone'
2026-08-15 11:36:57 | INFO     | src.extractors.woocommerce | [cardnexus.cl] Buscando (79/79): 'Zhalfirin Void'
2026-08-15 11:36:58 | INFO     | __main__ | Aplicando transformaciones RegEx y cargando a la base de datos...
2026-08-15 11:36:58 | INFO     | __main__ | Omitiendo carta (Estado: MP | Idioma: ES): Arch of Orazca [Rivals of Ixalan] - Heavily Played Foil Spanish
2026-08-15 11:36:58 | INFO     | __main__ | Omitiendo carta (Estado: MP | Idioma: EN): Darksteel Citadel [Darksteel] - Moderately Played
2026-08-15 11:36:58 | INFO     | __main__ | Omitiendo carta (Estado: MP | Idioma: EN): Eldrazi Temple [Rise of the Eldrazi] - Moderately Played
2026-08-15 11:36:58 | INFO     | __main__ | Omitiendo carta (Estado: LP | Idioma: CN): S-CHINESE Eye of Ugin [Worldwake] - Lightly Played
2026-08-15 11:36:58 | INFO     | __main__ | Omitiendo carta (Estado: MP | Idioma: ES): Hedron Archive [Battle for Zendikar] - Moderately Played Spanish
2026-08-15 11:36:58 | INFO     | __main__ | Omitiendo carta (Estado: MP | Idioma: ES): Hedron Archive [Battle for Zendikar] - Heavily Played Spanish
2026-08-15 11:36:58 | INFO     | __main__ | Omitiendo carta (Estado: NM | Idioma: JP): JAPANESE Inventors' Fair [Kaladesh] - Near Mint
2026-08-15 11:36:58 | INFO     | __main__ | Omitiendo carta (Estado: LP | Idioma: CN): S-CHINESE Inventors' Fair [Kaladesh] - Lightly Played
2026-08-15 11:36:58 | INFO     | __main__ | Omitiendo carta (Estado: MP | Idioma: ES): Sanctum of Ugin [Battle for Zendikar] - Moderately Played Spanish
2026-08-15 11:36:58 | INFO     | __main__ | Omitiendo carta (Estado: MP | Idioma: EN): Scavenger Grounds [Hour of Devastation] - Moderately Played
2026-08-15 11:36:58 | INFO     | __main__ | Omitiendo carta (Estado: MP | Idioma: EN): PORTUGUESE Scavenger Grounds [Hour of Devastation] - Moderately Played
2026-08-15 11:36:58 | INFO     | __main__ | Omitiendo carta (Estado: MP | Idioma: EN): Shrine of the Forsaken Gods [Battle for Zendikar] - Moderately Played
2026-08-15 11:36:58 | INFO     | __main__ | Omitiendo carta (Estado: MP | Idioma: EN): Ugin, the Spirit Dragon [Fate Reforged] - Moderately Played
2026-08-15 11:36:58 | INFO     | __main__ | Omitiendo carta (Estado: MP | Idioma: ES): Ugin, the Spirit Dragon [Fate Reforged] - Heavily Played Spanish
2026-08-15 11:36:58 | INFO     | __main__ | Omitiendo carta (Estado: MP | Idioma: EN): Urza's Mine (Pulley Embedded in Stone) [Antiquities] - Moderately Played
2026-08-15 11:36:58 | INFO     | __main__ | Omitiendo carta (Estado: MP | Idioma: EN): Urza's Mine (Pulley Embedded in Stone) [Antiquities] - Heavily Played
2026-08-15 11:36:58 | INFO     | __main__ | Omitiendo carta (Estado: MP | Idioma: EN): Urza's Power Plant (Red Columns) [Antiquities] - Moderately Played
2026-08-15 11:36:58 | INFO     | __main__ | Omitiendo carta (Estado: MP | Idioma: EN): Urza's Power Plant (Red Columns) [Antiquities] - Heavily Played
2026-08-15 11:36:58 | INFO     | __main__ | Omitiendo carta (Estado: MP | Idioma: EN): Urza's Power Plant (Boiling Rock) [Antiquities] - Moderately Played
2026-08-15 11:36:58 | INFO     | __main__ | Omitiendo carta (Estado: MP | Idioma: EN): Urza's Power Plant (Rock in Pot) (Italian) - Centrale Energetica di Urza' [Renaissance] - Moderately Played
2026-08-15 11:36:58 | INFO     | __main__ | Omitiendo carta (Estado: MP | Idioma: EN): Urza's Tower (Mountains) [Antiquities] - Moderately Played
2026-08-15 11:36:58 | INFO     | __main__ | Omitiendo carta (Estado: MP | Idioma: EN): Wastes (184) (Full Art) [Oath of the Gatewatch] - Moderately Played
2026-08-15 11:36:58 | INFO     | __main__ | Omitiendo carta (Estado: MP | Idioma: ES): Wastes (184) (Full Art) [Oath of the Gatewatch] - Moderately Played Spanish
2026-08-15 11:36:58 | INFO     | __main__ | Omitiendo carta (Estado: MP | Idioma: EN): Wastes (183) (Full Art) [Oath of the Gatewatch] - Moderately Played
2026-08-15 11:36:58 | INFO     | __main__ | Omitiendo carta (Estado: DM | Idioma: EN): Wastes (183) (Full Art) [Oath of the Gatewatch] - Damaged
2026-08-15 11:36:58 | INFO     | __main__ | Omitiendo carta (Estado: MP | Idioma: ES): Wastes (183) (Full Art) [Oath of the Gatewatch] - Moderately Played Spanish
2026-08-15 11:36:58 | INFO     | __main__ | Omitiendo carta (Estado: MP | Idioma: EN): Llanowar Wastes [Apocalypse] - Heavily Played
2026-08-15 11:36:58 | INFO     | __main__ | Omitiendo carta (Estado: NM | Idioma: CN): Encroaching Wastes [Commander Legends] - Near Mint
2026-08-15 11:36:58 | INFO     | __main__ | Omitiendo carta (Estado: NM | Idioma: CN): Encroaching Wastes [Magic 2014] - Near Mint
2026-08-15 11:36:58 | INFO     | __main__ | Omitiendo carta (Estado: LP | Idioma: CN): Encroaching Wastes [Magic 2014] - Lightly Played
2026-08-15 11:36:58 | INFO     | __main__ | Omitiendo carta (Estado: MP | Idioma: ES): Wastes (183) [Oath of the Gatewatch] - Moderately Played Spanish
2026-08-15 11:36:58 | INFO     | __main__ | Omitiendo carta (Estado: MP | Idioma: EN): Akroma's Memorial [Magic 2013] - Moderately Played
2026-08-15 11:36:58 | INFO     | __main__ | Omitiendo carta (Estado: DM | Idioma: ES): Akroma's Memorial [Magic 2013] - Damaged Spanish
2026-08-15 11:36:58 | INFO     | __main__ | Omitiendo carta (Estado: MP | Idioma: EN): Akroma's Memorial [Future Sight] - Moderately Played
2026-08-15 11:36:58 | INFO     | __main__ | Omitiendo carta (Estado: LP | Idioma: CN): Akroma's Memorial CHINESE [Magic 2013] - Lightly Played
2026-08-15 11:36:58 | INFO     | __main__ | Omitiendo carta (Estado: MP | Idioma: EN): All Is Dust [Rise of the Eldrazi] - Moderately Played
2026-08-15 11:36:58 | INFO     | __main__ | Omitiendo carta (Estado: MP | Idioma: EN): All Is Dust [Modern Masters 2015] - Moderately Played
2026-08-15 11:36:58 | INFO     | __main__ | Omitiendo carta (Estado: NM | Idioma: JP): All Is Dust JAPANESE [Modern Masters 2015] - Near Mint
2026-08-15 11:36:58 | INFO     | __main__ | Omitiendo carta (Estado: MP | Idioma: EN): All Is Dust (Grand Prix) [Grand Prix Promos] - Moderately Played Foil
2026-08-15 11:36:58 | INFO     | __main__ | Omitiendo carta (Estado: MP | Idioma: EN): Arch of Orazca [Rivals of Ixalan] - Moderately Played
2026-08-15 11:36:58 | INFO     | __main__ | Omitiendo carta (Estado: MP | Idioma: EN): Basalt Monolith [Revised Edition] - Moderately Played
2026-08-15 11:36:58 | INFO     | __main__ | Omitiendo carta (Estado: NM | Idioma: JP): Blast Zone JAPANESE [War of the Spark] - Near Mint
2026-08-15 11:36:58 | INFO     | __main__ | Omitiendo carta (Estado: MP | Idioma: EN): Blasted Landscape [Urza's Saga] - Moderately Played
2026-08-15 11:36:58 | INFO     | __main__ | Omitiendo carta (Estado: MP | Idioma: EN): Coldsteel Heart [Coldsnap] - Moderately Played
2026-08-15 11:36:58 | INFO     | __main__ | Omitiendo carta (Estado: MP | Idioma: EN): Coldsteel Heart [Double Masters 2022] - Moderately Played
2026-08-15 11:36:58 | INFO     | __main__ | Omitiendo carta (Estado: MP | Idioma: EN): Darksteel Citadel [Darksteel] - Moderately Played
2026-08-15 11:36:58 | INFO     | __main__ | Omitiendo carta (Estado: MP | Idioma: EN): Darksteel Citadel [Darksteel] - Heavily Played
2026-08-15 11:36:58 | INFO     | __main__ | Omitiendo carta (Estado: MP | Idioma: EN): Darksteel Citadel [Magic 2015] - Heavily Played Foil
2026-08-15 11:36:58 | INFO     | __main__ | Omitiendo carta (Estado: MP | Idioma: EN): Darksteel Citadel [Double Masters] - Moderately Played
2026-08-15 11:36:58 | INFO     | __main__ | Omitiendo carta (Estado: MP | Idioma: EN): Darksteel Citadel (Retro) [The Brothers' War Commander] - Heavily Played
2026-08-15 11:36:58 | INFO     | __main__ | Omitiendo carta (Estado: MP | Idioma: EN): Eye of Ugin [Modern Masters 2015] - Moderately Played
2026-08-15 11:36:58 | INFO     | __main__ | Omitiendo carta (Estado: MP | Idioma: EN): Eye of Ugin [Modern Masters 2015] - Heavily Played
2026-08-15 11:36:58 | INFO     | __main__ | Omitiendo carta (Estado: MP | Idioma: EN): Eye of Ugin [Judge Gift Cards 2020] - Moderately Played Foil
2026-08-15 11:36:58 | INFO     | __main__ | Omitiendo carta (Estado: DM | Idioma: EN): Field of Ruin [Theros Beyond Death] - Damaged
2026-08-15 11:36:58 | INFO     | __main__ | Omitiendo carta (Estado: MP | Idioma: EN): Ghost Quarter [Dissension] - Moderately Played
2026-08-15 11:36:58 | INFO     | __main__ | Omitiendo carta (Estado: DM | Idioma: EN): Ghost Quarter [Dissension] - Damaged
2026-08-15 11:36:58 | INFO     | __main__ | Omitiendo carta (Estado: MP | Idioma: EN): Ghost Quarter [Innistrad] - Moderately Played
2026-08-15 11:36:58 | INFO     | __main__ | Omitiendo carta (Estado: LP | Idioma: CN): Ghost Quarter CHINESE [Dissension] - Lightly Played
2026-08-15 11:36:58 | INFO     | __main__ | Omitiendo carta (Estado: NM | Idioma: JP): Ghost Quarter JAPANESE [Dissension] - Near Mint
2026-08-15 11:36:58 | INFO     | __main__ | Omitiendo carta (Estado: MP | Idioma: EN): Ghost Quarter [Commander Anthology Volume II] - Moderately Played
2026-08-15 11:36:58 | INFO     | __main__ | Omitiendo carta (Estado: MP | Idioma: EN): Hedron Archive [Dominaria United Commander] - Moderately Played
2026-08-15 11:36:58 | INFO     | __main__ | Omitiendo carta (Estado: NM | Idioma: CN): Hedron Archive [March of the Machine Commander] - Near Mint
2026-08-15 11:36:58 | INFO     | __main__ | Omitiendo carta (Estado: MP | Idioma: EN): Hedron Archive (Retro) [The Brothers' War Commander] - Moderately Played
2026-08-15 11:36:58 | INFO     | __main__ | Omitiendo carta (Estado: MP | Idioma: ES): Inventors' Fair [Kaladesh] - Moderately Played Spanish
2026-08-15 11:36:58 | INFO     | __main__ | Omitiendo carta (Estado: MP | Idioma: EN): Inventors' Fair [The List] - Moderately Played
2026-08-15 11:36:58 | INFO     | __main__ | Omitiendo carta (Estado: NM | Idioma: JP): Inventors' Fair JAPANESE [Kaladesh] - Near Mint
2026-08-15 11:36:58 | INFO     | __main__ | Omitiendo carta (Estado: DM | Idioma: JP): Inventors' Fair JAPANESE [Kaladesh] - Damaged
2026-08-15 11:36:58 | INFO     | __main__ | Omitiendo carta (Estado: MP | Idioma: ES): It That Betrays [Rise of the Eldrazi] - Moderately Played Spanish
2026-08-15 11:36:58 | INFO     | __main__ | Omitiendo carta (Estado: MP | Idioma: ES): Kozilek, Butcher of Truth [Rise of the Eldrazi] - Heavily Played Spanish
2026-08-15 11:36:58 | INFO     | __main__ | Omitiendo carta (Estado: MP | Idioma: EN): Kozilek, Butcher of Truth [Modern Masters 2015] - Heavily Played
2026-08-15 11:36:58 | INFO     | __main__ | Omitiendo carta (Estado: NM | Idioma: CN): Kozilek, Butcher of Truth CHINESE  [Modern Masters 2015] - Near Mint
2026-08-15 11:36:58 | INFO     | __main__ | Omitiendo carta (Estado: MP | Idioma: EN): Ornithopter of Paradise [Modern Horizons 2] - Moderately Played
2026-08-15 11:36:58 | INFO     | __main__ | Omitiendo carta (Estado: MP | Idioma: EN): Palladium Myr [Scars of Mirrodin] - Moderately Played Foil
2026-08-15 11:36:58 | INFO     | __main__ | Omitiendo carta (Estado: MP | Idioma: EN): Prismatic Lens [Explorers of Ixalan] - Moderately Played
2026-08-15 11:36:58 | INFO     | __main__ | Omitiendo carta (Estado: MP | Idioma: EN): Sanctum of Ugin [Battle for Zendikar] - Moderately Played
2026-08-15 11:36:58 | INFO     | __main__ | Omitiendo carta (Estado: MP | Idioma: EN): Scavenger Grounds [Hour of Devastation] - Moderately Played
2026-08-15 11:36:58 | INFO     | __main__ | Omitiendo carta (Estado: MP | Idioma: EN): Solemn Simulacrum [Mirrodin] - Moderately Played
2026-08-15 11:36:58 | INFO     | __main__ | Omitiendo carta (Estado: MP | Idioma: EN): Solemn Simulacrum [Magic 2012] - Moderately Played
2026-08-15 11:36:58 | INFO     | __main__ | Omitiendo carta (Estado: MP | Idioma: ES): Ugin, the Spirit Dragon [Ugin's Fate] - Heavily Played Spanish
2026-08-15 11:36:58 | INFO     | __main__ | Omitiendo carta (Estado: MP | Idioma: JP): Ugin, the Spirit Dragon JAPANESE [Fate Reforged] - Heavily Played
2026-08-15 11:36:58 | INFO     | __main__ | Omitiendo carta (Estado: DM | Idioma: EN): Ugin's Labyrinth [Modern Horizons 3] - Damaged Foil
2026-08-15 11:36:58 | INFO     | __main__ | Omitiendo carta (Estado: DM | Idioma: EN): Ulamog, the Ceaseless Hunger [Battle for Zendikar] - Damaged Foil
2026-08-15 11:36:58 | INFO     | __main__ | Omitiendo carta (Estado: MP | Idioma: ES): Ulamog, the Ceaseless Hunger [Battle for Zendikar] - Moderately Played Spanish
2026-08-15 11:36:58 | INFO     | __main__ | Omitiendo carta (Estado: MP | Idioma: ES): Ulamog, the Ceaseless Hunger [Battle for Zendikar] - Heavily Played Spanish
2026-08-15 11:36:58 | INFO     | __main__ | Omitiendo carta (Estado: MP | Idioma: ES): Ulamog, the Ceaseless Hunger [Battle for Zendikar Prerelease Promos] - Heavily Played Foil Spanish
2026-08-15 11:36:58 | INFO     | __main__ | Omitiendo carta (Estado: MP | Idioma: EN): Ulamog, the Ceaseless Hunger PORTUGUESE [Battle for Zendikar] - Moderately Played
2026-08-15 11:36:58 | INFO     | __main__ | Omitiendo carta (Estado: LP | Idioma: CN): Ulamog, the Ceaseless Hunger CHINESE [Battle for Zendikar] - Lightly Played
2026-08-15 11:36:58 | INFO     | __main__ | Omitiendo carta (Estado: MP | Idioma: ES): Ulamog, the Defiler [Modern Horizons 3 Prerelease Promos] - Moderately Played Foil Spanish
2026-08-15 11:36:58 | INFO     | __main__ | Omitiendo carta (Estado: MP | Idioma: EN): Ulamog, the Infinite Gyre [Rise of the Eldrazi] - Heavily Played
2026-08-15 11:36:58 | INFO     | __main__ | Omitiendo carta (Estado: NM | Idioma: CN): Ulamog, the Infinite Gyre CHINESE  [Modern Masters 2015] - Near Mint
2026-08-15 11:36:58 | INFO     | __main__ | Omitiendo carta (Estado: DM | Idioma: EN): Urza's Mine [Ninth Edition] - Damaged
2026-08-15 11:36:58 | INFO     | __main__ | Omitiendo carta (Estado: MP | Idioma: EN): Urza's Mine (Sky Background) [Antiquities] - Heavily Played
2026-08-15 11:36:58 | INFO     | __main__ | Omitiendo carta (Estado: MP | Idioma: EN): Urza's Mine (Mine Cart Entering Mouth) [Antiquities] - Moderately Played
2026-08-15 11:36:58 | INFO     | __main__ | Omitiendo carta (Estado: MP | Idioma: EN): Urza's Power Plant (Insect) [Antiquities] - Moderately Played
2026-08-15 11:36:58 | INFO     | __main__ | Omitiendo carta (Estado: MP | Idioma: EN): Urza's Power Plant (Boiling Rock) [Antiquities] - Moderately Played
2026-08-15 11:36:58 | INFO     | __main__ | Omitiendo carta (Estado: MP | Idioma: EN): Urza's Power Plant [Fifth Edition] - Heavily Played
2026-08-15 11:36:58 | INFO     | __main__ | Omitiendo carta (Estado: DM | Idioma: EN): Urza's Power Plant [Fifth Edition] - Damaged
2026-08-15 11:36:58 | INFO     | __main__ | Omitiendo carta (Estado: MP | Idioma: EN): Urza's Power Plant [Eighth Edition] - Heavily Played
2026-08-15 11:36:58 | INFO     | __main__ | Omitiendo carta (Estado: MP | Idioma: EN): Urza's Power Plant (Heated Sphere) [Antiquities] - Heavily Played
2026-08-15 11:36:58 | INFO     | __main__ | Omitiendo carta (Estado: DM | Idioma: EN): Urza's Power Plant (Heated Sphere) [Antiquities] - Damaged
2026-08-15 11:36:58 | INFO     | __main__ | Omitiendo carta (Estado: MP | Idioma: EN): Urza's Power Plant (Red Columns) [Antiquities] - Heavily Played
2026-08-15 11:36:58 | INFO     | __main__ | Omitiendo carta (Estado: MP | Idioma: EN): Urza's Tower [Fifth Edition] - Heavily Played
2026-08-15 11:36:58 | INFO     | __main__ | Omitiendo carta (Estado: MP | Idioma: EN): Urza's Tower [Eighth Edition] - Moderately Played
2026-08-15 11:36:58 | INFO     | __main__ | Omitiendo carta (Estado: MP | Idioma: EN): Urza's Tower [Eighth Edition] - Heavily Played
2026-08-15 11:36:58 | INFO     | __main__ | Omitiendo carta (Estado: MP | Idioma: EN): Urza's Tower (Sunset) [Chronicles] - Moderately Played
2026-08-15 11:36:58 | INFO     | __main__ | Omitiendo carta (Estado: MP | Idioma: EN): Urza's Tower (Mountains) [Antiquities] - Moderately Played
2026-08-15 11:36:58 | INFO     | __main__ | Omitiendo carta (Estado: MP | Idioma: EN): Void Winnower [Battle for Zendikar] - Moderately Played
2026-08-15 11:36:58 | INFO     | __main__ | Omitiendo carta (Estado: MP | Idioma: ES): Void Winnower [Battle for Zendikar] - Heavily Played Spanish
2026-08-15 11:36:58 | INFO     | __main__ | Omitiendo carta (Estado: MP | Idioma: EN): Warping Wail [Oath of the Gatewatch] - Moderately Played Foil
2026-08-15 11:36:58 | INFO     | __main__ | Omitiendo carta (Estado: MP | Idioma: EN): Wastes (184) (Full Art) [Oath of the Gatewatch] - Moderately Played
2026-08-15 11:36:58 | INFO     | __main__ | Omitiendo carta (Estado: MP | Idioma: EN): Wastes (183) (Full Art) [Oath of the Gatewatch] - Heavily Played
2026-08-15 11:36:58 | INFO     | __main__ | Omitiendo carta (Estado: MP | Idioma: EN): Llanowar Wastes [Magic Origins] - Moderately Played
2026-08-15 11:36:58 | INFO     | __main__ | Omitiendo carta (Estado: MP | Idioma: EN): Worn Powerstone [Urza's Saga] - Moderately Played
2026-08-15 11:36:58 | INFO     | __main__ | Omitiendo carta (Estado: MP | Idioma: EN): Worn Powerstone [Duel Decks: Phyrexia vs. the Coalition] - Moderately Played
2026-08-15 11:36:58 | INFO     | __main__ | Omitiendo carta (Estado: NM | Idioma: JP): Akroma's Memorial - Japonés NM No Foil
2026-08-15 11:36:58 | INFO     | __main__ | Omitiendo carta (Estado: NM | Idioma: JP): Coldsteel Heart - Japonés NM No Foil
2026-08-15 11:36:58 | INFO     | __main__ | Omitiendo carta (Estado: MP | Idioma: ES): Darksteel Citadel - Español MP No Foil
2026-08-15 11:36:58 | INFO     | __main__ | Omitiendo carta (Estado: MP | Idioma: ES): Darksteel Citadel - Español MP No Foil
2026-08-15 11:36:58 | INFO     | __main__ | Omitiendo carta (Estado: MP | Idioma: EN): Hedron Archive - Inglés MP No Foil
2026-08-15 11:36:58 | INFO     | __main__ | Omitiendo carta (Estado: NM | Idioma: JP): It That Betrays - Japonés NM No Foil
2026-08-15 11:36:58 | INFO     | __main__ | Omitiendo carta (Estado: NM | Idioma: JP): Portal to Phyrexia - Japonés NM No Foil
2026-08-15 11:36:58 | INFO     | __main__ | Omitiendo carta (Estado: MP | Idioma: ES): Solemn Simulacrum - Español MP No Foil
2026-08-15 11:36:58 | INFO     | __main__ | Omitiendo carta (Estado: NM | Idioma: JP): Ugin, the Spirit Dragon - Japonés NM Foil
2026-08-15 11:36:58 | INFO     | __main__ | Omitiendo carta (Estado: NM | Idioma: JP): Void Winnower - Japonés NM No Foil
2026-08-15 11:36:58 | INFO     | __main__ | Omitiendo carta (Estado: NM | Idioma: CN): Secure the Wastes - Chino NM No Foil
2026-08-15 11:36:58 | INFO     | __main__ | Carga a la base de datos exitosa.
2026-08-15 11:36:58 | INFO     | __main__ | === PIPELINE FINALIZADO ===

2026-08-15 11:57:19 | INFO     | __main__ | === INICIANDO PIPELINE MTG TRACKER ===
2026-08-15 11:57:19 | INFO     | __main__ | Sincronizando dimensiones (Tiendas y Cartas) en la BD...
2026-08-15 11:57:19 | INFO     | __main__ | Determinando motor de extracción por tienda...
2026-08-15 11:57:19 | INFO     | __main__ | Ejecutando motor: ShopifyExtractor para 2 tiendas...
2026-08-15 11:57:19 | INFO     | src.extractors.shopify | Iniciando extracción asíncrona (Tiendas concurrentes, Cartas secuenciales): 47 cartas en 2 tiendas.
2026-08-15 11:57:19 | INFO     | src.extractors.shopify | [oasisgames.cl] Buscando (1/47): 'Acorn Harvest'
2026-08-15 11:57:19 | INFO     | src.extractors.shopify | [paytowin.cl] Buscando (1/47): 'Acorn Harvest'
2026-08-15 11:57:23 | INFO     | src.extractors.shopify | [paytowin.cl] Buscando (2/47): 'Avatar Sanctuary'
2026-08-15 11:57:23 | INFO     | src.extractors.shopify | [oasisgames.cl] Buscando (2/47): 'Avatar Sanctuary'
2026-08-15 11:57:25 | INFO     | src.extractors.shopify | [oasisgames.cl] Buscando (3/47): 'Banner of Kinship'
2026-08-15 11:57:29 | INFO     | src.extractors.shopify | [paytowin.cl] Buscando (3/47): 'Banner of Kinship'
2026-08-15 11:57:38 | INFO     | src.extractors.shopify | [oasisgames.cl] Buscando (4/47): 'Beastmaster Ascension'
2026-08-15 11:57:42 | INFO     | src.extractors.shopify | [paytowin.cl] Buscando (4/47): 'Beastmaster Ascension'
2026-08-15 11:57:58 | INFO     | src.extractors.shopify | [oasisgames.cl] Buscando (5/47): 'Champion of Lambholt'
2026-08-15 11:58:02 | INFO     | src.extractors.shopify | [paytowin.cl] Buscando (5/47): 'Champion of Lambholt'
2026-08-15 11:58:19 | INFO     | src.extractors.shopify | [oasisgames.cl] Buscando (6/47): 'Chatter of the Squirrel'
2026-08-15 11:58:23 | INFO     | src.extractors.shopify | [paytowin.cl] Buscando (6/47): 'Chatter of the Squirrel'
2026-08-15 11:58:28 | INFO     | src.extractors.shopify | [oasisgames.cl] Buscando (7/47): 'Chitterspitter'
2026-08-15 11:58:33 | INFO     | src.extractors.shopify | [paytowin.cl] Buscando (7/47): 'Chitterspitter'
2026-08-15 11:58:38 | INFO     | src.extractors.shopify | [oasisgames.cl] Buscando (8/47): 'Deep Forest Hermit'
2026-08-15 11:58:42 | INFO     | src.extractors.shopify | [paytowin.cl] Buscando (8/47): 'Deep Forest Hermit'
2026-08-15 11:58:47 | INFO     | src.extractors.shopify | [oasisgames.cl] Buscando (9/47): 'Druid's Call'
2026-08-15 11:58:51 | INFO     | src.extractors.shopify | [paytowin.cl] Buscando (9/47): 'Druid's Call'
2026-08-15 11:58:54 | INFO     | src.extractors.shopify | [oasisgames.cl] Buscando (10/47): 'Emerald Medallion'
2026-08-15 11:58:57 | INFO     | src.extractors.shopify | [paytowin.cl] Buscando (10/47): 'Emerald Medallion'
2026-08-15 11:59:09 | INFO     | src.extractors.shopify | [oasisgames.cl] Buscando (11/47): 'Enduring Vitality'
2026-08-15 11:59:14 | INFO     | src.extractors.shopify | [paytowin.cl] Buscando (11/47): 'Enduring Vitality'
2026-08-15 11:59:26 | INFO     | src.extractors.shopify | [oasisgames.cl] Buscando (12/47): 'Essence Warden'
2026-08-15 11:59:30 | INFO     | src.extractors.shopify | [paytowin.cl] Buscando (12/47): 'Essence Warden'
2026-08-15 11:59:41 | INFO     | src.extractors.shopify | [oasisgames.cl] Buscando (13/47): 'Firdoch Core'
2026-08-15 11:59:43 | INFO     | src.extractors.shopify | [paytowin.cl] Buscando (13/47): 'Firdoch Core'
2026-08-15 11:59:45 | INFO     | src.extractors.shopify | [oasisgames.cl] Buscando (14/47): 'Fog'
2026-08-15 11:59:47 | INFO     | src.extractors.shopify | [paytowin.cl] Buscando (14/47): 'Fog'
2026-08-15 12:00:05 | INFO     | src.extractors.shopify | [oasisgames.cl] Buscando (15/47): 'Frog-Squirrels'
2026-08-15 12:00:08 | INFO     | src.extractors.shopify | [paytowin.cl] Buscando (15/47): 'Frog-Squirrels'
2026-08-15 12:00:09 | INFO     | src.extractors.shopify | [oasisgames.cl] Buscando (16/47): 'Go Nuts!'
2026-08-15 12:00:12 | INFO     | src.extractors.shopify | [paytowin.cl] Buscando (16/47): 'Go Nuts!'
2026-08-15 12:00:13 | INFO     | src.extractors.shopify | [oasisgames.cl] Buscando (17/47): 'Growing Rites of Itlimoc / Itlimoc, Cradle of the Sun'
2026-08-15 12:00:15 | INFO     | src.extractors.shopify | [paytowin.cl] Buscando (17/47): 'Growing Rites of Itlimoc / Itlimoc, Cradle of the Sun'
2026-08-15 12:00:24 | INFO     | src.extractors.shopify | [oasisgames.cl] Buscando (18/47): 'Guardian Project'
2026-08-15 12:00:32 | INFO     | src.extractors.shopify | [paytowin.cl] Buscando (18/47): 'Guardian Project'
2026-08-15 12:00:44 | INFO     | src.extractors.shopify | [oasisgames.cl] Buscando (19/47): 'Honored Dreyleader'
2026-08-15 12:00:52 | INFO     | src.extractors.shopify | [oasisgames.cl] Buscando (20/47): 'Idol of Oblivion'
2026-08-15 12:00:53 | INFO     | src.extractors.shopify | [paytowin.cl] Buscando (19/47): 'Honored Dreyleader'
2026-08-15 12:01:01 | INFO     | src.extractors.shopify | [paytowin.cl] Buscando (20/47): 'Idol of Oblivion'
2026-08-15 12:01:12 | INFO     | src.extractors.shopify | [oasisgames.cl] Buscando (21/47): 'Jaheira, Friend of the Forest'
2026-08-15 12:01:21 | INFO     | src.extractors.shopify | [paytowin.cl] Buscando (21/47): 'Jaheira, Friend of the Forest'
2026-08-15 12:01:22 | INFO     | src.extractors.shopify | [oasisgames.cl] Buscando (22/47): 'Mana Reflection'
2026-08-15 12:01:31 | INFO     | src.extractors.shopify | [paytowin.cl] Buscando (22/47): 'Mana Reflection'
2026-08-15 12:01:31 | INFO     | src.extractors.shopify | [oasisgames.cl] Buscando (23/47): 'Nature's Lore'
2026-08-15 12:01:40 | INFO     | src.extractors.shopify | [paytowin.cl] Buscando (23/47): 'Nature's Lore'
2026-08-15 12:01:52 | INFO     | src.extractors.shopify | [oasisgames.cl] Buscando (24/47): 'Noxious Newt'
2026-08-15 12:01:55 | INFO     | src.extractors.shopify | [oasisgames.cl] Buscando (25/47): 'Ohran Frostfang'
2026-08-15 12:02:00 | INFO     | src.extractors.shopify | [paytowin.cl] Buscando (24/47): 'Noxious Newt'
2026-08-15 12:02:04 | INFO     | src.extractors.shopify | [paytowin.cl] Buscando (25/47): 'Ohran Frostfang'
2026-08-15 12:02:14 | INFO     | src.extractors.shopify | [oasisgames.cl] Buscando (26/47): 'Patchwork Banner'
2026-08-15 12:02:23 | INFO     | src.extractors.shopify | [paytowin.cl] Buscando (26/47): 'Patchwork Banner'
2026-08-15 12:02:25 | INFO     | src.extractors.shopify | [oasisgames.cl] Buscando (27/47): 'Primal Rage'
2026-08-15 12:02:34 | INFO     | src.extractors.shopify | [paytowin.cl] Buscando (27/47): 'Primal Rage'
2026-08-15 12:02:37 | INFO     | src.extractors.shopify | [oasisgames.cl] Buscando (28/47): 'Quest for Renewal'
2026-08-15 12:02:40 | INFO     | src.extractors.shopify | [oasisgames.cl] Buscando (29/47): 'Rootcast Apprenticeship'
2026-08-15 12:02:43 | INFO     | src.extractors.shopify | [paytowin.cl] Buscando (28/47): 'Quest for Renewal'
2026-08-15 12:02:44 | INFO     | src.extractors.shopify | [oasisgames.cl] Buscando (30/47): 'Sakura-Tribe Elder'
2026-08-15 12:02:47 | INFO     | src.extractors.shopify | [paytowin.cl] Buscando (29/47): 'Rootcast Apprenticeship'
2026-08-15 12:02:53 | INFO     | src.extractors.shopify | [paytowin.cl] Buscando (30/47): 'Sakura-Tribe Elder'
2026-08-15 12:03:05 | INFO     | src.extractors.shopify | [oasisgames.cl] Buscando (31/47): 'Scurrid Colony'
2026-08-15 12:03:08 | INFO     | src.extractors.shopify | [oasisgames.cl] Buscando (32/47): 'Scurry of Squirrels'
2026-08-15 12:03:12 | INFO     | src.extractors.shopify | [oasisgames.cl] Buscando (33/47): 'Search for Tomorrow'
2026-08-15 12:03:13 | INFO     | src.extractors.shopify | [paytowin.cl] Buscando (31/47): 'Scurrid Colony'
2026-08-15 12:03:17 | INFO     | src.extractors.shopify | [paytowin.cl] Buscando (32/47): 'Scurry of Squirrels'
2026-08-15 12:03:23 | INFO     | src.extractors.shopify | [paytowin.cl] Buscando (33/47): 'Search for Tomorrow'
2026-08-15 12:03:33 | INFO     | src.extractors.shopify | [oasisgames.cl] Buscando (34/47): 'Seedborn Muse'
2026-08-15 12:03:44 | INFO     | src.extractors.shopify | [paytowin.cl] Buscando (34/47): 'Seedborn Muse'
2026-08-15 12:03:54 | INFO     | src.extractors.shopify | [oasisgames.cl] Buscando (35/47): 'Selfless Safewright'
2026-08-15 12:04:04 | INFO     | src.extractors.shopify | [paytowin.cl] Buscando (35/47): 'Selfless Safewright'
2026-08-15 12:04:05 | INFO     | src.extractors.shopify | [oasisgames.cl] Buscando (36/47): 'Shamanic Revelation'
2026-08-15 12:04:16 | INFO     | src.extractors.shopify | [paytowin.cl] Buscando (36/47): 'Shamanic Revelation'
2026-08-15 12:04:25 | INFO     | src.extractors.shopify | [oasisgames.cl] Buscando (37/47): 'Skullclamp'
2026-08-15 12:04:36 | INFO     | src.extractors.shopify | [paytowin.cl] Buscando (37/47): 'Skullclamp'
2026-08-15 12:04:46 | INFO     | src.extractors.shopify | [oasisgames.cl] Buscando (38/47): 'Skyshroud Claim'
2026-08-15 12:04:57 | INFO     | src.extractors.shopify | [paytowin.cl] Buscando (38/47): 'Skyshroud Claim'
2026-08-15 12:04:57 | INFO     | src.extractors.shopify | [oasisgames.cl] Buscando (39/47): 'Squirrel Mob'
2026-08-15 12:05:10 | INFO     | src.extractors.shopify | [paytowin.cl] Buscando (39/47): 'Squirrel Mob'
2026-08-15 12:05:10 | INFO     | src.extractors.shopify | [oasisgames.cl] Buscando (40/47): 'Squirrel Sovereign'
2026-08-15 12:05:23 | INFO     | src.extractors.shopify | [oasisgames.cl] Buscando (41/47): 'Studious First-Year / Rampant Growth'
2026-08-15 12:05:25 | INFO     | src.extractors.shopify | [paytowin.cl] Buscando (40/47): 'Squirrel Sovereign'
2026-08-15 12:05:25 | INFO     | src.extractors.shopify | [oasisgames.cl] Buscando (42/47): 'Swarmyard'
2026-08-15 12:05:38 | INFO     | src.extractors.shopify | [paytowin.cl] Buscando (41/47): 'Studious First-Year / Rampant Growth'
2026-08-15 12:05:40 | INFO     | src.extractors.shopify | [paytowin.cl] Buscando (42/47): 'Swarmyard'
2026-08-15 12:05:42 | INFO     | src.extractors.shopify | [oasisgames.cl] Buscando (43/47): 'Three Tree City'
2026-08-15 12:05:59 | INFO     | src.extractors.shopify | [oasisgames.cl] Buscando (44/47): 'Tippy-Toe, Terrific Partner'
2026-08-15 12:06:00 | INFO     | src.extractors.shopify | [paytowin.cl] Buscando (43/47): 'Three Tree City'
2026-08-15 12:06:05 | INFO     | src.extractors.shopify | [oasisgames.cl] Buscando (45/47): 'Tribute to the World Tree'
2026-08-15 12:06:14 | INFO     | src.extractors.shopify | [oasisgames.cl] Buscando (46/47): 'Triumph of the Hordes'
2026-08-15 12:06:19 | INFO     | src.extractors.shopify | [paytowin.cl] Buscando (44/47): 'Tippy-Toe, Terrific Partner'
2026-08-15 12:06:25 | INFO     | src.extractors.shopify | [paytowin.cl] Buscando (45/47): 'Tribute to the World Tree'
2026-08-15 12:06:29 | INFO     | src.extractors.shopify | [oasisgames.cl] Buscando (47/47): 'Verdant Command'
2026-08-15 12:06:34 | INFO     | src.extractors.shopify | [paytowin.cl] Buscando (46/47): 'Triumph of the Hordes'
2026-08-15 12:06:51 | INFO     | src.extractors.shopify | [paytowin.cl] Buscando (47/47): 'Verdant Command'
2026-08-15 12:07:10 | INFO     | src.extractors.shopify | Extracción finalizada. 236 variantes EN STOCK obtenidas.
2026-08-15 12:07:10 | INFO     | __main__ | Ejecutando motor: WooCommerceExtractor para 1 tiendas...
2026-08-15 12:07:10 | INFO     | src.extractors.woocommerce | Iniciando extracción asíncrona WooCommerce: 47 cartas en 1 tiendas.
2026-08-15 12:07:10 | INFO     | src.extractors.woocommerce | [cardnexus.cl] Buscando (1/47): 'Acorn Harvest'
2026-08-15 12:07:13 | INFO     | src.extractors.woocommerce | [cardnexus.cl] Buscando (2/47): 'Avatar Sanctuary'
2026-08-15 12:07:16 | INFO     | src.extractors.woocommerce | [cardnexus.cl] Buscando (3/47): 'Banner of Kinship'
2026-08-15 12:07:18 | INFO     | src.extractors.woocommerce | [cardnexus.cl] Buscando (4/47): 'Beastmaster Ascension'
2026-08-15 12:07:21 | INFO     | src.extractors.woocommerce | [cardnexus.cl] Buscando (5/47): 'Champion of Lambholt'
2026-08-15 12:07:24 | INFO     | src.extractors.woocommerce | [cardnexus.cl] Buscando (6/47): 'Chatter of the Squirrel'
2026-08-15 12:07:26 | INFO     | src.extractors.woocommerce | [cardnexus.cl] Buscando (7/47): 'Chitterspitter'
2026-08-15 12:07:29 | INFO     | src.extractors.woocommerce | [cardnexus.cl] Buscando (8/47): 'Deep Forest Hermit'
2026-08-15 12:07:31 | INFO     | src.extractors.woocommerce | [cardnexus.cl] Buscando (9/47): 'Druid's Call'
2026-08-15 12:07:34 | INFO     | src.extractors.woocommerce | [cardnexus.cl] Buscando (10/47): 'Emerald Medallion'
2026-08-15 12:07:37 | INFO     | src.extractors.woocommerce | [cardnexus.cl] Buscando (11/47): 'Enduring Vitality'
2026-08-15 12:07:40 | INFO     | src.extractors.woocommerce | [cardnexus.cl] Buscando (12/47): 'Essence Warden'
2026-08-15 12:07:42 | INFO     | src.extractors.woocommerce | [cardnexus.cl] Buscando (13/47): 'Firdoch Core'
2026-08-15 12:07:45 | INFO     | src.extractors.woocommerce | [cardnexus.cl] Buscando (14/47): 'Fog'
2026-08-15 12:07:48 | INFO     | src.extractors.woocommerce | [cardnexus.cl] Buscando (15/47): 'Frog-Squirrels'
2026-08-15 12:07:50 | INFO     | src.extractors.woocommerce | [cardnexus.cl] Buscando (16/47): 'Go Nuts!'
2026-08-15 12:07:53 | INFO     | src.extractors.woocommerce | [cardnexus.cl] Buscando (17/47): 'Growing Rites of Itlimoc / Itlimoc, Cradle of the Sun'
2026-08-15 12:07:56 | INFO     | src.extractors.woocommerce | [cardnexus.cl] Buscando (18/47): 'Guardian Project'
2026-08-15 12:07:59 | INFO     | src.extractors.woocommerce | [cardnexus.cl] Buscando (19/47): 'Honored Dreyleader'
2026-08-15 12:08:01 | INFO     | src.extractors.woocommerce | [cardnexus.cl] Buscando (20/47): 'Idol of Oblivion'
2026-08-15 12:08:04 | INFO     | src.extractors.woocommerce | [cardnexus.cl] Buscando (21/47): 'Jaheira, Friend of the Forest'
2026-08-15 12:08:07 | INFO     | src.extractors.woocommerce | [cardnexus.cl] Buscando (22/47): 'Mana Reflection'
2026-08-15 12:08:10 | INFO     | src.extractors.woocommerce | [cardnexus.cl] Buscando (23/47): 'Nature's Lore'
2026-08-15 12:08:13 | INFO     | src.extractors.woocommerce | [cardnexus.cl] Buscando (24/47): 'Noxious Newt'
2026-08-15 12:08:15 | INFO     | src.extractors.woocommerce | [cardnexus.cl] Buscando (25/47): 'Ohran Frostfang'
2026-08-15 12:08:18 | INFO     | src.extractors.woocommerce | [cardnexus.cl] Buscando (26/47): 'Patchwork Banner'
2026-08-15 12:08:21 | INFO     | src.extractors.woocommerce | [cardnexus.cl] Buscando (27/47): 'Primal Rage'
2026-08-15 12:08:23 | INFO     | src.extractors.woocommerce | [cardnexus.cl] Buscando (28/47): 'Quest for Renewal'
2026-08-15 12:08:26 | INFO     | src.extractors.woocommerce | [cardnexus.cl] Buscando (29/47): 'Rootcast Apprenticeship'
2026-08-15 12:08:28 | INFO     | src.extractors.woocommerce | [cardnexus.cl] Buscando (30/47): 'Sakura-Tribe Elder'
2026-08-15 12:08:31 | INFO     | src.extractors.woocommerce | [cardnexus.cl] Buscando (31/47): 'Scurrid Colony'
2026-08-15 12:08:34 | INFO     | src.extractors.woocommerce | [cardnexus.cl] Buscando (32/47): 'Scurry of Squirrels'
2026-08-15 12:08:37 | INFO     | src.extractors.woocommerce | [cardnexus.cl] Buscando (33/47): 'Search for Tomorrow'
2026-08-15 12:08:39 | INFO     | src.extractors.woocommerce | [cardnexus.cl] Buscando (34/47): 'Seedborn Muse'
2026-08-15 12:08:42 | INFO     | src.extractors.woocommerce | [cardnexus.cl] Buscando (35/47): 'Selfless Safewright'
2026-08-15 12:08:44 | INFO     | src.extractors.woocommerce | [cardnexus.cl] Buscando (36/47): 'Shamanic Revelation'
2026-08-15 12:08:47 | INFO     | src.extractors.woocommerce | [cardnexus.cl] Buscando (37/47): 'Skullclamp'
2026-08-15 12:08:50 | INFO     | src.extractors.woocommerce | [cardnexus.cl] Buscando (38/47): 'Skyshroud Claim'
2026-08-15 12:08:52 | INFO     | src.extractors.woocommerce | [cardnexus.cl] Buscando (39/47): 'Squirrel Mob'
2026-08-15 12:08:55 | INFO     | src.extractors.woocommerce | [cardnexus.cl] Buscando (40/47): 'Squirrel Sovereign'
2026-08-15 12:08:58 | INFO     | src.extractors.woocommerce | [cardnexus.cl] Buscando (41/47): 'Studious First-Year / Rampant Growth'
2026-08-15 12:09:00 | INFO     | src.extractors.woocommerce | [cardnexus.cl] Buscando (42/47): 'Swarmyard'
2026-08-15 12:09:03 | INFO     | src.extractors.woocommerce | [cardnexus.cl] Buscando (43/47): 'Three Tree City'
2026-08-15 12:09:06 | INFO     | src.extractors.woocommerce | [cardnexus.cl] Buscando (44/47): 'Tippy-Toe, Terrific Partner'
2026-08-15 12:09:08 | INFO     | src.extractors.woocommerce | [cardnexus.cl] Buscando (45/47): 'Tribute to the World Tree'
2026-08-15 12:09:11 | INFO     | src.extractors.woocommerce | [cardnexus.cl] Buscando (46/47): 'Triumph of the Hordes'
2026-08-15 12:09:14 | INFO     | src.extractors.woocommerce | [cardnexus.cl] Buscando (47/47): 'Verdant Command'
2026-08-15 12:09:14 | INFO     | __main__ | Aplicando transformaciones RegEx y cargando a la base de datos...
2026-08-15 12:09:14 | INFO     | __main__ | Omitiendo carta (Estado: MP | Idioma: ES): Chatter of the Squirrel [Odyssey] - Heavily Played Spanish
2026-08-15 12:09:14 | INFO     | __main__ | Omitiendo carta (Estado: LP | Idioma: JP): JAPANESE Druid's Call [Odyssey] - Lightly Played
2026-08-15 12:09:14 | INFO     | __main__ | Omitiendo carta (Estado: MP | Idioma: EN): Fog Patch [Nemesis] - Moderately Played
2026-08-15 12:09:14 | INFO     | __main__ | Omitiendo carta (Estado: MP | Idioma: ES): Fog Patch [Nemesis] - Moderately Played Spanish
2026-08-15 12:09:14 | INFO     | __main__ | Omitiendo carta (Estado: MP | Idioma: EN): Fog Patch [Nemesis] - Heavily Played
2026-08-15 12:09:14 | INFO     | __main__ | Omitiendo carta (Estado: DM | Idioma: EN): Fog Patch [Nemesis] - Damaged
2026-08-15 12:09:14 | INFO     | __main__ | Omitiendo carta (Estado: MP | Idioma: ES): Blinding Fog [Ixalan] - Moderately Played Spanish
2026-08-15 12:09:14 | INFO     | __main__ | Omitiendo carta (Estado: MP | Idioma: ES): Fog Elemental [Classic Sixth Edition] - Moderately Played Spanish
2026-08-15 12:09:14 | INFO     | __main__ | Omitiendo carta (Estado: LP | Idioma: JP): JAPANESE Guardian Project [Ravnica Allegiance] - Lightly Played
2026-08-15 12:09:15 | INFO     | __main__ | Omitiendo carta (Estado: MP | Idioma: EN): Scurrid Colony [Strixhaven: School of Mages] - Moderately Played
2026-08-15 12:09:15 | INFO     | __main__ | Omitiendo carta (Estado: MP | Idioma: ES): Search for Tomorrow [Time Spiral] - Moderately Played Spanish
2026-08-15 12:09:15 | INFO     | __main__ | Omitiendo carta (Estado: MP | Idioma: ES): Search for Tomorrow [Time Spiral] - Heavily Played Spanish
2026-08-15 12:09:15 | INFO     | __main__ | Omitiendo carta (Estado: MP | Idioma: ES): Swarmyard [Time Spiral] - Moderately Played Spanish
2026-08-15 12:09:15 | INFO     | __main__ | Omitiendo carta (Estado: LP | Idioma: JP): JAPANESE Three Tree City [Bloomburrow] - Lightly Played
2026-08-15 12:09:15 | INFO     | __main__ | Omitiendo carta (Estado: MP | Idioma: EN): Champion of Lambholt [Avacyn Restored] - Moderately Played
2026-08-15 12:09:15 | INFO     | __main__ | Omitiendo carta (Estado: LP | Idioma: CN): Champion of Lambholt [March of the Machine Commander] - Lightly Played
2026-08-15 12:09:15 | INFO     | __main__ | Omitiendo carta (Estado: MP | Idioma: EN): Chatter of the Squirrel [Odyssey] - Moderately Played Foil
2026-08-15 12:09:15 | INFO     | __main__ | Omitiendo carta (Estado: MP | Idioma: EN): Chitterspitter [Modern Horizons 2] - Moderately Played
2026-08-15 12:09:15 | INFO     | __main__ | Omitiendo carta (Estado: MP | Idioma: EN): Druid's Call [Odyssey] - Moderately Played
2026-08-15 12:09:15 | INFO     | __main__ | Omitiendo carta (Estado: MP | Idioma: EN): Druid's Call [Odyssey] - Heavily Played
2026-08-15 12:09:15 | INFO     | __main__ | Omitiendo carta (Estado: NM | Idioma: JP): Enduring Vitality (Japan Showcase) (Japanese) [Duskmourn: House of Horror] - Near Mint Foil
2026-08-15 12:09:15 | INFO     | __main__ | Omitiendo carta (Estado: NM | Idioma: JP): Enduring Vitality (Japan Showcase Fracture Foil) (Japanese) [Duskmourn: House of Horror] - Near Mint Foil
2026-08-15 12:09:15 | INFO     | __main__ | Omitiendo carta (Estado: MP | Idioma: EN): Essence Warden [Commander Anthology] - Moderately Played
2026-08-15 12:09:15 | INFO     | __main__ | Omitiendo carta (Estado: MP | Idioma: EN): Fog [Magic 2010] - Moderately Played
2026-08-15 12:09:15 | INFO     | __main__ | Omitiendo carta (Estado: MP | Idioma: EN): Fog Bank [Urza's Saga] - Moderately Played
2026-08-15 12:09:15 | INFO     | __main__ | Omitiendo carta (Estado: MP | Idioma: ES): Guardian Project [Ravnica Allegiance] - Moderately Played Spanish
2026-08-15 12:09:15 | INFO     | __main__ | Omitiendo carta (Estado: MP | Idioma: ES): Guardian Project [Ravnica Allegiance] - Moderately Played Foil Spanish
2026-08-15 12:09:15 | INFO     | __main__ | Omitiendo carta (Estado: MP | Idioma: ES): Guardian Project (Promo Pack) [Ravnica Allegiance Promos] - Moderately Played Foil Spanish
2026-08-15 12:09:15 | INFO     | __main__ | Omitiendo carta (Estado: MP | Idioma: EN): Ohran Frostfang [Commander Masters] - Moderately Played
2026-08-15 12:09:15 | INFO     | __main__ | Omitiendo carta (Estado: MP | Idioma: EN): Primal Rage [Stronghold] - Heavily Played
2026-08-15 12:09:15 | INFO     | __main__ | Omitiendo carta (Estado: MP | Idioma: EN): Rootcast Apprenticeship [Bloomburrow Commander] - Moderately Played
2026-08-15 12:09:15 | INFO     | __main__ | Omitiendo carta (Estado: MP | Idioma: EN): Sakura-Tribe Elder [Champions of Kamigawa] - Moderately Played
2026-08-15 12:09:15 | INFO     | __main__ | Omitiendo carta (Estado: MP | Idioma: EN): Sakura-Tribe Elder [Friday Night Magic 2009] - Moderately Played Foil
2026-08-15 12:09:15 | INFO     | __main__ | Omitiendo carta (Estado: MP | Idioma: EN): Sakura-Tribe Elder [Friday Night Magic 2009] - Heavily Played Foil
2026-08-15 12:09:15 | INFO     | __main__ | Omitiendo carta (Estado: MP | Idioma: EN): Search for Tomorrow [Planechase] - Moderately Played
2026-08-15 12:09:15 | INFO     | __main__ | Omitiendo carta (Estado: MP | Idioma: EN): Search for Tomorrow [Time Spiral] - Moderately Played
2026-08-15 12:09:15 | INFO     | __main__ | Omitiendo carta (Estado: MP | Idioma: ES): Seedborn Muse [Legions] - Heavily Played Foil Spanish
2026-08-15 12:09:15 | INFO     | __main__ | Omitiendo carta (Estado: LP | Idioma: CN): Seedborn Muse CHINESE [Legions] - Lightly Played
2026-08-15 12:09:15 | INFO     | __main__ | Omitiendo carta (Estado: MP | Idioma: EN): Seedborn Muse [Ninth Edition] - Moderately Played Foil
2026-08-15 12:09:15 | INFO     | __main__ | Omitiendo carta (Estado: DM | Idioma: EN): Seedborn Muse [Ninth Edition] - Damaged Foil
2026-08-15 12:09:15 | INFO     | __main__ | Omitiendo carta (Estado: NM | Idioma: JP): Seedborn Muse JAPANESE  [Ninth Edition] - Near Mint
2026-08-15 12:09:15 | INFO     | __main__ | Omitiendo carta (Estado: MP | Idioma: EN): Shamanic Revelation [Bloomburrow Commander] - Moderately Played
2026-08-15 12:09:15 | INFO     | __main__ | Omitiendo carta (Estado: NM | Idioma: JP): Shamanic Revelation (Japanese) [Secrets of Strixhaven: Mystical Archive] - Near Mint
2026-08-15 12:09:15 | INFO     | __main__ | Omitiendo carta (Estado: MP | Idioma: EN): Skullclamp [Commander 2014] - Moderately Played
2026-08-15 12:09:15 | INFO     | __main__ | Omitiendo carta (Estado: MP | Idioma: EN): Skyshroud Claim [Nemesis] - Moderately Played
2026-08-15 12:09:15 | INFO     | __main__ | Omitiendo carta (Estado: NM | Idioma: JP): Squirrel Mob JAPANESE [Odyssey] - Near Mint
2026-08-15 12:09:15 | INFO     | __main__ | Omitiendo carta (Estado: NM | Idioma: CN): Champion of Lambholt - Chino NM No Foil
2026-08-15 12:09:15 | INFO     | __main__ | Omitiendo carta (Estado: NM | Idioma: JP): Emerald Medallion - Japonés NM No Foil
2026-08-15 12:09:15 | INFO     | __main__ | Omitiendo carta (Estado: NM | Idioma: JP): Essence Warden - Japonés NM No Foil
2026-08-15 12:09:15 | INFO     | __main__ | Omitiendo carta (Estado: NM | Idioma: JP): Jaheira, Friend of the Forest - Japonés NM etched
2026-08-15 12:09:15 | INFO     | __main__ | Omitiendo carta (Estado: NM | Idioma: JP): Jaheira, Friend of the Forest - Japonés NM No Foil
2026-08-15 12:09:15 | INFO     | __main__ | Omitiendo carta (Estado: NM | Idioma: JP): Ohran Frostfang - Japonés NM No Foil
2026-08-15 12:09:15 | INFO     | __main__ | Omitiendo carta (Estado: NM | Idioma: JP): Patchwork Banner - Japonés NM No Foil
2026-08-15 12:09:15 | INFO     | __main__ | Omitiendo carta (Estado: MP | Idioma: EN): Primal Rage - Inglés MP No Foil
2026-08-15 12:09:15 | INFO     | __main__ | Omitiendo carta (Estado: HP | Idioma: ES): Sakura-Tribe Elder - Español HP No Foil
2026-08-15 12:09:15 | INFO     | __main__ | Omitiendo carta (Estado: NM | Idioma: CN): Shamanic Revelation - Chino NM No Foil
2026-08-15 12:09:15 | INFO     | __main__ | Omitiendo carta (Estado: NM | Idioma: JP): Skyshroud Claim - Japonés NM No Foil
2026-08-15 12:09:15 | INFO     | __main__ | Omitiendo carta (Estado: NM | Idioma: JP): Tribute to the World Tree - Japonés NM No Foil
2026-08-15 12:09:15 | INFO     | __main__ | Omitiendo carta (Estado: NM | Idioma: JP): Triumph of the Hordes - Japonés NM No Foil
2026-08-15 12:09:15 | INFO     | __main__ | Carga a la base de datos exitosa.
2026-08-15 12:09:15 | INFO     | __main__ | === PIPELINE FINALIZADO ===

2026-08-15 12:42:08 | INFO     | __main__ | === INICIANDO PIPELINE MTG TRACKER ===
2026-08-15 12:42:08 | INFO     | __main__ | Sincronizando dimensiones (Tiendas y Cartas) en la BD...
2026-08-15 12:42:08 | INFO     | __main__ | Determinando motor de extracción por tienda...
2026-08-15 12:42:08 | INFO     | __main__ | Ejecutando motor: ShopifyExtractor para 2 tiendas...
2026-08-15 12:42:08 | INFO     | src.extractors.shopify | Iniciando extracción asíncrona (Tiendas concurrentes, Cartas secuenciales): 126 cartas en 2 tiendas.
2026-08-15 12:42:09 | INFO     | src.extractors.shopify | [oasisgames.cl] Buscando (1/126): 'Akroma's Memorial'
2026-08-15 12:42:09 | INFO     | src.extractors.shopify | [paytowin.cl] Buscando (1/126): 'Akroma's Memorial'
2026-08-15 12:42:22 | INFO     | src.extractors.shopify | [oasisgames.cl] Buscando (2/126): 'All Is Dust'
2026-08-15 12:42:26 | INFO     | src.extractors.shopify | [paytowin.cl] Buscando (2/126): 'All Is Dust'
2026-08-15 12:42:42 | INFO     | src.extractors.shopify | [oasisgames.cl] Buscando (3/126): 'Arch of Orazca'
2026-08-15 12:42:46 | INFO     | src.extractors.shopify | [paytowin.cl] Buscando (3/126): 'Arch of Orazca'
2026-08-15 12:42:57 | INFO     | src.extractors.shopify | [oasisgames.cl] Buscando (4/126): 'Artisan of Kozilek'
2026-08-15 12:43:03 | INFO     | src.extractors.shopify | [paytowin.cl] Buscando (4/126): 'Artisan of Kozilek'
2026-08-15 12:43:17 | INFO     | src.extractors.shopify | [oasisgames.cl] Buscando (5/126): 'Bane of Bala Ged'
2026-08-15 12:43:23 | INFO     | src.extractors.shopify | [oasisgames.cl] Buscando (6/126): 'Basalt Monolith'
2026-08-15 12:43:24 | INFO     | src.extractors.shopify | [paytowin.cl] Buscando (5/126): 'Bane of Bala Ged'
2026-08-15 12:43:30 | INFO     | src.extractors.shopify | [paytowin.cl] Buscando (6/126): 'Basalt Monolith'
2026-08-15 12:43:43 | INFO     | src.extractors.shopify | [oasisgames.cl] Buscando (7/126): 'Blast Zone'
2026-08-15 12:43:50 | INFO     | src.extractors.shopify | [paytowin.cl] Buscando (7/126): 'Blast Zone'
2026-08-15 12:44:04 | INFO     | src.extractors.shopify | [oasisgames.cl] Buscando (8/126): 'Blasted Landscape'
2026-08-15 12:44:11 | INFO     | src.extractors.shopify | [paytowin.cl] Buscando (8/126): 'Blasted Landscape'
2026-08-15 12:44:13 | INFO     | src.extractors.shopify | [oasisgames.cl] Buscando (9/126): 'Bonders' Enclave'
2026-08-15 12:44:20 | INFO     | src.extractors.shopify | [paytowin.cl] Buscando (9/126): 'Bonders' Enclave'
2026-08-15 12:44:34 | INFO     | src.extractors.shopify | [oasisgames.cl] Buscando (10/126): 'Breaker of Creation'
2026-08-15 12:44:38 | INFO     | src.extractors.shopify | [oasisgames.cl] Buscando (11/126): 'Buried Ruin'
2026-08-15 12:44:41 | INFO     | src.extractors.shopify | [paytowin.cl] Buscando (10/126): 'Breaker of Creation'
2026-08-15 12:44:45 | INFO     | src.extractors.shopify | [paytowin.cl] Buscando (11/126): 'Buried Ruin'
2026-08-15 12:44:58 | INFO     | src.extractors.shopify | [oasisgames.cl] Buscando (12/126): 'Cityscape Leveler'
2026-08-15 12:45:05 | INFO     | src.extractors.shopify | [paytowin.cl] Buscando (12/126): 'Cityscape Leveler'
2026-08-15 12:45:10 | INFO     | src.extractors.shopify | [oasisgames.cl] Buscando (13/126): 'Coldsteel Heart'
2026-08-15 12:45:17 | INFO     | src.extractors.shopify | [paytowin.cl] Buscando (13/126): 'Coldsteel Heart'
2026-08-15 12:45:23 | INFO     | src.extractors.shopify | [oasisgames.cl] Buscando (14/126): 'Darksteel Citadel'
2026-08-15 12:45:32 | INFO     | src.extractors.shopify | [paytowin.cl] Buscando (14/126): 'Darksteel Citadel'
2026-08-15 12:45:43 | INFO     | src.extractors.shopify | [oasisgames.cl] Buscando (15/126): 'Darksteel Monolith'
2026-08-15 12:45:49 | INFO     | src.extractors.shopify | [oasisgames.cl] Buscando (16/126): 'Desecrate Reality'
2026-08-15 12:45:52 | INFO     | src.extractors.shopify | [paytowin.cl] Buscando (15/126): 'Darksteel Monolith'
2026-08-15 12:45:54 | INFO     | src.extractors.shopify | [oasisgames.cl] Buscando (17/126): 'Devourer of Destiny'
2026-08-15 12:45:58 | INFO     | src.extractors.shopify | [paytowin.cl] Buscando (16/126): 'Desecrate Reality'
2026-08-15 12:46:00 | INFO     | src.extractors.shopify | [oasisgames.cl] Buscando (18/126): 'Eldrazi Temple'
2026-08-15 12:46:04 | INFO     | src.extractors.shopify | [paytowin.cl] Buscando (17/126): 'Devourer of Destiny'
2026-08-15 12:46:09 | INFO     | src.extractors.shopify | [paytowin.cl] Buscando (18/126): 'Eldrazi Temple'
2026-08-15 12:46:20 | INFO     | src.extractors.shopify | [oasisgames.cl] Buscando (19/126): 'Eldritch Immunity'
2026-08-15 12:46:26 | INFO     | src.extractors.shopify | [oasisgames.cl] Buscando (20/126): 'Emrakul, the Promised End'
2026-08-15 12:46:30 | INFO     | src.extractors.shopify | [paytowin.cl] Buscando (19/126): 'Eldritch Immunity'
2026-08-15 12:46:36 | INFO     | src.extractors.shopify | [paytowin.cl] Buscando (20/126): 'Emrakul, the Promised End'
2026-08-15 12:46:39 | INFO     | src.extractors.shopify | [oasisgames.cl] Buscando (21/126): 'Emrakul, the World Anew'
2026-08-15 12:46:52 | INFO     | src.extractors.shopify | [oasisgames.cl] Buscando (22/126): 'Eye of Ugin'
2026-08-15 12:46:53 | INFO     | src.extractors.shopify | [paytowin.cl] Buscando (21/126): 'Emrakul, the World Anew'
2026-08-15 12:47:06 | INFO     | src.extractors.shopify | [paytowin.cl] Buscando (22/126): 'Eye of Ugin'
2026-08-15 12:47:13 | INFO     | src.extractors.shopify | [oasisgames.cl] Buscando (23/126): 'Field of Ruin'
2026-08-15 12:47:27 | INFO     | src.extractors.shopify | [paytowin.cl] Buscando (23/126): 'Field of Ruin'
2026-08-15 12:47:33 | INFO     | src.extractors.shopify | [oasisgames.cl] Buscando (24/126): 'Fomori Vault'
2026-08-15 12:47:43 | INFO     | src.extractors.shopify | [oasisgames.cl] Buscando (25/126): 'Forsaken Monument'
2026-08-15 12:47:48 | INFO     | src.extractors.shopify | [paytowin.cl] Buscando (24/126): 'Fomori Vault'
2026-08-15 12:47:58 | INFO     | src.extractors.shopify | [paytowin.cl] Buscando (25/126): 'Forsaken Monument'
2026-08-15 12:47:58 | INFO     | src.extractors.shopify | [oasisgames.cl] Buscando (26/126): 'Fractured Powerstone'
2026-08-15 12:48:11 | INFO     | src.extractors.shopify | [oasisgames.cl] Buscando (27/126): 'Ghost Quarter'
2026-08-15 12:48:13 | INFO     | src.extractors.shopify | [paytowin.cl] Buscando (26/126): 'Fractured Powerstone'
2026-08-15 12:48:26 | INFO     | src.extractors.shopify | [paytowin.cl] Buscando (27/126): 'Ghost Quarter'
2026-08-15 12:48:31 | INFO     | src.extractors.shopify | [oasisgames.cl] Buscando (28/126): 'Glaring Fleshraker'
2026-08-15 12:48:37 | INFO     | src.extractors.shopify | [oasisgames.cl] Buscando (29/126): 'Green Dragon Inn'
2026-08-15 12:48:45 | INFO     | src.extractors.shopify | [oasisgames.cl] Buscando (30/126): 'H.E.R.B.I.E., Lovable Robot'
2026-08-15 12:48:46 | INFO     | src.extractors.shopify | [paytowin.cl] Buscando (28/126): 'Glaring Fleshraker'
2026-08-15 12:48:48 | INFO     | src.extractors.shopify | [oasisgames.cl] Buscando (31/126): 'Hedron Archive'
2026-08-15 12:48:52 | INFO     | src.extractors.shopify | [paytowin.cl] Buscando (29/126): 'Green Dragon Inn'
2026-08-15 12:48:59 | INFO     | src.extractors.shopify | [paytowin.cl] Buscando (30/126): 'H.E.R.B.I.E., Lovable Robot'
2026-08-15 12:49:05 | INFO     | src.extractors.shopify | [paytowin.cl] Buscando (31/126): 'Hedron Archive'
2026-08-15 12:49:09 | INFO     | src.extractors.shopify | [oasisgames.cl] Buscando (32/126): 'Hedron Crawler'
2026-08-15 12:49:13 | INFO     | src.extractors.shopify | [oasisgames.cl] Buscando (33/126): 'Inventors' Fair'
2026-08-15 12:49:26 | INFO     | src.extractors.shopify | [paytowin.cl] Buscando (32/126): 'Hedron Crawler'
2026-08-15 12:49:30 | INFO     | src.extractors.shopify | [paytowin.cl] Buscando (33/126): 'Inventors' Fair'
2026-08-15 12:49:33 | INFO     | src.extractors.shopify | [oasisgames.cl] Buscando (34/126): 'It That Betrays'
2026-08-15 12:49:50 | INFO     | src.extractors.shopify | [paytowin.cl] Buscando (34/126): 'It That Betrays'
2026-08-15 12:49:54 | INFO     | src.extractors.shopify | [oasisgames.cl] Buscando (35/126): 'It That Heralds the End'
2026-08-15 12:49:59 | INFO     | src.extractors.shopify | [oasisgames.cl] Buscando (36/126): 'Jhoira's Familiar'
2026-08-15 12:50:05 | INFO     | src.extractors.shopify | [oasisgames.cl] Buscando (37/126): 'Kozilek, Butcher of Truth'
2026-08-15 12:50:11 | INFO     | src.extractors.shopify | [paytowin.cl] Buscando (35/126): 'It That Heralds the End'
2026-08-15 12:50:16 | INFO     | src.extractors.shopify | [paytowin.cl] Buscando (36/126): 'Jhoira's Familiar'
2026-08-15 12:50:22 | INFO     | src.extractors.shopify | [paytowin.cl] Buscando (37/126): 'Kozilek, Butcher of Truth'
2026-08-15 12:50:24 | INFO     | src.extractors.shopify | [oasisgames.cl] Buscando (38/126): 'Kozilek, the Great Distortion'
2026-08-15 12:50:39 | INFO     | src.extractors.shopify | [oasisgames.cl] Buscando (39/126): 'Manakin'
2026-08-15 12:50:43 | INFO     | src.extractors.shopify | [paytowin.cl] Buscando (38/126): 'Kozilek, the Great Distortion'
2026-08-15 12:50:48 | INFO     | src.extractors.shopify | [oasisgames.cl] Buscando (40/126): 'Myr Convert'
2026-08-15 12:50:58 | INFO     | src.extractors.shopify | [paytowin.cl] Buscando (39/126): 'Manakin'
2026-08-15 12:50:59 | INFO     | src.extractors.shopify | [oasisgames.cl] Buscando (41/126): 'Not of This World'
2026-08-15 12:51:07 | INFO     | src.extractors.shopify | [paytowin.cl] Buscando (40/126): 'Myr Convert'
2026-08-15 12:51:18 | INFO     | src.extractors.shopify | [paytowin.cl] Buscando (41/126): 'Not of This World'
2026-08-15 12:51:20 | INFO     | src.extractors.shopify | [oasisgames.cl] Buscando (42/126): 'Ornithopter of Paradise'
2026-08-15 12:51:37 | INFO     | src.extractors.shopify | [oasisgames.cl] Buscando (43/126): 'Page, Loose Leaf'
2026-08-15 12:51:39 | INFO     | src.extractors.shopify | [paytowin.cl] Buscando (42/126): 'Ornithopter of Paradise'
2026-08-15 12:51:40 | INFO     | src.extractors.shopify | [oasisgames.cl] Buscando (44/126): 'Palladium Myr'
2026-08-15 12:51:56 | INFO     | src.extractors.shopify | [paytowin.cl] Buscando (43/126): 'Page, Loose Leaf'
2026-08-15 12:51:57 | INFO     | src.extractors.shopify | [oasisgames.cl] Buscando (45/126): 'Plague Myr'
2026-08-15 12:52:00 | INFO     | src.extractors.shopify | [paytowin.cl] Buscando (44/126): 'Palladium Myr'
2026-08-15 12:52:07 | INFO     | src.extractors.shopify | [oasisgames.cl] Buscando (46/126): 'Planar Nexus'
2026-08-15 12:52:14 | INFO     | src.extractors.shopify | [oasisgames.cl] Buscando (47/126): 'Portal to Phyrexia'
2026-08-15 12:52:17 | INFO     | src.extractors.shopify | [paytowin.cl] Buscando (45/126): 'Plague Myr'
2026-08-15 12:52:25 | INFO     | src.extractors.shopify | [oasisgames.cl] Buscando (48/126): 'Prismatic Lens'
2026-08-15 12:52:26 | INFO     | src.extractors.shopify | [paytowin.cl] Buscando (46/126): 'Planar Nexus'
2026-08-15 12:52:34 | INFO     | src.extractors.shopify | [paytowin.cl] Buscando (47/126): 'Portal to Phyrexia'
2026-08-15 12:52:44 | INFO     | src.extractors.shopify | [oasisgames.cl] Buscando (49/126): 'Sanctum of Ugin'
2026-08-15 12:52:47 | INFO     | src.extractors.shopify | [paytowin.cl] Buscando (48/126): 'Prismatic Lens'
2026-08-15 12:52:50 | INFO     | src.extractors.shopify | [oasisgames.cl] Buscando (50/126): 'Scavenger Grounds'
2026-08-15 12:53:05 | INFO     | src.extractors.shopify | [paytowin.cl] Buscando (49/126): 'Sanctum of Ugin'
2026-08-15 12:53:10 | INFO     | src.extractors.shopify | [oasisgames.cl] Buscando (51/126): 'Shrine of the Forsaken Gods'
2026-08-15 12:53:13 | INFO     | src.extractors.shopify | [paytowin.cl] Buscando (50/126): 'Scavenger Grounds'
2026-08-15 12:53:25 | INFO     | src.extractors.shopify | [oasisgames.cl] Buscando (52/126): 'Solar Transformer'
2026-08-15 12:53:33 | INFO     | src.extractors.shopify | [oasisgames.cl] Buscando (53/126): 'Solemn Simulacrum'
2026-08-15 12:53:34 | INFO     | src.extractors.shopify | [paytowin.cl] Buscando (51/126): 'Shrine of the Forsaken Gods'
2026-08-15 12:53:49 | INFO     | src.extractors.shopify | [paytowin.cl] Buscando (52/126): 'Solar Transformer'
2026-08-15 12:53:53 | INFO     | src.extractors.shopify | [oasisgames.cl] Buscando (54/126): 'Spawnbed Protector'
2026-08-15 12:53:56 | INFO     | src.extractors.shopify | [paytowin.cl] Buscando (53/126): 'Solemn Simulacrum'
2026-08-15 12:53:59 | INFO     | src.extractors.shopify | [oasisgames.cl] Buscando (55/126): 'Stonespeaker Crystal'
2026-08-15 12:54:08 | INFO     | src.extractors.shopify | [oasisgames.cl] Buscando (56/126): 'Summon: Bahamut'
2026-08-15 12:54:17 | INFO     | src.extractors.shopify | [paytowin.cl] Buscando (54/126): 'Spawnbed Protector'
2026-08-15 12:54:20 | INFO     | src.extractors.shopify | [oasisgames.cl] Buscando (57/126): 'The Irencrag'
2026-08-15 12:54:22 | INFO     | src.extractors.shopify | [paytowin.cl] Buscando (55/126): 'Stonespeaker Crystal'
2026-08-15 12:54:32 | INFO     | src.extractors.shopify | [paytowin.cl] Buscando (56/126): 'Summon: Bahamut'
2026-08-15 12:54:40 | INFO     | src.extractors.shopify | [oasisgames.cl] Buscando (58/126): 'Tomb of the Spirit Dragon'
2026-08-15 12:54:43 | INFO     | src.extractors.shopify | [paytowin.cl] Buscando (57/126): 'The Irencrag'
2026-08-15 12:54:49 | INFO     | src.extractors.shopify | [oasisgames.cl] Buscando (59/126): 'Ugin, Eye of the Storms'
2026-08-15 12:55:04 | INFO     | src.extractors.shopify | [paytowin.cl] Buscando (58/126): 'Tomb of the Spirit Dragon'
2026-08-15 12:55:10 | INFO     | src.extractors.shopify | [oasisgames.cl] Buscando (60/126): 'Ugin, the Spirit Dragon'
2026-08-15 12:55:13 | INFO     | src.extractors.shopify | [paytowin.cl] Buscando (59/126): 'Ugin, Eye of the Storms'
2026-08-15 12:55:30 | INFO     | src.extractors.shopify | [oasisgames.cl] Buscando (61/126): 'Ugin's Labyrinth'
2026-08-15 12:55:34 | INFO     | src.extractors.shopify | [paytowin.cl] Buscando (60/126): 'Ugin, the Spirit Dragon'
2026-08-15 12:55:40 | INFO     | src.extractors.shopify | [oasisgames.cl] Buscando (62/126): 'Ulamog, the Ceaseless Hunger'
2026-08-15 12:55:55 | INFO     | src.extractors.shopify | [paytowin.cl] Buscando (61/126): 'Ugin's Labyrinth'
2026-08-15 12:55:55 | INFO     | src.extractors.shopify | [oasisgames.cl] Buscando (63/126): 'Ulamog, the Defiler'
2026-08-15 12:56:04 | INFO     | src.extractors.shopify | [paytowin.cl] Buscando (62/126): 'Ulamog, the Ceaseless Hunger'
2026-08-15 12:56:08 | INFO     | src.extractors.shopify | [oasisgames.cl] Buscando (64/126): 'Ulamog, the Infinite Gyre'
2026-08-15 12:56:23 | INFO     | src.extractors.shopify | [paytowin.cl] Buscando (63/126): 'Ulamog, the Defiler'
2026-08-15 12:56:26 | INFO     | src.extractors.shopify | [oasisgames.cl] Buscando (65/126): 'Ultima, Origin of Oblivion'
2026-08-15 12:56:36 | INFO     | src.extractors.shopify | [oasisgames.cl] Buscando (66/126): 'Urza's Cave'
2026-08-15 12:56:36 | INFO     | src.extractors.shopify | [paytowin.cl] Buscando (64/126): 'Ulamog, the Infinite Gyre'
2026-08-15 12:56:41 | INFO     | src.extractors.shopify | [oasisgames.cl] Buscando (67/126): 'Urza's Mine'
2026-08-15 12:56:57 | INFO     | src.extractors.shopify | [paytowin.cl] Buscando (65/126): 'Ultima, Origin of Oblivion'
2026-08-15 12:57:02 | INFO     | src.extractors.shopify | [oasisgames.cl] Buscando (68/126): 'Urza's Power Plant'
2026-08-15 12:57:06 | INFO     | src.extractors.shopify | [paytowin.cl] Buscando (66/126): 'Urza's Cave'
2026-08-15 12:57:12 | INFO     | src.extractors.shopify | [paytowin.cl] Buscando (67/126): 'Urza's Mine'
2026-08-15 12:57:22 | INFO     | src.extractors.shopify | [oasisgames.cl] Buscando (69/126): 'Urza's Tower'
2026-08-15 12:57:26 | INFO     | __main__ | === PIPELINE FINALIZADO ===

2026-08-15 12:57:39 | INFO     | __main__ | === INICIANDO PIPELINE MTG TRACKER ===
2026-08-15 12:57:39 | INFO     | __main__ | Sincronizando dimensiones (Tiendas y Cartas) en la BD...
2026-08-15 12:57:39 | INFO     | __main__ | Determinando motor de extracción por tienda...
2026-08-15 12:57:39 | INFO     | __main__ | Lanzando todos los extractores a la red simultáneamente...
2026-08-15 12:57:39 | INFO     | __main__ | Preparando motor ShopifyExtractor para 2 tiendas...
2026-08-15 12:57:39 | INFO     | src.extractors.shopify | Iniciando extracción asíncrona (Tiendas concurrentes, Cartas secuenciales): 126 cartas en 2 tiendas.
2026-08-15 12:57:39 | INFO     | src.extractors.shopify | [oasisgames.cl] Buscando (1/126): 'Akroma's Memorial'
2026-08-15 12:57:39 | INFO     | src.extractors.shopify | [paytowin.cl] Buscando (1/126): 'Akroma's Memorial'
2026-08-15 12:57:53 | INFO     | src.extractors.shopify | [oasisgames.cl] Buscando (2/126): 'All Is Dust'
2026-08-15 12:57:57 | INFO     | src.extractors.shopify | [paytowin.cl] Buscando (2/126): 'All Is Dust'
2026-08-15 12:58:11 | INFO     | src.extractors.shopify | [oasisgames.cl] Buscando (3/126): 'Arch of Orazca'
2026-08-15 12:58:18 | INFO     | src.extractors.shopify | [paytowin.cl] Buscando (3/126): 'Arch of Orazca'
2026-08-15 12:58:26 | INFO     | src.extractors.shopify | [oasisgames.cl] Buscando (4/126): 'Artisan of Kozilek'
2026-08-15 12:58:34 | INFO     | src.extractors.shopify | [paytowin.cl] Buscando (4/126): 'Artisan of Kozilek'
2026-08-15 12:58:46 | INFO     | src.extractors.shopify | [oasisgames.cl] Buscando (5/126): 'Bane of Bala Ged'
2026-08-15 12:58:52 | INFO     | src.extractors.shopify | [oasisgames.cl] Buscando (6/126): 'Basalt Monolith'
2026-08-15 12:58:55 | INFO     | src.extractors.shopify | [paytowin.cl] Buscando (5/126): 'Bane of Bala Ged'
2026-08-15 12:59:01 | INFO     | src.extractors.shopify | [paytowin.cl] Buscando (6/126): 'Basalt Monolith'
2026-08-15 12:59:12 | INFO     | src.extractors.shopify | [oasisgames.cl] Buscando (7/126): 'Blast Zone'
2026-08-15 12:59:21 | INFO     | src.extractors.shopify | [paytowin.cl] Buscando (7/126): 'Blast Zone'
2026-08-15 12:59:31 | INFO     | __main__ | === PIPELINE FINALIZADO ===
2026-08-15 13:32:12 | INFO     | __main__ | === INICIANDO PIPELINE MTG TRACKER ===
2026-08-15 13:32:12 | INFO     | __main__ | Sincronizando dimensiones (Tiendas y Cartas) en la BD...
2026-08-15 13:32:12 | INFO     | __main__ | Determinando motor de extracción por tienda...
2026-08-15 13:32:12 | INFO     | __main__ | Lanzando todos los extractores a la red simultáneamente...
2026-08-15 13:32:12 | INFO     | __main__ | Preparando motor ShopifyExtractor para 2 tiendas...
2026-08-15 13:32:12 | INFO     | __main__ | Preparando motor WooCommerceExtractor para 1 tiendas...
2026-08-15 13:32:12 | INFO     | __main__ | Preparando motor CardKingdomExtractor para 1 tiendas...
2026-08-15 13:32:12 | INFO     | src.extractors.shopify | Iniciando extracción asíncrona (Tiendas concurrentes, Cartas secuenciales): 126 cartas en 2 tiendas.
2026-08-15 13:32:12 | INFO     | src.extractors.woocommerce | Iniciando extracción asíncrona WooCommerce: 126 cartas en 1 tiendas.
2026-08-15 13:32:12 | INFO     | src.extractors.cardkingdom | ⏳ Descargando catálogo de la API de Card Kingdom (esto tomará unos segundos)...
2026-08-15 13:32:13 | INFO     | src.extractors.shopify | [oasisgames.cl] Buscando (1/126): 'Akroma's Memorial'
2026-08-15 13:32:13 | INFO     | src.extractors.shopify | [paytowin.cl] Buscando (1/126): 'Akroma's Memorial'
2026-08-15 13:32:13 | INFO     | src.extractors.woocommerce | [cardnexus.cl] Buscando (1/126): 'Akroma's Memorial'
2026-08-15 13:32:13 | ERROR    | src.extractors.cardkingdom | ❌ Error descargando la API de Card Kingdom: Client error '403 Forbidden' for url 'https://api.cardkingdom.com/api/v2/pricelist'
For more information check: https://developer.mozilla.org/en-US/docs/Web/HTTP/Status/403
2026-08-15 13:32:15 | INFO     | src.extractors.woocommerce | [cardnexus.cl] Buscando (2/126): 'All Is Dust'
2026-08-15 13:32:17 | INFO     | src.extractors.woocommerce | [cardnexus.cl] Buscando (3/126): 'Arch of Orazca'
2026-08-15 13:32:20 | INFO     | src.extractors.woocommerce | [cardnexus.cl] Buscando (4/126): 'Artisan of Kozilek'
2026-08-15 13:32:22 | INFO     | src.extractors.woocommerce | [cardnexus.cl] Buscando (5/126): 'Bane of Bala Ged'
2026-08-15 13:32:24 | INFO     | src.extractors.woocommerce | [cardnexus.cl] Buscando (6/126): 'Basalt Monolith'
2026-08-15 13:32:26 | INFO     | src.extractors.shopify | [oasisgames.cl] Buscando (2/126): 'All Is Dust'
2026-08-15 13:32:27 | INFO     | src.extractors.woocommerce | [cardnexus.cl] Buscando (7/126): 'Blast Zone'
2026-08-15 13:32:29 | INFO     | src.extractors.woocommerce | [cardnexus.cl] Buscando (8/126): 'Blasted Landscape'
2026-08-15 13:32:30 | INFO     | src.extractors.shopify | [paytowin.cl] Buscando (2/126): 'All Is Dust'
2026-08-15 13:32:31 | INFO     | src.extractors.woocommerce | [cardnexus.cl] Buscando (9/126): 'Bonders' Enclave'
2026-08-15 13:32:31 | INFO     | __main__ | === PIPELINE FINALIZADO ===
2026-08-15 13:35:05 | INFO     | __main__ | === INICIANDO PIPELINE MTG TRACKER ===
2026-08-15 13:35:05 | INFO     | __main__ | Sincronizando dimensiones (Tiendas y Cartas) en la BD...
2026-08-15 13:35:05 | INFO     | __main__ | Determinando motor de extracción por tienda...
2026-08-15 13:35:05 | INFO     | __main__ | Lanzando todos los extractores a la red simultáneamente...
2026-08-15 13:35:05 | INFO     | __main__ | Preparando motor ShopifyExtractor para 2 tiendas...
2026-08-15 13:35:05 | INFO     | __main__ | Preparando motor WooCommerceExtractor para 1 tiendas...
2026-08-15 13:35:05 | INFO     | __main__ | Preparando motor CardKingdomExtractor para 1 tiendas...
2026-08-15 13:35:05 | INFO     | src.extractors.shopify | Iniciando extracción asíncrona (Tiendas concurrentes, Cartas secuenciales): 126 cartas en 2 tiendas.
2026-08-15 13:35:05 | INFO     | src.extractors.woocommerce | Iniciando extracción asíncrona WooCommerce: 126 cartas en 1 tiendas.
2026-08-15 13:35:05 | INFO     | src.extractors.cardkingdom | ⏳ Descargando catálogo de la API de Card Kingdom (esto tomará unos segundos)...
2026-08-15 13:35:05 | INFO     | src.extractors.shopify | [oasisgames.cl] Buscando (1/126): 'Akroma's Memorial'
2026-08-15 13:35:05 | INFO     | src.extractors.shopify | [paytowin.cl] Buscando (1/126): 'Akroma's Memorial'
2026-08-15 13:35:05 | INFO     | src.extractors.woocommerce | [cardnexus.cl] Buscando (1/126): 'Akroma's Memorial'
2026-08-15 13:35:05 | ERROR    | src.extractors.cardkingdom | ❌ Error descargando la API de Card Kingdom: Client error '403 Forbidden' for url 'https://api.cardkingdom.com/api/v2/pricelist'
For more information check: https://developer.mozilla.org/en-US/docs/Web/HTTP/Status/403
2026-08-15 13:35:08 | INFO     | src.extractors.woocommerce | [cardnexus.cl] Buscando (2/126): 'All Is Dust'
2026-08-15 13:35:10 | INFO     | src.extractors.woocommerce | [cardnexus.cl] Buscando (3/126): 'Arch of Orazca'
2026-08-15 13:35:12 | INFO     | __main__ | === PIPELINE FINALIZADO ===
2026-08-15 13:38:10 | INFO     | __main__ | === INICIANDO PIPELINE MTG TRACKER ===
2026-08-15 13:38:10 | INFO     | __main__ | Sincronizando dimensiones (Tiendas y Cartas) en la BD...
2026-08-15 13:38:10 | INFO     | __main__ | Determinando motor de extracción por tienda...
2026-08-15 13:38:10 | INFO     | __main__ | Lanzando todos los extractores a la red simultáneamente...
2026-08-15 13:38:10 | INFO     | __main__ | Preparando motor ShopifyExtractor para 2 tiendas...
2026-08-15 13:38:10 | INFO     | __main__ | Preparando motor WooCommerceExtractor para 1 tiendas...
2026-08-15 13:38:10 | INFO     | __main__ | Preparando motor CardKingdomExtractor para 1 tiendas...
2026-08-15 13:38:10 | INFO     | src.extractors.shopify | Iniciando extracción asíncrona (Tiendas concurrentes, Cartas secuenciales): 126 cartas en 2 tiendas.
2026-08-15 13:38:10 | INFO     | src.extractors.woocommerce | Iniciando extracción asíncrona WooCommerce: 126 cartas en 1 tiendas.
2026-08-15 13:38:10 | INFO     | src.extractors.cardkingdom | ⏳ Descargando catálogo de la API de Card Kingdom (esto tomará unos segundos)...
2026-08-15 13:38:10 | INFO     | src.extractors.shopify | [oasisgames.cl] Buscando (1/126): 'Akroma's Memorial'
2026-08-15 13:38:10 | INFO     | src.extractors.shopify | [paytowin.cl] Buscando (1/126): 'Akroma's Memorial'
2026-08-15 13:38:10 | INFO     | src.extractors.woocommerce | [cardnexus.cl] Buscando (1/126): 'Akroma's Memorial'
2026-08-15 13:38:10 | ERROR    | src.extractors.cardkingdom | ❌ Error descargando la API de Card Kingdom: Client error '403 Forbidden' for url 'https://api.cardkingdom.com/api/v2/pricelist'
For more information check: https://developer.mozilla.org/en-US/docs/Web/HTTP/Status/403
2026-08-15 13:38:13 | INFO     | src.extractors.woocommerce | [cardnexus.cl] Buscando (2/126): 'All Is Dust'
2026-08-15 13:38:14 | INFO     | __main__ | === PIPELINE FINALIZADO ===
2026-08-15 13:41:19 | INFO     | __main__ | === INICIANDO PIPELINE MTG TRACKER ===
2026-08-15 13:41:19 | INFO     | __main__ | Sincronizando dimensiones (Tiendas y Cartas) en la BD...
2026-08-15 13:41:19 | INFO     | __main__ | Determinando motor de extracción por tienda...
2026-08-15 13:41:19 | INFO     | __main__ | Lanzando todos los extractores a la red simultáneamente...
2026-08-15 13:41:19 | INFO     | __main__ | Preparando motor ShopifyExtractor para 2 tiendas...
2026-08-15 13:41:19 | INFO     | __main__ | Preparando motor WooCommerceExtractor para 1 tiendas...
2026-08-15 13:41:19 | INFO     | __main__ | Preparando motor CardKingdomExtractor para 1 tiendas...
2026-08-15 13:41:19 | INFO     | src.extractors.shopify | Iniciando extracción asíncrona (Tiendas concurrentes, Cartas secuenciales): 126 cartas en 2 tiendas.
2026-08-15 13:41:20 | INFO     | src.extractors.woocommerce | Iniciando extracción asíncrona WooCommerce: 126 cartas en 1 tiendas.
2026-08-15 13:41:20 | INFO     | src.extractors.cardkingdom | ⏳ Descargando catálogo de la API de Card Kingdom (con evasión TLS)...
2026-08-15 13:41:20 | INFO     | src.extractors.shopify | [oasisgames.cl] Buscando (1/126): 'Akroma's Memorial'
2026-08-15 13:41:20 | INFO     | src.extractors.shopify | [paytowin.cl] Buscando (1/126): 'Akroma's Memorial'
2026-08-15 13:41:20 | INFO     | src.extractors.woocommerce | [cardnexus.cl] Buscando (1/126): 'Akroma's Memorial'
2026-08-15 13:41:20 | ERROR    | src.extractors.cardkingdom | ❌ Error HTTP 403 de Card Kingdom
2026-08-15 13:41:22 | INFO     | src.extractors.woocommerce | [cardnexus.cl] Buscando (2/126): 'All Is Dust'
2026-08-15 13:41:24 | INFO     | src.extractors.woocommerce | [cardnexus.cl] Buscando (3/126): 'Arch of Orazca'
2026-08-15 13:41:26 | INFO     | src.extractors.woocommerce | [cardnexus.cl] Buscando (4/126): 'Artisan of Kozilek'
2026-08-15 13:41:29 | INFO     | src.extractors.woocommerce | [cardnexus.cl] Buscando (5/126): 'Bane of Bala Ged'
2026-08-15 13:41:31 | INFO     | src.extractors.woocommerce | [cardnexus.cl] Buscando (6/126): 'Basalt Monolith'
2026-08-15 13:41:33 | INFO     | src.extractors.shopify | [oasisgames.cl] Buscando (2/126): 'All Is Dust'
2026-08-15 13:41:33 | INFO     | src.extractors.woocommerce | [cardnexus.cl] Buscando (7/126): 'Blast Zone'
2026-08-15 13:41:36 | INFO     | src.extractors.woocommerce | [cardnexus.cl] Buscando (8/126): 'Blasted Landscape'
2026-08-15 13:41:37 | INFO     | src.extractors.shopify | [paytowin.cl] Buscando (2/126): 'All Is Dust'
2026-08-15 13:41:38 | INFO     | src.extractors.woocommerce | [cardnexus.cl] Buscando (9/126): 'Bonders' Enclave'
2026-08-15 13:41:40 | INFO     | src.extractors.woocommerce | [cardnexus.cl] Buscando (10/126): 'Breaker of Creation'
2026-08-15 13:41:42 | INFO     | src.extractors.woocommerce | [cardnexus.cl] Buscando (11/126): 'Buried Ruin'
2026-08-15 13:41:45 | INFO     | src.extractors.woocommerce | [cardnexus.cl] Buscando (12/126): 'Cityscape Leveler'
2026-08-15 13:41:47 | INFO     | src.extractors.woocommerce | [cardnexus.cl] Buscando (13/126): 'Coldsteel Heart'
2026-08-15 13:41:49 | INFO     | src.extractors.woocommerce | [cardnexus.cl] Buscando (14/126): 'Darksteel Citadel'
2026-08-15 13:41:51 | INFO     | src.extractors.woocommerce | [cardnexus.cl] Buscando (15/126): 'Darksteel Monolith'
2026-08-15 13:41:52 | INFO     | src.extractors.shopify | [oasisgames.cl] Buscando (3/126): 'Arch of Orazca'
2026-08-15 13:41:54 | INFO     | src.extractors.woocommerce | [cardnexus.cl] Buscando (16/126): 'Desecrate Reality'
2026-08-15 13:41:56 | INFO     | src.extractors.woocommerce | [cardnexus.cl] Buscando (17/126): 'Devourer of Destiny'
2026-08-15 13:41:57 | INFO     | src.extractors.shopify | [paytowin.cl] Buscando (3/126): 'Arch of Orazca'
2026-08-15 13:41:58 | INFO     | src.extractors.woocommerce | [cardnexus.cl] Buscando (18/126): 'Eldrazi Temple'
2026-08-15 13:42:00 | INFO     | src.extractors.woocommerce | [cardnexus.cl] Buscando (19/126): 'Eldritch Immunity'
2026-08-15 13:42:03 | INFO     | src.extractors.woocommerce | [cardnexus.cl] Buscando (20/126): 'Emrakul, the Promised End'
2026-08-15 13:42:05 | INFO     | src.extractors.woocommerce | [cardnexus.cl] Buscando (21/126): 'Emrakul, the World Anew'
2026-08-15 13:42:07 | INFO     | src.extractors.shopify | [oasisgames.cl] Buscando (4/126): 'Artisan of Kozilek'
2026-08-15 13:42:08 | INFO     | src.extractors.woocommerce | [cardnexus.cl] Buscando (22/126): 'Eye of Ugin'
2026-08-15 13:42:10 | INFO     | src.extractors.woocommerce | [cardnexus.cl] Buscando (23/126): 'Field of Ruin'
2026-08-15 13:42:12 | INFO     | src.extractors.woocommerce | [cardnexus.cl] Buscando (24/126): 'Fomori Vault'
2026-08-15 13:42:14 | INFO     | src.extractors.woocommerce | [cardnexus.cl] Buscando (25/126): 'Forsaken Monument'
2026-08-15 13:42:14 | INFO     | src.extractors.shopify | [paytowin.cl] Buscando (4/126): 'Artisan of Kozilek'
2026-08-15 13:42:17 | INFO     | src.extractors.woocommerce | [cardnexus.cl] Buscando (26/126): 'Fractured Powerstone'
2026-08-15 13:42:19 | INFO     | src.extractors.woocommerce | [cardnexus.cl] Buscando (27/126): 'Ghost Quarter'
2026-08-15 13:42:21 | INFO     | src.extractors.woocommerce | [cardnexus.cl] Buscando (28/126): 'Glaring Fleshraker'
2026-08-15 13:42:24 | INFO     | src.extractors.woocommerce | [cardnexus.cl] Buscando (29/126): 'Green Dragon Inn'
2026-08-15 13:42:26 | INFO     | src.extractors.woocommerce | [cardnexus.cl] Buscando (30/126): 'H.E.R.B.I.E., Lovable Robot'
2026-08-15 13:42:27 | INFO     | src.extractors.shopify | [oasisgames.cl] Buscando (5/126): 'Bane of Bala Ged'
2026-08-15 13:42:28 | INFO     | src.extractors.woocommerce | [cardnexus.cl] Buscando (31/126): 'Hedron Archive'
2026-08-15 13:42:31 | INFO     | src.extractors.woocommerce | [cardnexus.cl] Buscando (32/126): 'Hedron Crawler'
2026-08-15 13:42:33 | INFO     | src.extractors.shopify | [oasisgames.cl] Buscando (6/126): 'Basalt Monolith'
2026-08-15 13:42:33 | INFO     | src.extractors.woocommerce | [cardnexus.cl] Buscando (33/126): 'Inventors' Fair'
2026-08-15 13:42:35 | INFO     | src.extractors.shopify | [paytowin.cl] Buscando (5/126): 'Bane of Bala Ged'
2026-08-15 13:42:35 | INFO     | src.extractors.woocommerce | [cardnexus.cl] Buscando (34/126): 'It That Betrays'
2026-08-15 13:42:37 | INFO     | src.extractors.woocommerce | [cardnexus.cl] Buscando (35/126): 'It That Heralds the End'
2026-08-15 13:42:40 | INFO     | src.extractors.woocommerce | [cardnexus.cl] Buscando (36/126): 'Jhoira's Familiar'
2026-08-15 13:42:41 | INFO     | src.extractors.shopify | [paytowin.cl] Buscando (6/126): 'Basalt Monolith'
2026-08-15 13:42:42 | INFO     | src.extractors.woocommerce | [cardnexus.cl] Buscando (37/126): 'Kozilek, Butcher of Truth'
2026-08-15 13:42:44 | INFO     | src.extractors.woocommerce | [cardnexus.cl] Buscando (38/126): 'Kozilek, the Great Distortion'
2026-08-15 13:42:47 | INFO     | src.extractors.woocommerce | [cardnexus.cl] Buscando (39/126): 'Manakin'
2026-08-15 13:42:49 | INFO     | src.extractors.woocommerce | [cardnexus.cl] Buscando (40/126): 'Myr Convert'
2026-08-15 13:42:51 | INFO     | src.extractors.woocommerce | [cardnexus.cl] Buscando (41/126): 'Not of This World'
2026-08-15 13:42:53 | INFO     | src.extractors.woocommerce | [cardnexus.cl] Buscando (42/126): 'Ornithopter of Paradise'
2026-08-15 13:42:54 | INFO     | src.extractors.shopify | [oasisgames.cl] Buscando (7/126): 'Blast Zone'
2026-08-15 13:42:56 | INFO     | src.extractors.woocommerce | [cardnexus.cl] Buscando (43/126): 'Page, Loose Leaf'
2026-08-15 13:42:58 | INFO     | src.extractors.woocommerce | [cardnexus.cl] Buscando (44/126): 'Palladium Myr'
2026-08-15 13:43:00 | INFO     | src.extractors.woocommerce | [cardnexus.cl] Buscando (45/126): 'Plague Myr'
2026-08-15 13:43:02 | INFO     | src.extractors.shopify | [paytowin.cl] Buscando (7/126): 'Blast Zone'
2026-08-15 13:43:03 | INFO     | src.extractors.woocommerce | [cardnexus.cl] Buscando (46/126): 'Planar Nexus'
2026-08-15 13:43:05 | INFO     | src.extractors.woocommerce | [cardnexus.cl] Buscando (47/126): 'Portal to Phyrexia'
2026-08-15 13:43:07 | INFO     | src.extractors.woocommerce | [cardnexus.cl] Buscando (48/126): 'Prismatic Lens'
2026-08-15 13:43:09 | INFO     | src.extractors.woocommerce | [cardnexus.cl] Buscando (49/126): 'Sanctum of Ugin'
2026-08-15 13:43:12 | INFO     | src.extractors.woocommerce | [cardnexus.cl] Buscando (50/126): 'Scavenger Grounds'
2026-08-15 13:43:14 | INFO     | src.extractors.woocommerce | [cardnexus.cl] Buscando (51/126): 'Shrine of the Forsaken Gods'
2026-08-15 13:43:14 | INFO     | src.extractors.shopify | [oasisgames.cl] Buscando (8/126): 'Blasted Landscape'
2026-08-15 13:43:17 | INFO     | src.extractors.woocommerce | [cardnexus.cl] Buscando (52/126): 'Solar Transformer'
2026-08-15 13:43:19 | INFO     | src.extractors.woocommerce | [cardnexus.cl] Buscando (53/126): 'Solemn Simulacrum'
2026-08-15 13:43:21 | INFO     | src.extractors.woocommerce | [cardnexus.cl] Buscando (54/126): 'Spawnbed Protector'
2026-08-15 13:43:22 | INFO     | src.extractors.shopify | [paytowin.cl] Buscando (8/126): 'Blasted Landscape'
2026-08-15 13:43:23 | INFO     | src.extractors.woocommerce | [cardnexus.cl] Buscando (55/126): 'Stonespeaker Crystal'
2026-08-15 13:43:24 | INFO     | src.extractors.shopify | [oasisgames.cl] Buscando (9/126): 'Bonders' Enclave'
2026-08-15 13:43:26 | INFO     | src.extractors.woocommerce | [cardnexus.cl] Buscando (56/126): 'Summon: Bahamut'
2026-08-15 13:43:28 | INFO     | src.extractors.woocommerce | [cardnexus.cl] Buscando (57/126): 'The Irencrag'
2026-08-15 13:43:30 | INFO     | src.extractors.woocommerce | [cardnexus.cl] Buscando (58/126): 'Tomb of the Spirit Dragon'
2026-08-15 13:43:32 | INFO     | src.extractors.shopify | [paytowin.cl] Buscando (9/126): 'Bonders' Enclave'
2026-08-15 13:43:32 | INFO     | src.extractors.woocommerce | [cardnexus.cl] Buscando (59/126): 'Ugin, Eye of the Storms'
2026-08-15 13:43:35 | INFO     | src.extractors.woocommerce | [cardnexus.cl] Buscando (60/126): 'Ugin, the Spirit Dragon'
2026-08-15 13:43:37 | INFO     | src.extractors.woocommerce | [cardnexus.cl] Buscando (61/126): 'Ugin's Labyrinth'
2026-08-15 13:43:39 | INFO     | src.extractors.woocommerce | [cardnexus.cl] Buscando (62/126): 'Ulamog, the Ceaseless Hunger'
2026-08-15 13:43:42 | INFO     | src.extractors.woocommerce | [cardnexus.cl] Buscando (63/126): 'Ulamog, the Defiler'
2026-08-15 13:43:44 | INFO     | src.extractors.woocommerce | [cardnexus.cl] Buscando (64/126): 'Ulamog, the Infinite Gyre'
2026-08-15 13:43:44 | INFO     | src.extractors.shopify | [oasisgames.cl] Buscando (10/126): 'Breaker of Creation'
2026-08-15 13:43:46 | INFO     | src.extractors.woocommerce | [cardnexus.cl] Buscando (65/126): 'Ultima, Origin of Oblivion'
2026-08-15 13:43:48 | INFO     | src.extractors.shopify | [oasisgames.cl] Buscando (11/126): 'Buried Ruin'
2026-08-15 13:43:48 | INFO     | src.extractors.woocommerce | [cardnexus.cl] Buscando (66/126): 'Urza's Cave'
2026-08-15 13:43:51 | INFO     | src.extractors.woocommerce | [cardnexus.cl] Buscando (67/126): 'Urza's Mine'
2026-08-15 13:43:53 | INFO     | src.extractors.shopify | [paytowin.cl] Buscando (10/126): 'Breaker of Creation'
2026-08-15 13:43:53 | INFO     | src.extractors.woocommerce | [cardnexus.cl] Buscando (68/126): 'Urza's Power Plant'
2026-08-15 13:43:55 | INFO     | src.extractors.woocommerce | [cardnexus.cl] Buscando (69/126): 'Urza's Tower'
2026-08-15 13:43:56 | INFO     | src.extractors.shopify | [paytowin.cl] Buscando (11/126): 'Buried Ruin'
2026-08-15 13:43:57 | INFO     | src.extractors.woocommerce | [cardnexus.cl] Buscando (70/126): 'Urza's Workshop'
2026-08-15 13:43:59 | INFO     | src.extractors.woocommerce | [cardnexus.cl] Buscando (71/126): 'Vibranium Dynamo'
2026-08-15 13:44:02 | INFO     | src.extractors.woocommerce | [cardnexus.cl] Buscando (72/126): 'Void Winnower'
2026-08-15 13:44:04 | INFO     | src.extractors.woocommerce | [cardnexus.cl] Buscando (73/126): 'Volatile Fault'
2026-08-15 13:44:06 | INFO     | src.extractors.woocommerce | [cardnexus.cl] Buscando (74/126): 'War Room'
2026-08-15 13:44:08 | INFO     | src.extractors.woocommerce | [cardnexus.cl] Buscando (75/126): 'Warping Wail'
2026-08-15 13:44:08 | INFO     | src.extractors.shopify | [oasisgames.cl] Buscando (12/126): 'Cityscape Leveler'
2026-08-15 13:44:11 | INFO     | src.extractors.woocommerce | [cardnexus.cl] Buscando (76/126): 'Wastes'
2026-08-15 13:44:13 | INFO     | src.extractors.woocommerce | [cardnexus.cl] Buscando (77/126): 'Wayfarer's Bauble'
2026-08-15 13:44:15 | INFO     | src.extractors.woocommerce | [cardnexus.cl] Buscando (78/126): 'Worn Powerstone'
2026-08-15 13:44:17 | INFO     | src.extractors.shopify | [paytowin.cl] Buscando (12/126): 'Cityscape Leveler'
2026-08-15 13:44:17 | INFO     | src.extractors.woocommerce | [cardnexus.cl] Buscando (79/126): 'Zhalfirin Void'
2026-08-15 13:44:20 | INFO     | src.extractors.woocommerce | [cardnexus.cl] Buscando (80/126): 'Acorn Harvest'
2026-08-15 13:44:20 | INFO     | src.extractors.shopify | [oasisgames.cl] Buscando (13/126): 'Coldsteel Heart'
2026-08-15 13:44:22 | INFO     | src.extractors.woocommerce | [cardnexus.cl] Buscando (81/126): 'Avatar Sanctuary'
2026-08-15 13:44:24 | INFO     | src.extractors.woocommerce | [cardnexus.cl] Buscando (82/126): 'Banner of Kinship'
2026-08-15 13:44:26 | INFO     | src.extractors.woocommerce | [cardnexus.cl] Buscando (83/126): 'Beastmaster Ascension'
2026-08-15 13:44:28 | INFO     | src.extractors.shopify | [paytowin.cl] Buscando (13/126): 'Coldsteel Heart'
2026-08-15 13:44:29 | INFO     | src.extractors.woocommerce | [cardnexus.cl] Buscando (84/126): 'Champion of Lambholt'
2026-08-15 13:44:31 | INFO     | src.extractors.woocommerce | [cardnexus.cl] Buscando (85/126): 'Chatter of the Squirrel'
2026-08-15 13:44:33 | INFO     | src.extractors.shopify | [oasisgames.cl] Buscando (14/126): 'Darksteel Citadel'
2026-08-15 13:44:33 | INFO     | src.extractors.woocommerce | [cardnexus.cl] Buscando (86/126): 'Chitterspitter'
2026-08-15 13:44:36 | INFO     | src.extractors.woocommerce | [cardnexus.cl] Buscando (87/126): 'Deep Forest Hermit'
2026-08-15 13:44:38 | INFO     | src.extractors.woocommerce | [cardnexus.cl] Buscando (88/126): 'Druid's Call'
2026-08-15 13:44:40 | INFO     | src.extractors.woocommerce | [cardnexus.cl] Buscando (89/126): 'Emerald Medallion'
2026-08-15 13:44:42 | INFO     | src.extractors.woocommerce | [cardnexus.cl] Buscando (90/126): 'Enduring Vitality'
2026-08-15 13:44:44 | INFO     | src.extractors.shopify | [paytowin.cl] Buscando (14/126): 'Darksteel Citadel'
2026-08-15 13:44:45 | INFO     | src.extractors.woocommerce | [cardnexus.cl] Buscando (91/126): 'Essence Warden'
2026-08-15 13:44:47 | INFO     | src.extractors.woocommerce | [cardnexus.cl] Buscando (92/126): 'Firdoch Core'
2026-08-15 13:44:49 | INFO     | src.extractors.woocommerce | [cardnexus.cl] Buscando (93/126): 'Fog'
2026-08-15 13:44:52 | INFO     | src.extractors.woocommerce | [cardnexus.cl] Buscando (94/126): 'Frog-Squirrels'
2026-08-15 13:44:54 | INFO     | src.extractors.shopify | [oasisgames.cl] Buscando (15/126): 'Darksteel Monolith'
2026-08-15 13:44:54 | INFO     | src.extractors.woocommerce | [cardnexus.cl] Buscando (95/126): 'Go Nuts!'
2026-08-15 13:44:56 | INFO     | src.extractors.woocommerce | [cardnexus.cl] Buscando (96/126): 'Growing Rites of Itlimoc / Itlimoc, Cradle of the Sun'
2026-08-15 13:44:58 | INFO     | src.extractors.woocommerce | [cardnexus.cl] Buscando (97/126): 'Guardian Project'
2026-08-15 13:44:59 | INFO     | src.extractors.shopify | [oasisgames.cl] Buscando (16/126): 'Desecrate Reality'
2026-08-15 13:45:01 | INFO     | src.extractors.woocommerce | [cardnexus.cl] Buscando (98/126): 'Honored Dreyleader'
2026-08-15 13:45:03 | INFO     | src.extractors.woocommerce | [cardnexus.cl] Buscando (99/126): 'Idol of Oblivion'
2026-08-15 13:45:05 | INFO     | src.extractors.shopify | [paytowin.cl] Buscando (15/126): 'Darksteel Monolith'
2026-08-15 13:45:05 | INFO     | src.extractors.shopify | [oasisgames.cl] Buscando (17/126): 'Devourer of Destiny'
2026-08-15 13:45:05 | INFO     | src.extractors.woocommerce | [cardnexus.cl] Buscando (100/126): 'Jaheira, Friend of the Forest'
2026-08-15 13:45:08 | INFO     | src.extractors.woocommerce | [cardnexus.cl] Buscando (101/126): 'Mana Reflection'
2026-08-15 13:45:10 | INFO     | src.extractors.shopify | [paytowin.cl] Buscando (16/126): 'Desecrate Reality'
2026-08-15 13:45:10 | INFO     | src.extractors.woocommerce | [cardnexus.cl] Buscando (102/126): 'Nature's Lore'
2026-08-15 13:45:11 | INFO     | src.extractors.shopify | [oasisgames.cl] Buscando (18/126): 'Eldrazi Temple'
2026-08-15 13:45:13 | INFO     | src.extractors.woocommerce | [cardnexus.cl] Buscando (103/126): 'Noxious Newt'
2026-08-15 13:45:15 | INFO     | src.extractors.woocommerce | [cardnexus.cl] Buscando (104/126): 'Ohran Frostfang'
2026-08-15 13:45:16 | INFO     | src.extractors.shopify | [paytowin.cl] Buscando (17/126): 'Devourer of Destiny'
2026-08-15 13:45:18 | INFO     | src.extractors.woocommerce | [cardnexus.cl] Buscando (105/126): 'Patchwork Banner'
2026-08-15 13:45:20 | INFO     | src.extractors.woocommerce | [cardnexus.cl] Buscando (106/126): 'Primal Rage'
2026-08-15 13:45:22 | INFO     | src.extractors.shopify | [paytowin.cl] Buscando (18/126): 'Eldrazi Temple'
2026-08-15 13:45:23 | INFO     | src.extractors.woocommerce | [cardnexus.cl] Buscando (107/126): 'Quest for Renewal'
2026-08-15 13:45:25 | INFO     | src.extractors.woocommerce | [cardnexus.cl] Buscando (108/126): 'Rootcast Apprenticeship'
2026-08-15 13:45:28 | INFO     | src.extractors.woocommerce | [cardnexus.cl] Buscando (109/126): 'Sakura-Tribe Elder'
2026-08-15 13:45:30 | INFO     | src.extractors.woocommerce | [cardnexus.cl] Buscando (110/126): 'Scurrid Colony'
2026-08-15 13:45:31 | INFO     | src.extractors.shopify | [oasisgames.cl] Buscando (19/126): 'Eldritch Immunity'
2026-08-15 13:45:32 | INFO     | src.extractors.woocommerce | [cardnexus.cl] Buscando (111/126): 'Scurry of Squirrels'
2026-08-15 13:45:35 | INFO     | src.extractors.woocommerce | [cardnexus.cl] Buscando (112/126): 'Search for Tomorrow'
2026-08-15 13:45:37 | INFO     | src.extractors.woocommerce | [cardnexus.cl] Buscando (113/126): 'Seedborn Muse'
2026-08-15 13:45:37 | INFO     | src.extractors.shopify | [oasisgames.cl] Buscando (20/126): 'Emrakul, the Promised End'
2026-08-15 13:45:39 | INFO     | src.extractors.woocommerce | [cardnexus.cl] Buscando (114/126): 'Selfless Safewright'
2026-08-15 13:45:41 | INFO     | src.extractors.woocommerce | [cardnexus.cl] Buscando (115/126): 'Shamanic Revelation'
2026-08-15 13:45:42 | INFO     | src.extractors.shopify | [paytowin.cl] Buscando (19/126): 'Eldritch Immunity'
2026-08-15 13:45:44 | INFO     | src.extractors.woocommerce | [cardnexus.cl] Buscando (116/126): 'Skullclamp'
2026-08-15 13:45:46 | INFO     | src.extractors.woocommerce | [cardnexus.cl] Buscando (117/126): 'Skyshroud Claim'
2026-08-15 13:45:48 | INFO     | src.extractors.shopify | [paytowin.cl] Buscando (20/126): 'Emrakul, the Promised End'
2026-08-15 13:45:48 | INFO     | src.extractors.woocommerce | [cardnexus.cl] Buscando (118/126): 'Squirrel Mob'
2026-08-15 13:45:50 | INFO     | src.extractors.shopify | [oasisgames.cl] Buscando (21/126): 'Emrakul, the World Anew'
2026-08-15 13:45:50 | INFO     | src.extractors.woocommerce | [cardnexus.cl] Buscando (119/126): 'Squirrel Sovereign'
2026-08-15 13:45:53 | INFO     | src.extractors.woocommerce | [cardnexus.cl] Buscando (120/126): 'Studious First-Year / Rampant Growth'
2026-08-15 13:45:55 | INFO     | src.extractors.woocommerce | [cardnexus.cl] Buscando (121/126): 'Swarmyard'
2026-08-15 13:45:57 | INFO     | src.extractors.woocommerce | [cardnexus.cl] Buscando (122/126): 'Three Tree City'
2026-08-15 13:46:00 | INFO     | src.extractors.woocommerce | [cardnexus.cl] Buscando (123/126): 'Tippy-Toe, Terrific Partner'
2026-08-15 13:46:02 | INFO     | src.extractors.woocommerce | [cardnexus.cl] Buscando (124/126): 'Tribute to the World Tree'
2026-08-15 13:46:03 | INFO     | src.extractors.shopify | [oasisgames.cl] Buscando (22/126): 'Eye of Ugin'
2026-08-15 13:46:04 | INFO     | src.extractors.woocommerce | [cardnexus.cl] Buscando (125/126): 'Triumph of the Hordes'
2026-08-15 13:46:05 | INFO     | src.extractors.shopify | [paytowin.cl] Buscando (21/126): 'Emrakul, the World Anew'
2026-08-15 13:46:06 | INFO     | src.extractors.woocommerce | [cardnexus.cl] Buscando (126/126): 'Verdant Command'
2026-08-15 13:46:18 | INFO     | src.extractors.shopify | [paytowin.cl] Buscando (22/126): 'Eye of Ugin'
2026-08-15 13:46:24 | INFO     | src.extractors.shopify | [oasisgames.cl] Buscando (23/126): 'Field of Ruin'
2026-08-15 13:46:39 | INFO     | src.extractors.shopify | [paytowin.cl] Buscando (23/126): 'Field of Ruin'
2026-08-15 13:46:44 | INFO     | src.extractors.shopify | [oasisgames.cl] Buscando (24/126): 'Fomori Vault'
2026-08-15 13:46:54 | INFO     | src.extractors.shopify | [oasisgames.cl] Buscando (25/126): 'Forsaken Monument'
2026-08-15 13:47:00 | INFO     | src.extractors.shopify | [paytowin.cl] Buscando (24/126): 'Fomori Vault'
2026-08-15 13:47:09 | INFO     | src.extractors.shopify | [oasisgames.cl] Buscando (26/126): 'Fractured Powerstone'
2026-08-15 13:47:09 | INFO     | src.extractors.shopify | [paytowin.cl] Buscando (25/126): 'Forsaken Monument'
2026-08-15 13:47:22 | INFO     | src.extractors.shopify | [oasisgames.cl] Buscando (27/126): 'Ghost Quarter'
2026-08-15 13:47:24 | INFO     | src.extractors.shopify | [paytowin.cl] Buscando (26/126): 'Fractured Powerstone'
2026-08-15 13:47:37 | INFO     | src.extractors.shopify | [paytowin.cl] Buscando (27/126): 'Ghost Quarter'
2026-08-15 13:47:43 | INFO     | src.extractors.shopify | [oasisgames.cl] Buscando (28/126): 'Glaring Fleshraker'
2026-08-15 13:47:46 | INFO     | __main__ | === PIPELINE FINALIZADO ===
2026-08-15 13:47:48 | INFO     | __main__ | === INICIANDO PIPELINE MTG TRACKER ===
2026-08-15 13:47:48 | INFO     | __main__ | Sincronizando dimensiones (Tiendas y Cartas) en la BD...
2026-08-15 13:47:48 | INFO     | __main__ | Determinando motor de extracción por tienda...
2026-08-15 13:47:48 | INFO     | __main__ | Lanzando todos los extractores a la red simultáneamente...
2026-08-15 13:47:48 | INFO     | __main__ | Preparando motor ShopifyExtractor para 2 tiendas...
2026-08-15 13:47:48 | INFO     | __main__ | Preparando motor WooCommerceExtractor para 1 tiendas...
2026-08-15 13:47:48 | INFO     | __main__ | Preparando motor CardKingdomExtractor para 1 tiendas...
2026-08-15 13:47:48 | INFO     | src.extractors.shopify | Iniciando extracción asíncrona (Tiendas concurrentes, Cartas secuenciales): 126 cartas en 2 tiendas.
2026-08-15 13:47:49 | INFO     | src.extractors.woocommerce | Iniciando extracción asíncrona WooCommerce: 126 cartas en 1 tiendas.
2026-08-15 13:47:49 | INFO     | src.extractors.cardkingdom | ⏳ Intentando vulnerar el firewall de Card Kingdom (Bypass Nivel 2)...
2026-08-15 13:47:49 | INFO     | src.extractors.cardkingdom | 1. Visitando página principal para obtener cookies de clearance...
2026-08-15 13:47:49 | INFO     | src.extractors.shopify | [oasisgames.cl] Buscando (1/126): 'Akroma's Memorial'
2026-08-15 13:47:49 | INFO     | src.extractors.shopify | [paytowin.cl] Buscando (1/126): 'Akroma's Memorial'
2026-08-15 13:47:49 | INFO     | src.extractors.woocommerce | [cardnexus.cl] Buscando (1/126): 'Akroma's Memorial'
2026-08-15 13:47:51 | INFO     | src.extractors.cardkingdom | 2. Accediendo al endpoint oculto de la API...
2026-08-15 13:47:51 | ERROR    | src.extractors.cardkingdom | ❌ Firewall activo. HTTP 403: <!DOCTYPE html><html lang="en-US"><head><title>Just a moment...</title><meta http-equiv="Content-Typ
2026-08-15 13:47:52 | INFO     | src.extractors.woocommerce | [cardnexus.cl] Buscando (2/126): 'All Is Dust'
2026-08-15 13:47:54 | INFO     | src.extractors.woocommerce | [cardnexus.cl] Buscando (3/126): 'Arch of Orazca'
2026-08-15 13:47:56 | INFO     | src.extractors.woocommerce | [cardnexus.cl] Buscando (4/126): 'Artisan of Kozilek'
2026-08-15 13:47:59 | INFO     | src.extractors.woocommerce | [cardnexus.cl] Buscando (5/126): 'Bane of Bala Ged'
2026-08-15 13:48:01 | INFO     | src.extractors.woocommerce | [cardnexus.cl] Buscando (6/126): 'Basalt Monolith'
2026-08-15 13:48:02 | INFO     | src.extractors.shopify | [oasisgames.cl] Buscando (2/126): 'All Is Dust'
2026-08-15 13:48:03 | INFO     | src.extractors.woocommerce | [cardnexus.cl] Buscando (7/126): 'Blast Zone'
2026-08-15 13:48:06 | INFO     | src.extractors.woocommerce | [cardnexus.cl] Buscando (8/126): 'Blasted Landscape'
2026-08-15 13:48:06 | INFO     | src.extractors.shopify | [paytowin.cl] Buscando (2/126): 'All Is Dust'
2026-08-15 13:48:08 | INFO     | src.extractors.woocommerce | [cardnexus.cl] Buscando (9/126): 'Bonders' Enclave'
2026-08-15 13:48:10 | INFO     | src.extractors.woocommerce | [cardnexus.cl] Buscando (10/126): 'Breaker of Creation'
2026-08-15 13:48:13 | INFO     | src.extractors.woocommerce | [cardnexus.cl] Buscando (11/126): 'Buried Ruin'
2026-08-15 13:48:15 | INFO     | src.extractors.woocommerce | [cardnexus.cl] Buscando (12/126): 'Cityscape Leveler'
2026-08-15 13:48:17 | INFO     | src.extractors.woocommerce | [cardnexus.cl] Buscando (13/126): 'Coldsteel Heart'
2026-08-15 13:48:19 | INFO     | src.extractors.woocommerce | [cardnexus.cl] Buscando (14/126): 'Darksteel Citadel'
2026-08-15 13:48:21 | INFO     | src.extractors.shopify | [oasisgames.cl] Buscando (3/126): 'Arch of Orazca'
2026-08-15 13:48:22 | INFO     | src.extractors.woocommerce | [cardnexus.cl] Buscando (15/126): 'Darksteel Monolith'
2026-08-15 13:48:24 | INFO     | src.extractors.woocommerce | [cardnexus.cl] Buscando (16/126): 'Desecrate Reality'
2026-08-15 13:48:26 | INFO     | src.extractors.woocommerce | [cardnexus.cl] Buscando (17/126): 'Devourer of Destiny'
2026-08-15 13:48:26 | INFO     | src.extractors.shopify | [paytowin.cl] Buscando (3/126): 'Arch of Orazca'
2026-08-15 13:48:29 | INFO     | src.extractors.woocommerce | [cardnexus.cl] Buscando (18/126): 'Eldrazi Temple'
2026-08-15 13:48:31 | INFO     | src.extractors.woocommerce | [cardnexus.cl] Buscando (19/126): 'Eldritch Immunity'
2026-08-15 13:48:33 | INFO     | src.extractors.woocommerce | [cardnexus.cl] Buscando (20/126): 'Emrakul, the Promised End'
2026-08-15 13:48:35 | INFO     | src.extractors.woocommerce | [cardnexus.cl] Buscando (21/126): 'Emrakul, the World Anew'
2026-08-15 13:48:36 | INFO     | src.extractors.shopify | [oasisgames.cl] Buscando (4/126): 'Artisan of Kozilek'
2026-08-15 13:48:38 | INFO     | src.extractors.woocommerce | [cardnexus.cl] Buscando (22/126): 'Eye of Ugin'
2026-08-15 13:48:40 | INFO     | src.extractors.woocommerce | [cardnexus.cl] Buscando (23/126): 'Field of Ruin'
2026-08-15 13:48:42 | INFO     | src.extractors.woocommerce | [cardnexus.cl] Buscando (24/126): 'Fomori Vault'
2026-08-15 13:48:44 | INFO     | src.extractors.shopify | [paytowin.cl] Buscando (4/126): 'Artisan of Kozilek'
2026-08-15 13:48:44 | INFO     | src.extractors.woocommerce | [cardnexus.cl] Buscando (25/126): 'Forsaken Monument'
2026-08-15 13:48:47 | INFO     | src.extractors.woocommerce | [cardnexus.cl] Buscando (26/126): 'Fractured Powerstone'
2026-08-15 13:48:49 | INFO     | src.extractors.woocommerce | [cardnexus.cl] Buscando (27/126): 'Ghost Quarter'
2026-08-15 13:48:51 | INFO     | src.extractors.woocommerce | [cardnexus.cl] Buscando (28/126): 'Glaring Fleshraker'
2026-08-15 13:48:54 | INFO     | src.extractors.woocommerce | [cardnexus.cl] Buscando (29/126): 'Green Dragon Inn'
2026-08-15 13:48:56 | INFO     | src.extractors.woocommerce | [cardnexus.cl] Buscando (30/126): 'H.E.R.B.I.E., Lovable Robot'
2026-08-15 13:48:56 | INFO     | src.extractors.shopify | [oasisgames.cl] Buscando (5/126): 'Bane of Bala Ged'
2026-08-15 13:48:58 | INFO     | src.extractors.woocommerce | [cardnexus.cl] Buscando (31/126): 'Hedron Archive'
2026-08-15 13:49:00 | INFO     | src.extractors.woocommerce | [cardnexus.cl] Buscando (32/126): 'Hedron Crawler'
2026-08-15 13:49:02 | INFO     | src.extractors.shopify | [oasisgames.cl] Buscando (6/126): 'Basalt Monolith'
2026-08-15 13:49:03 | INFO     | src.extractors.woocommerce | [cardnexus.cl] Buscando (33/126): 'Inventors' Fair'
2026-08-15 13:49:04 | INFO     | src.extractors.shopify | [paytowin.cl] Buscando (5/126): 'Bane of Bala Ged'
2026-08-15 13:49:05 | INFO     | src.extractors.woocommerce | [cardnexus.cl] Buscando (34/126): 'It That Betrays'
2026-08-15 13:49:07 | INFO     | src.extractors.woocommerce | [cardnexus.cl] Buscando (35/126): 'It That Heralds the End'
2026-08-15 13:49:10 | INFO     | src.extractors.woocommerce | [cardnexus.cl] Buscando (36/126): 'Jhoira's Familiar'
2026-08-15 13:49:10 | INFO     | src.extractors.shopify | [paytowin.cl] Buscando (6/126): 'Basalt Monolith'
2026-08-15 13:49:12 | INFO     | src.extractors.woocommerce | [cardnexus.cl] Buscando (37/126): 'Kozilek, Butcher of Truth'
2026-08-15 13:49:14 | INFO     | src.extractors.woocommerce | [cardnexus.cl] Buscando (38/126): 'Kozilek, the Great Distortion'
2026-08-15 13:49:16 | INFO     | src.extractors.woocommerce | [cardnexus.cl] Buscando (39/126): 'Manakin'
2026-08-15 13:49:19 | INFO     | src.extractors.woocommerce | [cardnexus.cl] Buscando (40/126): 'Myr Convert'
2026-08-15 13:49:21 | INFO     | src.extractors.woocommerce | [cardnexus.cl] Buscando (41/126): 'Not of This World'
2026-08-15 13:49:22 | INFO     | src.extractors.shopify | [oasisgames.cl] Buscando (7/126): 'Blast Zone'
2026-08-15 13:49:23 | INFO     | src.extractors.woocommerce | [cardnexus.cl] Buscando (42/126): 'Ornithopter of Paradise'
2026-08-15 13:49:26 | INFO     | src.extractors.woocommerce | [cardnexus.cl] Buscando (43/126): 'Page, Loose Leaf'
2026-08-15 13:49:28 | INFO     | src.extractors.woocommerce | [cardnexus.cl] Buscando (44/126): 'Palladium Myr'
2026-08-15 13:49:30 | INFO     | src.extractors.woocommerce | [cardnexus.cl] Buscando (45/126): 'Plague Myr'
2026-08-15 13:49:30 | INFO     | src.extractors.shopify | [paytowin.cl] Buscando (7/126): 'Blast Zone'
2026-08-15 13:49:33 | INFO     | src.extractors.woocommerce | [cardnexus.cl] Buscando (46/126): 'Planar Nexus'
2026-08-15 13:49:35 | INFO     | src.extractors.woocommerce | [cardnexus.cl] Buscando (47/126): 'Portal to Phyrexia'
2026-08-15 13:49:37 | INFO     | src.extractors.woocommerce | [cardnexus.cl] Buscando (48/126): 'Prismatic Lens'
2026-08-15 13:49:39 | INFO     | src.extractors.woocommerce | [cardnexus.cl] Buscando (49/126): 'Sanctum of Ugin'
2026-08-15 13:49:42 | INFO     | src.extractors.woocommerce | [cardnexus.cl] Buscando (50/126): 'Scavenger Grounds'
2026-08-15 13:49:43 | INFO     | src.extractors.shopify | [oasisgames.cl] Buscando (8/126): 'Blasted Landscape'
2026-08-15 13:49:44 | INFO     | src.extractors.woocommerce | [cardnexus.cl] Buscando (51/126): 'Shrine of the Forsaken Gods'
2026-08-15 13:49:47 | INFO     | src.extractors.woocommerce | [cardnexus.cl] Buscando (52/126): 'Solar Transformer'
2026-08-15 13:49:49 | INFO     | src.extractors.woocommerce | [cardnexus.cl] Buscando (53/126): 'Solemn Simulacrum'
2026-08-15 13:49:51 | INFO     | src.extractors.shopify | [paytowin.cl] Buscando (8/126): 'Blasted Landscape'
2026-08-15 13:49:51 | INFO     | src.extractors.woocommerce | [cardnexus.cl] Buscando (54/126): 'Spawnbed Protector'
2026-08-15 13:49:52 | INFO     | src.extractors.shopify | [oasisgames.cl] Buscando (9/126): 'Bonders' Enclave'
2026-08-15 13:49:54 | INFO     | src.extractors.woocommerce | [cardnexus.cl] Buscando (55/126): 'Stonespeaker Crystal'
2026-08-15 13:49:55 | INFO     | __main__ | === PIPELINE FINALIZADO ===
2026-08-15 13:50:36 | INFO     | __main__ | === INICIANDO PIPELINE MTG TRACKER ===
2026-08-15 13:50:36 | INFO     | __main__ | Sincronizando dimensiones (Tiendas y Cartas) en la BD...
2026-08-15 13:50:36 | INFO     | __main__ | Determinando motor de extracción por tienda...
2026-08-15 13:50:36 | INFO     | __main__ | Lanzando todos los extractores a la red simultáneamente...
2026-08-15 13:50:36 | INFO     | __main__ | Preparando motor ShopifyExtractor para 2 tiendas...
2026-08-15 13:50:36 | INFO     | __main__ | Preparando motor WooCommerceExtractor para 1 tiendas...
2026-08-15 13:50:36 | INFO     | __main__ | Preparando motor CardKingdomExtractor para 1 tiendas...
2026-08-15 13:50:36 | INFO     | src.extractors.shopify | Iniciando extracción asíncrona (Tiendas concurrentes, Cartas secuenciales): 126 cartas en 2 tiendas.
2026-08-15 13:50:37 | INFO     | src.extractors.woocommerce | Iniciando extracción asíncrona WooCommerce: 126 cartas en 1 tiendas.
2026-08-15 13:50:37 | INFO     | src.extractors.cardkingdom | ⏳ Iniciando motor Playwright para resolver el desafío JavaScript de Cloudflare...
2026-08-15 13:50:37 | INFO     | src.extractors.shopify | [oasisgames.cl] Buscando (1/126): 'Akroma's Memorial'
2026-08-15 13:50:37 | INFO     | src.extractors.shopify | [paytowin.cl] Buscando (1/126): 'Akroma's Memorial'
2026-08-15 13:50:37 | INFO     | src.extractors.woocommerce | [cardnexus.cl] Buscando (1/126): 'Akroma's Memorial'
2026-08-15 13:50:37 | INFO     | src.extractors.cardkingdom | 1. Entrando a la API de Card Kingdom. Resolviendo 'Just a moment...'
2026-08-15 13:50:39 | INFO     | src.extractors.woocommerce | [cardnexus.cl] Buscando (2/126): 'All Is Dust'
2026-08-15 13:50:42 | INFO     | src.extractors.woocommerce | [cardnexus.cl] Buscando (3/126): 'Arch of Orazca'
2026-08-15 13:50:44 | INFO     | src.extractors.woocommerce | [cardnexus.cl] Buscando (4/126): 'Artisan of Kozilek'
2026-08-15 13:50:46 | INFO     | src.extractors.woocommerce | [cardnexus.cl] Buscando (5/126): 'Bane of Bala Ged'
2026-08-15 13:50:48 | INFO     | src.extractors.woocommerce | [cardnexus.cl] Buscando (6/126): 'Basalt Monolith'
2026-08-15 13:50:50 | INFO     | src.extractors.shopify | [oasisgames.cl] Buscando (2/126): 'All Is Dust'
2026-08-15 13:50:50 | INFO     | src.extractors.cardkingdom |    ... Aún resolviendo Cloudflare (Intento 5/20)
2026-08-15 13:50:51 | INFO     | src.extractors.woocommerce | [cardnexus.cl] Buscando (7/126): 'Blast Zone'
2026-08-15 13:50:53 | INFO     | src.extractors.woocommerce | [cardnexus.cl] Buscando (8/126): 'Blasted Landscape'
2026-08-15 13:50:54 | INFO     | src.extractors.shopify | [paytowin.cl] Buscando (2/126): 'All Is Dust'
2026-08-15 13:50:55 | INFO     | src.extractors.cardkingdom |    ... Aún resolviendo Cloudflare (Intento 10/20)
2026-08-15 13:50:55 | INFO     | src.extractors.woocommerce | [cardnexus.cl] Buscando (9/126): 'Bonders' Enclave'
2026-08-15 13:50:57 | INFO     | src.extractors.woocommerce | [cardnexus.cl] Buscando (10/126): 'Breaker of Creation'
2026-08-15 13:51:00 | INFO     | src.extractors.woocommerce | [cardnexus.cl] Buscando (11/126): 'Buried Ruin'
2026-08-15 13:51:00 | INFO     | src.extractors.cardkingdom |    ... Aún resolviendo Cloudflare (Intento 15/20)
2026-08-15 13:51:02 | INFO     | src.extractors.woocommerce | [cardnexus.cl] Buscando (12/126): 'Cityscape Leveler'
2026-08-15 13:51:04 | INFO     | src.extractors.woocommerce | [cardnexus.cl] Buscando (13/126): 'Coldsteel Heart'
2026-08-15 13:51:05 | ERROR    | src.extractors.cardkingdom | ❌ El navegador no pudo pasar la verificación de Cloudflare a tiempo.
2026-08-15 13:51:07 | INFO     | src.extractors.woocommerce | [cardnexus.cl] Buscando (14/126): 'Darksteel Citadel'
2026-08-15 13:51:08 | INFO     | __main__ | === PIPELINE FINALIZADO ===
2026-08-15 13:52:39 | INFO     | __main__ | === INICIANDO PIPELINE MTG TRACKER ===
2026-08-15 13:52:39 | INFO     | __main__ | Sincronizando dimensiones (Tiendas y Cartas) en la BD...
2026-08-15 13:52:39 | INFO     | __main__ | Determinando motor de extracción por tienda...
2026-08-15 13:52:39 | INFO     | __main__ | Lanzando todos los extractores a la red simultáneamente...
2026-08-15 13:52:39 | INFO     | __main__ | Preparando motor ShopifyExtractor para 2 tiendas...
2026-08-15 13:52:39 | INFO     | __main__ | Preparando motor WooCommerceExtractor para 1 tiendas...
2026-08-15 13:52:39 | INFO     | __main__ | Preparando motor CardKingdomExtractor para 1 tiendas...
2026-08-15 13:52:39 | INFO     | src.extractors.shopify | Iniciando extracción asíncrona (Tiendas concurrentes, Cartas secuenciales): 126 cartas en 2 tiendas.
2026-08-15 13:52:39 | INFO     | src.extractors.woocommerce | Iniciando extracción asíncrona WooCommerce: 126 cartas en 1 tiendas.
2026-08-15 13:52:39 | INFO     | src.extractors.cardkingdom | ⏳ Iniciando motor Playwright en modo VISIBLE para resolver Cloudflare...
2026-08-15 13:52:39 | INFO     | src.extractors.shopify | [oasisgames.cl] Buscando (1/126): 'Akroma's Memorial'
2026-08-15 13:52:39 | INFO     | src.extractors.shopify | [paytowin.cl] Buscando (1/126): 'Akroma's Memorial'
2026-08-15 13:52:39 | INFO     | src.extractors.woocommerce | [cardnexus.cl] Buscando (1/126): 'Akroma's Memorial'
2026-08-15 13:52:40 | INFO     | src.extractors.cardkingdom | 1. Entrando a la API de Card Kingdom. Si ves una casilla de verificación, ¡haz clic en ella!
2026-08-15 13:52:42 | INFO     | src.extractors.woocommerce | [cardnexus.cl] Buscando (2/126): 'All Is Dust'
2026-08-15 13:52:44 | INFO     | src.extractors.woocommerce | [cardnexus.cl] Buscando (3/126): 'Arch of Orazca'
2026-08-15 13:52:45 | INFO     | src.extractors.cardkingdom |    ... Aún resolviendo Cloudflare (Intento 5/30)
2026-08-15 13:52:46 | INFO     | src.extractors.woocommerce | [cardnexus.cl] Buscando (4/126): 'Artisan of Kozilek'
2026-08-15 13:52:48 | INFO     | src.extractors.woocommerce | [cardnexus.cl] Buscando (5/126): 'Bane of Bala Ged'
2026-08-15 13:52:50 | INFO     | src.extractors.cardkingdom |    ... Aún resolviendo Cloudflare (Intento 10/30)
2026-08-15 13:52:50 | INFO     | src.extractors.woocommerce | [cardnexus.cl] Buscando (6/126): 'Basalt Monolith'
2026-08-15 13:52:52 | INFO     | src.extractors.shopify | [oasisgames.cl] Buscando (2/126): 'All Is Dust'
2026-08-15 13:52:53 | INFO     | src.extractors.woocommerce | [cardnexus.cl] Buscando (7/126): 'Blast Zone'
2026-08-15 13:52:55 | INFO     | src.extractors.woocommerce | [cardnexus.cl] Buscando (8/126): 'Blasted Landscape'
2026-08-15 13:52:55 | INFO     | src.extractors.cardkingdom |    ... Aún resolviendo Cloudflare (Intento 15/30)
2026-08-15 13:52:56 | INFO     | src.extractors.shopify | [paytowin.cl] Buscando (2/126): 'All Is Dust'
2026-08-15 13:52:57 | INFO     | src.extractors.woocommerce | [cardnexus.cl] Buscando (9/126): 'Bonders' Enclave'
2026-08-15 13:52:59 | INFO     | src.extractors.woocommerce | [cardnexus.cl] Buscando (10/126): 'Breaker of Creation'
2026-08-15 13:53:00 | INFO     | src.extractors.cardkingdom |    ... Aún resolviendo Cloudflare (Intento 20/30)
2026-08-15 13:53:01 | INFO     | src.extractors.woocommerce | [cardnexus.cl] Buscando (11/126): 'Buried Ruin'
2026-08-15 13:53:03 | INFO     | src.extractors.woocommerce | [cardnexus.cl] Buscando (12/126): 'Cityscape Leveler'
2026-08-15 13:53:05 | INFO     | src.extractors.cardkingdom |    ... Aún resolviendo Cloudflare (Intento 25/30)
2026-08-15 13:53:06 | INFO     | src.extractors.woocommerce | [cardnexus.cl] Buscando (13/126): 'Coldsteel Heart'
2026-08-15 13:53:08 | INFO     | src.extractors.woocommerce | [cardnexus.cl] Buscando (14/126): 'Darksteel Citadel'
2026-08-15 13:53:10 | INFO     | src.extractors.woocommerce | [cardnexus.cl] Buscando (15/126): 'Darksteel Monolith'
2026-08-15 13:53:10 | ERROR    | src.extractors.cardkingdom | ❌ El navegador no pudo pasar la verificación de Cloudflare a tiempo.
2026-08-15 13:53:11 | INFO     | src.extractors.shopify | [oasisgames.cl] Buscando (3/126): 'Arch of Orazca'
2026-08-15 13:53:12 | INFO     | src.extractors.woocommerce | [cardnexus.cl] Buscando (16/126): 'Desecrate Reality'
2026-08-15 13:53:14 | INFO     | src.extractors.woocommerce | [cardnexus.cl] Buscando (17/126): 'Devourer of Destiny'
2026-08-15 13:53:16 | INFO     | src.extractors.woocommerce | [cardnexus.cl] Buscando (18/126): 'Eldrazi Temple'
2026-08-15 13:53:17 | INFO     | src.extractors.shopify | [paytowin.cl] Buscando (3/126): 'Arch of Orazca'
2026-08-15 13:53:18 | INFO     | src.extractors.woocommerce | [cardnexus.cl] Buscando (19/126): 'Eldritch Immunity'
2026-08-15 13:53:20 | INFO     | __main__ | === PIPELINE FINALIZADO ===
2026-08-15 13:54:17 | INFO     | __main__ | === INICIANDO PIPELINE MTG TRACKER ===
2026-08-15 13:54:17 | INFO     | __main__ | Sincronizando dimensiones (Tiendas y Cartas) en la BD...
2026-08-15 13:54:17 | INFO     | __main__ | Determinando motor de extracción por tienda...
2026-08-15 13:54:17 | INFO     | __main__ | Lanzando todos los extractores a la red simultáneamente...
2026-08-15 13:54:17 | INFO     | __main__ | Preparando motor ShopifyExtractor para 2 tiendas...
2026-08-15 13:54:17 | INFO     | __main__ | Preparando motor WooCommerceExtractor para 1 tiendas...
2026-08-15 13:54:17 | INFO     | __main__ | Preparando motor CardKingdomExtractor para 1 tiendas...
2026-08-15 13:54:17 | INFO     | src.extractors.shopify | Iniciando extracción asíncrona (Tiendas concurrentes, Cartas secuenciales): 126 cartas en 2 tiendas.
2026-08-15 13:54:17 | INFO     | src.extractors.woocommerce | Iniciando extracción asíncrona WooCommerce: 126 cartas en 1 tiendas.
2026-08-15 13:54:18 | INFO     | src.extractors.cardkingdom | ⏳ Iniciando motor Playwright en modo VISIBLE para resolver Cloudflare...
2026-08-15 13:54:18 | INFO     | src.extractors.shopify | [oasisgames.cl] Buscando (1/126): 'Akroma's Memorial'
2026-08-15 13:54:18 | INFO     | src.extractors.shopify | [paytowin.cl] Buscando (1/126): 'Akroma's Memorial'
2026-08-15 13:54:18 | INFO     | src.extractors.woocommerce | [cardnexus.cl] Buscando (1/126): 'Akroma's Memorial'
2026-08-15 13:54:18 | INFO     | src.extractors.cardkingdom | 1. Entrando a la API de Card Kingdom. Si ves una casilla de verificación, ¡haz clic en ella!
2026-08-15 13:54:20 | INFO     | src.extractors.woocommerce | [cardnexus.cl] Buscando (2/126): 'All Is Dust'
2026-08-15 13:54:23 | INFO     | src.extractors.woocommerce | [cardnexus.cl] Buscando (3/126): 'Arch of Orazca'
2026-08-15 13:54:23 | INFO     | src.extractors.cardkingdom |    ... Aún resolviendo Cloudflare (Intento 5/30)
2026-08-15 13:54:25 | INFO     | src.extractors.woocommerce | [cardnexus.cl] Buscando (4/126): 'Artisan of Kozilek'
2026-08-15 13:54:27 | INFO     | src.extractors.woocommerce | [cardnexus.cl] Buscando (5/126): 'Bane of Bala Ged'
2026-08-15 13:54:28 | INFO     | src.extractors.cardkingdom |    ... Aún resolviendo Cloudflare (Intento 10/30)
2026-08-15 13:54:29 | INFO     | src.extractors.woocommerce | [cardnexus.cl] Buscando (6/126): 'Basalt Monolith'
2026-08-15 13:54:31 | INFO     | src.extractors.shopify | [oasisgames.cl] Buscando (2/126): 'All Is Dust'
2026-08-15 13:54:32 | INFO     | src.extractors.woocommerce | [cardnexus.cl] Buscando (7/126): 'Blast Zone'
2026-08-15 13:54:33 | INFO     | src.extractors.cardkingdom |    ... Aún resolviendo Cloudflare (Intento 15/30)
2026-08-15 13:54:34 | INFO     | src.extractors.woocommerce | [cardnexus.cl] Buscando (8/126): 'Blasted Landscape'
2026-08-15 13:54:34 | INFO     | src.extractors.shopify | [paytowin.cl] Buscando (2/126): 'All Is Dust'
2026-08-15 13:54:36 | INFO     | src.extractors.woocommerce | [cardnexus.cl] Buscando (9/126): 'Bonders' Enclave'
2026-08-15 13:54:38 | INFO     | src.extractors.cardkingdom |    ... Aún resolviendo Cloudflare (Intento 20/30)
2026-08-15 13:54:39 | INFO     | src.extractors.woocommerce | [cardnexus.cl] Buscando (10/126): 'Breaker of Creation'
2026-08-15 13:54:41 | INFO     | src.extractors.woocommerce | [cardnexus.cl] Buscando (11/126): 'Buried Ruin'
2026-08-15 13:54:43 | INFO     | src.extractors.woocommerce | [cardnexus.cl] Buscando (12/126): 'Cityscape Leveler'
2026-08-15 13:54:43 | INFO     | src.extractors.cardkingdom |    ... Aún resolviendo Cloudflare (Intento 25/30)
2026-08-15 13:54:45 | INFO     | src.extractors.woocommerce | [cardnexus.cl] Buscando (13/126): 'Coldsteel Heart'
2026-08-15 13:54:48 | INFO     | src.extractors.woocommerce | [cardnexus.cl] Buscando (14/126): 'Darksteel Citadel'
2026-08-15 13:54:48 | ERROR    | src.extractors.cardkingdom | ❌ El navegador no pudo pasar la verificación de Cloudflare a tiempo.
2026-08-15 13:54:49 | INFO     | src.extractors.shopify | [oasisgames.cl] Buscando (3/126): 'Arch of Orazca'
2026-08-15 13:54:50 | INFO     | src.extractors.woocommerce | [cardnexus.cl] Buscando (15/126): 'Darksteel Monolith'
2026-08-15 13:54:52 | INFO     | src.extractors.woocommerce | [cardnexus.cl] Buscando (16/126): 'Desecrate Reality'
2026-08-15 13:54:55 | INFO     | src.extractors.woocommerce | [cardnexus.cl] Buscando (17/126): 'Devourer of Destiny'
2026-08-15 13:54:55 | INFO     | src.extractors.shopify | [paytowin.cl] Buscando (3/126): 'Arch of Orazca'
2026-08-15 13:54:57 | INFO     | src.extractors.woocommerce | [cardnexus.cl] Buscando (18/126): 'Eldrazi Temple'
2026-08-15 13:54:59 | INFO     | src.extractors.woocommerce | [cardnexus.cl] Buscando (19/126): 'Eldritch Immunity'
2026-08-15 13:55:01 | INFO     | src.extractors.woocommerce | [cardnexus.cl] Buscando (20/126): 'Emrakul, the Promised End'
2026-08-15 13:55:04 | INFO     | src.extractors.woocommerce | [cardnexus.cl] Buscando (21/126): 'Emrakul, the World Anew'
2026-08-15 13:55:04 | INFO     | src.extractors.shopify | [oasisgames.cl] Buscando (4/126): 'Artisan of Kozilek'
2026-08-15 13:55:06 | INFO     | src.extractors.woocommerce | [cardnexus.cl] Buscando (22/126): 'Eye of Ugin'
2026-08-15 13:55:08 | INFO     | src.extractors.woocommerce | [cardnexus.cl] Buscando (23/126): 'Field of Ruin'
2026-08-15 13:55:11 | INFO     | src.extractors.woocommerce | [cardnexus.cl] Buscando (24/126): 'Fomori Vault'
2026-08-15 13:55:12 | INFO     | src.extractors.shopify | [paytowin.cl] Buscando (4/126): 'Artisan of Kozilek'
2026-08-15 13:55:13 | INFO     | src.extractors.woocommerce | [cardnexus.cl] Buscando (25/126): 'Forsaken Monument'
2026-08-15 13:55:15 | INFO     | src.extractors.woocommerce | [cardnexus.cl] Buscando (26/126): 'Fractured Powerstone'
2026-08-15 13:55:17 | INFO     | src.extractors.woocommerce | [cardnexus.cl] Buscando (27/126): 'Ghost Quarter'
2026-08-15 13:55:20 | INFO     | src.extractors.woocommerce | [cardnexus.cl] Buscando (28/126): 'Glaring Fleshraker'
2026-08-15 13:55:22 | INFO     | src.extractors.woocommerce | [cardnexus.cl] Buscando (29/126): 'Green Dragon Inn'
2026-08-15 13:55:24 | INFO     | src.extractors.shopify | [oasisgames.cl] Buscando (5/126): 'Bane of Bala Ged'
2026-08-15 13:55:24 | INFO     | src.extractors.woocommerce | [cardnexus.cl] Buscando (30/126): 'H.E.R.B.I.E., Lovable Robot'
2026-08-15 13:55:27 | INFO     | src.extractors.woocommerce | [cardnexus.cl] Buscando (31/126): 'Hedron Archive'
2026-08-15 13:55:29 | INFO     | src.extractors.woocommerce | [cardnexus.cl] Buscando (32/126): 'Hedron Crawler'
2026-08-15 13:55:30 | INFO     | src.extractors.shopify | [oasisgames.cl] Buscando (6/126): 'Basalt Monolith'
2026-08-15 13:55:31 | INFO     | src.extractors.woocommerce | [cardnexus.cl] Buscando (33/126): 'Inventors' Fair'
2026-08-15 13:55:32 | INFO     | src.extractors.shopify | [paytowin.cl] Buscando (5/126): 'Bane of Bala Ged'
2026-08-15 13:55:33 | INFO     | src.extractors.woocommerce | [cardnexus.cl] Buscando (34/126): 'It That Betrays'
2026-08-15 13:55:36 | INFO     | src.extractors.woocommerce | [cardnexus.cl] Buscando (35/126): 'It That Heralds the End'
2026-08-15 13:55:38 | INFO     | src.extractors.shopify | [paytowin.cl] Buscando (6/126): 'Basalt Monolith'
2026-08-15 13:55:38 | INFO     | src.extractors.woocommerce | [cardnexus.cl] Buscando (36/126): 'Jhoira's Familiar'
2026-08-15 13:55:40 | INFO     | src.extractors.woocommerce | [cardnexus.cl] Buscando (37/126): 'Kozilek, Butcher of Truth'
2026-08-15 13:55:43 | INFO     | src.extractors.woocommerce | [cardnexus.cl] Buscando (38/126): 'Kozilek, the Great Distortion'
2026-08-15 13:55:45 | INFO     | src.extractors.woocommerce | [cardnexus.cl] Buscando (39/126): 'Manakin'
2026-08-15 13:55:47 | INFO     | src.extractors.woocommerce | [cardnexus.cl] Buscando (40/126): 'Myr Convert'
2026-08-15 13:55:49 | INFO     | src.extractors.woocommerce | [cardnexus.cl] Buscando (41/126): 'Not of This World'
2026-08-15 13:55:51 | INFO     | src.extractors.shopify | [oasisgames.cl] Buscando (7/126): 'Blast Zone'
2026-08-15 13:55:52 | INFO     | src.extractors.woocommerce | [cardnexus.cl] Buscando (42/126): 'Ornithopter of Paradise'
2026-08-15 13:55:54 | INFO     | src.extractors.woocommerce | [cardnexus.cl] Buscando (43/126): 'Page, Loose Leaf'
2026-08-15 13:55:56 | INFO     | src.extractors.woocommerce | [cardnexus.cl] Buscando (44/126): 'Palladium Myr'
2026-08-15 13:55:58 | INFO     | src.extractors.shopify | [paytowin.cl] Buscando (7/126): 'Blast Zone'
2026-08-15 13:55:59 | INFO     | src.extractors.woocommerce | [cardnexus.cl] Buscando (45/126): 'Plague Myr'
2026-08-15 13:56:01 | INFO     | src.extractors.woocommerce | [cardnexus.cl] Buscando (46/126): 'Planar Nexus'
2026-08-15 13:56:03 | INFO     | src.extractors.woocommerce | [cardnexus.cl] Buscando (47/126): 'Portal to Phyrexia'
2026-08-15 13:56:06 | INFO     | src.extractors.woocommerce | [cardnexus.cl] Buscando (48/126): 'Prismatic Lens'
2026-08-15 13:56:08 | INFO     | src.extractors.woocommerce | [cardnexus.cl] Buscando (49/126): 'Sanctum of Ugin'
2026-08-15 13:56:10 | INFO     | src.extractors.woocommerce | [cardnexus.cl] Buscando (50/126): 'Scavenger Grounds'
2026-08-15 13:56:11 | INFO     | src.extractors.shopify | [oasisgames.cl] Buscando (8/126): 'Blasted Landscape'
2026-08-15 13:56:12 | INFO     | src.extractors.woocommerce | [cardnexus.cl] Buscando (51/126): 'Shrine of the Forsaken Gods'
2026-08-15 13:56:15 | INFO     | src.extractors.woocommerce | [cardnexus.cl] Buscando (52/126): 'Solar Transformer'
2026-08-15 13:56:17 | INFO     | src.extractors.woocommerce | [cardnexus.cl] Buscando (53/126): 'Solemn Simulacrum'
2026-08-15 13:56:19 | INFO     | src.extractors.shopify | [paytowin.cl] Buscando (8/126): 'Blasted Landscape'
2026-08-15 13:56:19 | INFO     | src.extractors.woocommerce | [cardnexus.cl] Buscando (54/126): 'Spawnbed Protector'
2026-08-15 13:56:20 | INFO     | src.extractors.shopify | [oasisgames.cl] Buscando (9/126): 'Bonders' Enclave'
2026-08-15 13:56:22 | INFO     | src.extractors.woocommerce | [cardnexus.cl] Buscando (55/126): 'Stonespeaker Crystal'
2026-08-15 13:56:24 | INFO     | src.extractors.woocommerce | [cardnexus.cl] Buscando (56/126): 'Summon: Bahamut'
2026-08-15 13:56:26 | INFO     | src.extractors.woocommerce | [cardnexus.cl] Buscando (57/126): 'The Irencrag'
2026-08-15 13:56:29 | INFO     | src.extractors.woocommerce | [cardnexus.cl] Buscando (58/126): 'Tomb of the Spirit Dragon'
2026-08-15 13:56:29 | INFO     | src.extractors.shopify | [paytowin.cl] Buscando (9/126): 'Bonders' Enclave'
2026-08-15 13:56:31 | INFO     | src.extractors.woocommerce | [cardnexus.cl] Buscando (59/126): 'Ugin, Eye of the Storms'
2026-08-15 13:56:33 | INFO     | src.extractors.woocommerce | [cardnexus.cl] Buscando (60/126): 'Ugin, the Spirit Dragon'
2026-08-15 13:56:35 | INFO     | src.extractors.woocommerce | [cardnexus.cl] Buscando (61/126): 'Ugin's Labyrinth'
2026-08-15 13:56:38 | INFO     | src.extractors.woocommerce | [cardnexus.cl] Buscando (62/126): 'Ulamog, the Ceaseless Hunger'
2026-08-15 13:56:40 | INFO     | src.extractors.woocommerce | [cardnexus.cl] Buscando (63/126): 'Ulamog, the Defiler'
2026-08-15 13:56:41 | INFO     | src.extractors.shopify | [oasisgames.cl] Buscando (10/126): 'Breaker of Creation'
2026-08-15 13:56:42 | INFO     | src.extractors.woocommerce | [cardnexus.cl] Buscando (64/126): 'Ulamog, the Infinite Gyre'
2026-08-15 13:56:45 | INFO     | src.extractors.woocommerce | [cardnexus.cl] Buscando (65/126): 'Ultima, Origin of Oblivion'
2026-08-15 13:56:45 | INFO     | src.extractors.shopify | [oasisgames.cl] Buscando (11/126): 'Buried Ruin'
2026-08-15 13:56:47 | INFO     | src.extractors.woocommerce | [cardnexus.cl] Buscando (66/126): 'Urza's Cave'
2026-08-15 13:56:49 | INFO     | src.extractors.shopify | [paytowin.cl] Buscando (10/126): 'Breaker of Creation'
2026-08-15 13:56:50 | INFO     | src.extractors.woocommerce | [cardnexus.cl] Buscando (67/126): 'Urza's Mine'
2026-08-15 13:56:52 | INFO     | src.extractors.woocommerce | [cardnexus.cl] Buscando (68/126): 'Urza's Power Plant'
2026-08-15 13:56:53 | INFO     | src.extractors.shopify | [paytowin.cl] Buscando (11/126): 'Buried Ruin'
2026-08-15 13:56:54 | INFO     | src.extractors.woocommerce | [cardnexus.cl] Buscando (69/126): 'Urza's Tower'
2026-08-15 13:56:57 | INFO     | src.extractors.woocommerce | [cardnexus.cl] Buscando (70/126): 'Urza's Workshop'
2026-08-15 13:56:59 | INFO     | src.extractors.woocommerce | [cardnexus.cl] Buscando (71/126): 'Vibranium Dynamo'
2026-08-15 13:57:02 | INFO     | src.extractors.woocommerce | [cardnexus.cl] Buscando (72/126): 'Void Winnower'
2026-08-15 13:57:05 | INFO     | src.extractors.woocommerce | [cardnexus.cl] Buscando (73/126): 'Volatile Fault'
2026-08-15 13:57:05 | INFO     | src.extractors.shopify | [oasisgames.cl] Buscando (12/126): 'Cityscape Leveler'
2026-08-15 13:57:07 | INFO     | src.extractors.woocommerce | [cardnexus.cl] Buscando (74/126): 'War Room'
2026-08-15 13:57:10 | INFO     | src.extractors.woocommerce | [cardnexus.cl] Buscando (75/126): 'Warping Wail'
2026-08-15 13:57:13 | INFO     | src.extractors.woocommerce | [cardnexus.cl] Buscando (76/126): 'Wastes'
2026-08-15 13:57:14 | INFO     | src.extractors.shopify | [paytowin.cl] Buscando (12/126): 'Cityscape Leveler'
2026-08-15 13:57:15 | INFO     | src.extractors.woocommerce | [cardnexus.cl] Buscando (77/126): 'Wayfarer's Bauble'
2026-08-15 13:57:16 | INFO     | src.extractors.shopify | [oasisgames.cl] Buscando (13/126): 'Coldsteel Heart'
2026-08-15 13:57:18 | INFO     | src.extractors.woocommerce | [cardnexus.cl] Buscando (78/126): 'Worn Powerstone'
2026-08-15 13:57:21 | INFO     | src.extractors.woocommerce | [cardnexus.cl] Buscando (79/126): 'Zhalfirin Void'
2026-08-15 13:57:24 | INFO     | src.extractors.woocommerce | [cardnexus.cl] Buscando (80/126): 'Acorn Harvest'
2026-08-15 13:57:25 | INFO     | src.extractors.shopify | [paytowin.cl] Buscando (13/126): 'Coldsteel Heart'
2026-08-15 13:57:26 | INFO     | src.extractors.woocommerce | [cardnexus.cl] Buscando (81/126): 'Avatar Sanctuary'
2026-08-15 13:57:29 | INFO     | src.extractors.woocommerce | [cardnexus.cl] Buscando (82/126): 'Banner of Kinship'
2026-08-15 13:57:29 | INFO     | src.extractors.shopify | [oasisgames.cl] Buscando (14/126): 'Darksteel Citadel'
2026-08-15 13:57:32 | INFO     | src.extractors.woocommerce | [cardnexus.cl] Buscando (83/126): 'Beastmaster Ascension'
2026-08-15 13:57:34 | INFO     | src.extractors.woocommerce | [cardnexus.cl] Buscando (84/126): 'Champion of Lambholt'
2026-08-15 13:57:37 | INFO     | src.extractors.woocommerce | [cardnexus.cl] Buscando (85/126): 'Chatter of the Squirrel'
2026-08-15 13:57:40 | INFO     | src.extractors.woocommerce | [cardnexus.cl] Buscando (86/126): 'Chitterspitter'
2026-08-15 13:57:40 | INFO     | src.extractors.shopify | [paytowin.cl] Buscando (14/126): 'Darksteel Citadel'
2026-08-15 13:57:42 | INFO     | src.extractors.woocommerce | [cardnexus.cl] Buscando (87/126): 'Deep Forest Hermit'
2026-08-15 13:57:45 | INFO     | src.extractors.woocommerce | [cardnexus.cl] Buscando (88/126): 'Druid's Call'
2026-08-15 13:57:48 | INFO     | src.extractors.woocommerce | [cardnexus.cl] Buscando (89/126): 'Emerald Medallion'
2026-08-15 13:57:50 | INFO     | src.extractors.shopify | [oasisgames.cl] Buscando (15/126): 'Darksteel Monolith'
2026-08-15 13:57:51 | INFO     | src.extractors.woocommerce | [cardnexus.cl] Buscando (90/126): 'Enduring Vitality'
2026-08-15 13:57:54 | INFO     | src.extractors.woocommerce | [cardnexus.cl] Buscando (91/126): 'Essence Warden'
2026-08-15 13:57:55 | INFO     | src.extractors.shopify | [oasisgames.cl] Buscando (16/126): 'Desecrate Reality'
2026-08-15 13:57:56 | INFO     | src.extractors.woocommerce | [cardnexus.cl] Buscando (92/126): 'Firdoch Core'
2026-08-15 13:57:59 | INFO     | src.extractors.woocommerce | [cardnexus.cl] Buscando (93/126): 'Fog'
2026-08-15 13:58:01 | INFO     | src.extractors.shopify | [paytowin.cl] Buscando (15/126): 'Darksteel Monolith'
2026-08-15 13:58:01 | INFO     | src.extractors.shopify | [oasisgames.cl] Buscando (17/126): 'Devourer of Destiny'
2026-08-15 13:58:02 | INFO     | src.extractors.woocommerce | [cardnexus.cl] Buscando (94/126): 'Frog-Squirrels'
2026-08-15 13:58:05 | INFO     | src.extractors.woocommerce | [cardnexus.cl] Buscando (95/126): 'Go Nuts!'
2026-08-15 13:58:06 | INFO     | src.extractors.shopify | [paytowin.cl] Buscando (16/126): 'Desecrate Reality'
2026-08-15 13:58:06 | INFO     | src.extractors.shopify | [oasisgames.cl] Buscando (18/126): 'Eldrazi Temple'
2026-08-15 13:58:07 | INFO     | src.extractors.woocommerce | [cardnexus.cl] Buscando (96/126): 'Growing Rites of Itlimoc / Itlimoc, Cradle of the Sun'
2026-08-15 13:58:10 | INFO     | src.extractors.woocommerce | [cardnexus.cl] Buscando (97/126): 'Guardian Project'
2026-08-15 13:58:12 | INFO     | src.extractors.shopify | [paytowin.cl] Buscando (17/126): 'Devourer of Destiny'
2026-08-15 13:58:13 | INFO     | src.extractors.woocommerce | [cardnexus.cl] Buscando (98/126): 'Honored Dreyleader'
2026-08-15 13:58:15 | INFO     | src.extractors.woocommerce | [cardnexus.cl] Buscando (99/126): 'Idol of Oblivion'
2026-08-15 13:58:17 | INFO     | src.extractors.shopify | [paytowin.cl] Buscando (18/126): 'Eldrazi Temple'
2026-08-15 13:58:18 | INFO     | src.extractors.woocommerce | [cardnexus.cl] Buscando (100/126): 'Jaheira, Friend of the Forest'
2026-08-15 13:58:21 | INFO     | src.extractors.woocommerce | [cardnexus.cl] Buscando (101/126): 'Mana Reflection'
2026-08-15 13:58:24 | INFO     | src.extractors.woocommerce | [cardnexus.cl] Buscando (102/126): 'Nature's Lore'
2026-08-15 13:58:27 | INFO     | src.extractors.shopify | [oasisgames.cl] Buscando (19/126): 'Eldritch Immunity'
2026-08-15 13:58:27 | INFO     | src.extractors.woocommerce | [cardnexus.cl] Buscando (103/126): 'Noxious Newt'
2026-08-15 13:58:30 | INFO     | src.extractors.woocommerce | [cardnexus.cl] Buscando (104/126): 'Ohran Frostfang'
2026-08-15 13:58:32 | INFO     | src.extractors.woocommerce | [cardnexus.cl] Buscando (105/126): 'Patchwork Banner'
2026-08-15 13:58:32 | INFO     | src.extractors.shopify | [oasisgames.cl] Buscando (20/126): 'Emrakul, the Promised End'
2026-08-15 13:58:35 | INFO     | src.extractors.woocommerce | [cardnexus.cl] Buscando (106/126): 'Primal Rage'
2026-08-15 13:58:38 | INFO     | src.extractors.woocommerce | [cardnexus.cl] Buscando (107/126): 'Quest for Renewal'
2026-08-15 13:58:38 | INFO     | src.extractors.shopify | [paytowin.cl] Buscando (19/126): 'Eldritch Immunity'
2026-08-15 13:58:40 | INFO     | src.extractors.woocommerce | [cardnexus.cl] Buscando (108/126): 'Rootcast Apprenticeship'
2026-08-15 13:58:43 | INFO     | src.extractors.woocommerce | [cardnexus.cl] Buscando (109/126): 'Sakura-Tribe Elder'
2026-08-15 13:58:43 | INFO     | src.extractors.shopify | [paytowin.cl] Buscando (20/126): 'Emrakul, the Promised End'
2026-08-15 13:58:46 | INFO     | src.extractors.woocommerce | [cardnexus.cl] Buscando (110/126): 'Scurrid Colony'
2026-08-15 13:58:46 | INFO     | src.extractors.shopify | [oasisgames.cl] Buscando (21/126): 'Emrakul, the World Anew'
2026-08-15 13:58:48 | INFO     | src.extractors.woocommerce | [cardnexus.cl] Buscando (111/126): 'Scurry of Squirrels'
2026-08-15 13:58:51 | INFO     | src.extractors.woocommerce | [cardnexus.cl] Buscando (112/126): 'Search for Tomorrow'
2026-08-15 13:58:54 | INFO     | src.extractors.woocommerce | [cardnexus.cl] Buscando (113/126): 'Seedborn Muse'
2026-08-15 13:58:56 | INFO     | src.extractors.woocommerce | [cardnexus.cl] Buscando (114/126): 'Selfless Safewright'
2026-08-15 13:58:59 | INFO     | src.extractors.woocommerce | [cardnexus.cl] Buscando (115/126): 'Shamanic Revelation'
2026-08-15 13:58:59 | INFO     | src.extractors.shopify | [oasisgames.cl] Buscando (22/126): 'Eye of Ugin'
2026-08-15 13:59:00 | INFO     | src.extractors.shopify | [paytowin.cl] Buscando (21/126): 'Emrakul, the World Anew'
2026-08-15 13:59:02 | INFO     | src.extractors.woocommerce | [cardnexus.cl] Buscando (116/126): 'Skullclamp'
2026-08-15 13:59:05 | INFO     | src.extractors.woocommerce | [cardnexus.cl] Buscando (117/126): 'Skyshroud Claim'
2026-08-15 13:59:07 | INFO     | src.extractors.woocommerce | [cardnexus.cl] Buscando (118/126): 'Squirrel Mob'
2026-08-15 13:59:10 | INFO     | src.extractors.woocommerce | [cardnexus.cl] Buscando (119/126): 'Squirrel Sovereign'
2026-08-15 13:59:13 | INFO     | src.extractors.woocommerce | [cardnexus.cl] Buscando (120/126): 'Studious First-Year / Rampant Growth'
2026-08-15 13:59:13 | INFO     | src.extractors.shopify | [paytowin.cl] Buscando (22/126): 'Eye of Ugin'
2026-08-15 13:59:15 | INFO     | src.extractors.woocommerce | [cardnexus.cl] Buscando (121/126): 'Swarmyard'
2026-08-15 13:59:18 | INFO     | src.extractors.woocommerce | [cardnexus.cl] Buscando (122/126): 'Three Tree City'
2026-08-15 13:59:19 | INFO     | src.extractors.shopify | [oasisgames.cl] Buscando (23/126): 'Field of Ruin'
2026-08-15 13:59:21 | INFO     | src.extractors.woocommerce | [cardnexus.cl] Buscando (123/126): 'Tippy-Toe, Terrific Partner'
2026-08-15 13:59:23 | INFO     | src.extractors.woocommerce | [cardnexus.cl] Buscando (124/126): 'Tribute to the World Tree'
2026-08-15 13:59:26 | INFO     | src.extractors.woocommerce | [cardnexus.cl] Buscando (125/126): 'Triumph of the Hordes'
2026-08-15 13:59:29 | INFO     | src.extractors.woocommerce | [cardnexus.cl] Buscando (126/126): 'Verdant Command'
2026-08-15 13:59:34 | INFO     | src.extractors.shopify | [paytowin.cl] Buscando (23/126): 'Field of Ruin'
2026-08-15 13:59:40 | INFO     | src.extractors.shopify | [oasisgames.cl] Buscando (24/126): 'Fomori Vault'
2026-08-15 13:59:49 | INFO     | src.extractors.shopify | [oasisgames.cl] Buscando (25/126): 'Forsaken Monument'
2026-08-15 13:59:54 | INFO     | src.extractors.shopify | [paytowin.cl] Buscando (24/126): 'Fomori Vault'
2026-08-15 14:00:04 | INFO     | src.extractors.shopify | [oasisgames.cl] Buscando (26/126): 'Fractured Powerstone'
2026-08-15 14:00:04 | INFO     | src.extractors.shopify | [paytowin.cl] Buscando (25/126): 'Forsaken Monument'
2026-08-15 14:00:17 | INFO     | src.extractors.shopify | [oasisgames.cl] Buscando (27/126): 'Ghost Quarter'
2026-08-15 14:00:19 | INFO     | src.extractors.shopify | [paytowin.cl] Buscando (26/126): 'Fractured Powerstone'
2026-08-15 14:00:32 | INFO     | src.extractors.shopify | [paytowin.cl] Buscando (27/126): 'Ghost Quarter'
2026-08-15 14:00:38 | INFO     | src.extractors.shopify | [oasisgames.cl] Buscando (28/126): 'Glaring Fleshraker'
2026-08-15 14:00:43 | INFO     | src.extractors.shopify | [oasisgames.cl] Buscando (29/126): 'Green Dragon Inn'
2026-08-15 14:00:51 | INFO     | src.extractors.shopify | [oasisgames.cl] Buscando (30/126): 'H.E.R.B.I.E., Lovable Robot'
2026-08-15 14:00:53 | INFO     | src.extractors.shopify | [paytowin.cl] Buscando (28/126): 'Glaring Fleshraker'
2026-08-15 14:00:55 | INFO     | src.extractors.shopify | [oasisgames.cl] Buscando (31/126): 'Hedron Archive'
2026-08-15 14:00:58 | INFO     | src.extractors.shopify | [paytowin.cl] Buscando (29/126): 'Green Dragon Inn'
2026-08-15 14:01:06 | INFO     | src.extractors.shopify | [paytowin.cl] Buscando (30/126): 'H.E.R.B.I.E., Lovable Robot'
2026-08-15 14:01:11 | INFO     | src.extractors.shopify | [paytowin.cl] Buscando (31/126): 'Hedron Archive'
2026-08-15 14:01:16 | INFO     | src.extractors.shopify | [oasisgames.cl] Buscando (32/126): 'Hedron Crawler'
2026-08-15 14:01:19 | INFO     | src.extractors.shopify | [oasisgames.cl] Buscando (33/126): 'Inventors' Fair'
2026-08-15 14:01:32 | INFO     | src.extractors.shopify | [paytowin.cl] Buscando (32/126): 'Hedron Crawler'
2026-08-15 14:01:36 | INFO     | src.extractors.shopify | [paytowin.cl] Buscando (33/126): 'Inventors' Fair'
2026-08-15 14:01:40 | INFO     | src.extractors.shopify | [oasisgames.cl] Buscando (34/126): 'It That Betrays'
2026-08-15 14:01:56 | INFO     | src.extractors.shopify | [paytowin.cl] Buscando (34/126): 'It That Betrays'
2026-08-15 14:02:01 | INFO     | src.extractors.shopify | [oasisgames.cl] Buscando (35/126): 'It That Heralds the End'
2026-08-15 14:02:06 | INFO     | src.extractors.shopify | [oasisgames.cl] Buscando (36/126): 'Jhoira's Familiar'
2026-08-15 14:02:12 | INFO     | src.extractors.shopify | [oasisgames.cl] Buscando (37/126): 'Kozilek, Butcher of Truth'
2026-08-15 14:02:18 | INFO     | src.extractors.shopify | [paytowin.cl] Buscando (35/126): 'It That Heralds the End'
2026-08-15 14:02:23 | INFO     | src.extractors.shopify | [paytowin.cl] Buscando (36/126): 'Jhoira's Familiar'
2026-08-15 14:02:29 | INFO     | src.extractors.shopify | [paytowin.cl] Buscando (37/126): 'Kozilek, Butcher of Truth'
2026-08-15 14:02:31 | INFO     | src.extractors.shopify | [oasisgames.cl] Buscando (38/126): 'Kozilek, the Great Distortion'
2026-08-15 14:02:46 | INFO     | src.extractors.shopify | [oasisgames.cl] Buscando (39/126): 'Manakin'
2026-08-15 14:02:50 | INFO     | src.extractors.shopify | [paytowin.cl] Buscando (38/126): 'Kozilek, the Great Distortion'
2026-08-15 14:02:55 | INFO     | src.extractors.shopify | [oasisgames.cl] Buscando (40/126): 'Myr Convert'
2026-08-15 14:03:05 | INFO     | src.extractors.shopify | [paytowin.cl] Buscando (39/126): 'Manakin'
2026-08-15 14:03:06 | INFO     | src.extractors.shopify | [oasisgames.cl] Buscando (41/126): 'Not of This World'
2026-08-15 14:03:14 | INFO     | src.extractors.shopify | [paytowin.cl] Buscando (40/126): 'Myr Convert'
2026-08-15 14:03:26 | INFO     | src.extractors.shopify | [paytowin.cl] Buscando (41/126): 'Not of This World'
2026-08-15 14:03:27 | INFO     | src.extractors.shopify | [oasisgames.cl] Buscando (42/126): 'Ornithopter of Paradise'
2026-08-15 14:03:44 | INFO     | src.extractors.shopify | [oasisgames.cl] Buscando (43/126): 'Page, Loose Leaf'
2026-08-15 14:03:46 | INFO     | src.extractors.shopify | [paytowin.cl] Buscando (42/126): 'Ornithopter of Paradise'
2026-08-15 14:03:48 | INFO     | src.extractors.shopify | [oasisgames.cl] Buscando (44/126): 'Palladium Myr'
2026-08-15 14:04:03 | INFO     | src.extractors.shopify | [paytowin.cl] Buscando (43/126): 'Page, Loose Leaf'
2026-08-15 14:04:05 | INFO     | src.extractors.shopify | [oasisgames.cl] Buscando (45/126): 'Plague Myr'
2026-08-15 14:04:07 | INFO     | src.extractors.shopify | [paytowin.cl] Buscando (44/126): 'Palladium Myr'
2026-08-15 14:04:14 | INFO     | src.extractors.shopify | [oasisgames.cl] Buscando (46/126): 'Planar Nexus'
2026-08-15 14:04:21 | INFO     | src.extractors.shopify | [oasisgames.cl] Buscando (47/126): 'Portal to Phyrexia'
2026-08-15 14:04:24 | INFO     | src.extractors.shopify | [paytowin.cl] Buscando (45/126): 'Plague Myr'
2026-08-15 14:04:33 | INFO     | src.extractors.shopify | [oasisgames.cl] Buscando (48/126): 'Prismatic Lens'
2026-08-15 14:04:34 | INFO     | src.extractors.shopify | [paytowin.cl] Buscando (46/126): 'Planar Nexus'
2026-08-15 14:04:41 | INFO     | src.extractors.shopify | [paytowin.cl] Buscando (47/126): 'Portal to Phyrexia'
2026-08-15 14:04:51 | INFO     | src.extractors.shopify | [oasisgames.cl] Buscando (49/126): 'Sanctum of Ugin'
2026-08-15 14:04:55 | INFO     | src.extractors.shopify | [paytowin.cl] Buscando (48/126): 'Prismatic Lens'
2026-08-15 14:04:57 | INFO     | src.extractors.shopify | [oasisgames.cl] Buscando (50/126): 'Scavenger Grounds'
2026-08-15 14:05:13 | INFO     | src.extractors.shopify | [paytowin.cl] Buscando (49/126): 'Sanctum of Ugin'
2026-08-15 14:05:17 | INFO     | src.extractors.shopify | [oasisgames.cl] Buscando (51/126): 'Shrine of the Forsaken Gods'
2026-08-15 14:05:21 | INFO     | src.extractors.shopify | [paytowin.cl] Buscando (50/126): 'Scavenger Grounds'
2026-08-15 14:05:32 | INFO     | src.extractors.shopify | [oasisgames.cl] Buscando (52/126): 'Solar Transformer'
2026-08-15 14:05:40 | INFO     | src.extractors.shopify | [oasisgames.cl] Buscando (53/126): 'Solemn Simulacrum'
2026-08-15 14:05:41 | INFO     | src.extractors.shopify | [paytowin.cl] Buscando (51/126): 'Shrine of the Forsaken Gods'
2026-08-15 14:05:56 | INFO     | src.extractors.shopify | [paytowin.cl] Buscando (52/126): 'Solar Transformer'
2026-08-15 14:06:00 | INFO     | src.extractors.shopify | [oasisgames.cl] Buscando (54/126): 'Spawnbed Protector'
2026-08-15 14:06:04 | INFO     | src.extractors.shopify | [paytowin.cl] Buscando (53/126): 'Solemn Simulacrum'
2026-08-15 14:06:06 | INFO     | src.extractors.shopify | [oasisgames.cl] Buscando (55/126): 'Stonespeaker Crystal'
2026-08-15 14:06:15 | INFO     | src.extractors.shopify | [oasisgames.cl] Buscando (56/126): 'Summon: Bahamut'
2026-08-15 14:06:25 | INFO     | src.extractors.shopify | [paytowin.cl] Buscando (54/126): 'Spawnbed Protector'
2026-08-15 14:06:27 | INFO     | src.extractors.shopify | [oasisgames.cl] Buscando (57/126): 'The Irencrag'
2026-08-15 14:06:30 | INFO     | src.extractors.shopify | [paytowin.cl] Buscando (55/126): 'Stonespeaker Crystal'
2026-08-15 14:06:40 | INFO     | src.extractors.shopify | [paytowin.cl] Buscando (56/126): 'Summon: Bahamut'
2026-08-15 14:06:47 | INFO     | src.extractors.shopify | [oasisgames.cl] Buscando (58/126): 'Tomb of the Spirit Dragon'
2026-08-15 14:06:51 | INFO     | src.extractors.shopify | [paytowin.cl] Buscando (57/126): 'The Irencrag'
2026-08-15 14:06:57 | INFO     | src.extractors.shopify | [oasisgames.cl] Buscando (59/126): 'Ugin, Eye of the Storms'
2026-08-15 14:07:12 | INFO     | src.extractors.shopify | [paytowin.cl] Buscando (58/126): 'Tomb of the Spirit Dragon'
2026-08-15 14:07:17 | INFO     | src.extractors.shopify | [oasisgames.cl] Buscando (60/126): 'Ugin, the Spirit Dragon'
2026-08-15 14:07:21 | INFO     | src.extractors.shopify | [paytowin.cl] Buscando (59/126): 'Ugin, Eye of the Storms'
2026-08-15 14:07:38 | INFO     | src.extractors.shopify | [oasisgames.cl] Buscando (61/126): 'Ugin's Labyrinth'
2026-08-15 14:07:42 | INFO     | src.extractors.shopify | [paytowin.cl] Buscando (60/126): 'Ugin, the Spirit Dragon'
2026-08-15 14:07:48 | INFO     | src.extractors.shopify | [oasisgames.cl] Buscando (62/126): 'Ulamog, the Ceaseless Hunger'
2026-08-15 14:08:03 | INFO     | src.extractors.shopify | [oasisgames.cl] Buscando (63/126): 'Ulamog, the Defiler'
2026-08-15 14:08:03 | INFO     | src.extractors.shopify | [paytowin.cl] Buscando (61/126): 'Ugin's Labyrinth'
2026-08-15 14:08:12 | INFO     | src.extractors.shopify | [paytowin.cl] Buscando (62/126): 'Ulamog, the Ceaseless Hunger'
2026-08-15 14:08:16 | INFO     | src.extractors.shopify | [oasisgames.cl] Buscando (64/126): 'Ulamog, the Infinite Gyre'
2026-08-15 14:08:31 | INFO     | src.extractors.shopify | [paytowin.cl] Buscando (63/126): 'Ulamog, the Defiler'
2026-08-15 14:08:35 | INFO     | src.extractors.shopify | [oasisgames.cl] Buscando (65/126): 'Ultima, Origin of Oblivion'
2026-08-15 14:08:44 | INFO     | src.extractors.shopify | [oasisgames.cl] Buscando (66/126): 'Urza's Cave'
2026-08-15 14:08:44 | INFO     | src.extractors.shopify | [paytowin.cl] Buscando (64/126): 'Ulamog, the Infinite Gyre'
2026-08-15 14:08:49 | INFO     | src.extractors.shopify | [oasisgames.cl] Buscando (67/126): 'Urza's Mine'
2026-08-15 14:09:05 | INFO     | src.extractors.shopify | [paytowin.cl] Buscando (65/126): 'Ultima, Origin of Oblivion'
2026-08-15 14:09:10 | INFO     | src.extractors.shopify | [oasisgames.cl] Buscando (68/126): 'Urza's Power Plant'
2026-08-15 14:09:14 | INFO     | src.extractors.shopify | [paytowin.cl] Buscando (66/126): 'Urza's Cave'
2026-08-15 14:09:20 | INFO     | src.extractors.shopify | [paytowin.cl] Buscando (67/126): 'Urza's Mine'
2026-08-15 14:09:31 | INFO     | src.extractors.shopify | [oasisgames.cl] Buscando (69/126): 'Urza's Tower'
2026-08-15 14:09:41 | INFO     | src.extractors.shopify | [paytowin.cl] Buscando (68/126): 'Urza's Power Plant'
2026-08-15 14:09:51 | INFO     | src.extractors.shopify | [oasisgames.cl] Buscando (70/126): 'Urza's Workshop'
2026-08-15 14:09:57 | INFO     | src.extractors.shopify | [oasisgames.cl] Buscando (71/126): 'Vibranium Dynamo'
2026-08-15 14:10:01 | INFO     | src.extractors.shopify | [paytowin.cl] Buscando (69/126): 'Urza's Tower'
2026-08-15 14:10:02 | INFO     | src.extractors.shopify | [oasisgames.cl] Buscando (72/126): 'Void Winnower'
2026-08-15 14:10:16 | INFO     | src.extractors.shopify | [oasisgames.cl] Buscando (73/126): 'Volatile Fault'
2026-08-15 14:10:22 | INFO     | src.extractors.shopify | [paytowin.cl] Buscando (70/126): 'Urza's Workshop'
2026-08-15 14:10:23 | INFO     | src.extractors.shopify | [oasisgames.cl] Buscando (74/126): 'War Room'
2026-08-15 14:10:28 | INFO     | src.extractors.shopify | [paytowin.cl] Buscando (71/126): 'Vibranium Dynamo'
2026-08-15 14:10:32 | INFO     | src.extractors.shopify | [paytowin.cl] Buscando (72/126): 'Void Winnower'
2026-08-15 14:10:44 | INFO     | src.extractors.shopify | [oasisgames.cl] Buscando (75/126): 'Warping Wail'
2026-08-15 14:10:51 | INFO     | src.extractors.shopify | [paytowin.cl] Buscando (73/126): 'Volatile Fault'
2026-08-15 14:10:55 | INFO     | src.extractors.shopify | [oasisgames.cl] Buscando (76/126): 'Wastes'
2026-08-15 14:10:58 | INFO     | src.extractors.shopify | [paytowin.cl] Buscando (74/126): 'War Room'
2026-08-15 14:11:15 | INFO     | src.extractors.shopify | [oasisgames.cl] Buscando (77/126): 'Wayfarer's Bauble'
2026-08-15 14:11:19 | INFO     | src.extractors.shopify | [paytowin.cl] Buscando (75/126): 'Warping Wail'
2026-08-15 14:11:32 | INFO     | src.extractors.shopify | [paytowin.cl] Buscando (76/126): 'Wastes'
2026-08-15 14:11:36 | INFO     | src.extractors.shopify | [oasisgames.cl] Buscando (78/126): 'Worn Powerstone'
2026-08-15 14:11:53 | INFO     | src.extractors.shopify | [paytowin.cl] Buscando (77/126): 'Wayfarer's Bauble'
2026-08-15 14:11:57 | INFO     | src.extractors.shopify | [oasisgames.cl] Buscando (79/126): 'Zhalfirin Void'
2026-08-15 14:12:06 | INFO     | src.extractors.shopify | [oasisgames.cl] Buscando (80/126): 'Acorn Harvest'
2026-08-15 14:12:10 | INFO     | src.extractors.shopify | [oasisgames.cl] Buscando (81/126): 'Avatar Sanctuary'
2026-08-15 14:12:11 | INFO     | src.extractors.shopify | [oasisgames.cl] Buscando (82/126): 'Banner of Kinship'
2026-08-15 14:12:14 | INFO     | src.extractors.shopify | [paytowin.cl] Buscando (78/126): 'Worn Powerstone'
2026-08-15 14:12:25 | INFO     | src.extractors.shopify | [oasisgames.cl] Buscando (83/126): 'Beastmaster Ascension'
2026-08-15 14:12:35 | INFO     | src.extractors.shopify | [paytowin.cl] Buscando (79/126): 'Zhalfirin Void'
2026-08-15 14:12:44 | INFO     | src.extractors.shopify | [paytowin.cl] Buscando (80/126): 'Acorn Harvest'
2026-08-15 14:12:45 | INFO     | src.extractors.shopify | [oasisgames.cl] Buscando (84/126): 'Champion of Lambholt'
2026-08-15 14:12:48 | INFO     | src.extractors.shopify | [paytowin.cl] Buscando (81/126): 'Avatar Sanctuary'
2026-08-15 14:12:54 | INFO     | src.extractors.shopify | [paytowin.cl] Buscando (82/126): 'Banner of Kinship'
2026-08-15 14:13:06 | INFO     | src.extractors.shopify | [oasisgames.cl] Buscando (85/126): 'Chatter of the Squirrel'
2026-08-15 14:13:07 | INFO     | src.extractors.shopify | [paytowin.cl] Buscando (83/126): 'Beastmaster Ascension'
2026-08-15 14:13:15 | INFO     | src.extractors.shopify | [oasisgames.cl] Buscando (86/126): 'Chitterspitter'
2026-08-15 14:13:24 | INFO     | src.extractors.shopify | [oasisgames.cl] Buscando (87/126): 'Deep Forest Hermit'
2026-08-15 14:13:28 | INFO     | src.extractors.shopify | [paytowin.cl] Buscando (84/126): 'Champion of Lambholt'
2026-08-15 14:13:34 | INFO     | src.extractors.shopify | [oasisgames.cl] Buscando (88/126): 'Druid's Call'
2026-08-15 14:13:41 | INFO     | src.extractors.shopify | [oasisgames.cl] Buscando (89/126): 'Emerald Medallion'
2026-08-15 14:13:49 | INFO     | src.extractors.shopify | [paytowin.cl] Buscando (85/126): 'Chatter of the Squirrel'
2026-08-15 14:13:56 | INFO     | src.extractors.shopify | [oasisgames.cl] Buscando (90/126): 'Enduring Vitality'
2026-08-15 14:13:58 | INFO     | src.extractors.shopify | [paytowin.cl] Buscando (86/126): 'Chitterspitter'
2026-08-15 14:14:08 | INFO     | src.extractors.shopify | [paytowin.cl] Buscando (87/126): 'Deep Forest Hermit'
2026-08-15 14:14:13 | INFO     | src.extractors.shopify | [oasisgames.cl] Buscando (91/126): 'Essence Warden'
2026-08-15 14:14:17 | INFO     | src.extractors.shopify | [paytowin.cl] Buscando (88/126): 'Druid's Call'
2026-08-15 14:14:23 | INFO     | src.extractors.shopify | [paytowin.cl] Buscando (89/126): 'Emerald Medallion'
2026-08-15 14:14:28 | INFO     | src.extractors.shopify | [oasisgames.cl] Buscando (92/126): 'Firdoch Core'
2026-08-15 14:14:32 | INFO     | src.extractors.shopify | [oasisgames.cl] Buscando (93/126): 'Fog'
2026-08-15 14:14:40 | INFO     | src.extractors.shopify | [paytowin.cl] Buscando (90/126): 'Enduring Vitality'
2026-08-15 14:14:53 | INFO     | src.extractors.shopify | [oasisgames.cl] Buscando (94/126): 'Frog-Squirrels'
2026-08-15 14:14:56 | INFO     | src.extractors.shopify | [oasisgames.cl] Buscando (95/126): 'Go Nuts!'
2026-08-15 14:14:57 | INFO     | src.extractors.shopify | [paytowin.cl] Buscando (91/126): 'Essence Warden'
2026-08-15 14:15:00 | INFO     | src.extractors.shopify | [oasisgames.cl] Buscando (96/126): 'Growing Rites of Itlimoc / Itlimoc, Cradle of the Sun'
2026-08-15 14:15:10 | INFO     | src.extractors.shopify | [paytowin.cl] Buscando (92/126): 'Firdoch Core'
2026-08-15 14:15:11 | INFO     | src.extractors.shopify | [oasisgames.cl] Buscando (97/126): 'Guardian Project'
2026-08-15 14:15:14 | INFO     | src.extractors.shopify | [paytowin.cl] Buscando (93/126): 'Fog'
2026-08-15 14:15:32 | INFO     | src.extractors.shopify | [oasisgames.cl] Buscando (98/126): 'Honored Dreyleader'
2026-08-15 14:15:34 | INFO     | src.extractors.shopify | [paytowin.cl] Buscando (94/126): 'Frog-Squirrels'
2026-08-15 14:15:38 | INFO     | src.extractors.shopify | [paytowin.cl] Buscando (95/126): 'Go Nuts!'
2026-08-15 14:15:39 | INFO     | src.extractors.shopify | [oasisgames.cl] Buscando (99/126): 'Idol of Oblivion'
2026-08-15 14:15:42 | INFO     | src.extractors.shopify | [paytowin.cl] Buscando (96/126): 'Growing Rites of Itlimoc / Itlimoc, Cradle of the Sun'
2026-08-15 14:15:59 | INFO     | src.extractors.shopify | [paytowin.cl] Buscando (97/126): 'Guardian Project'
2026-08-15 14:16:00 | INFO     | src.extractors.shopify | [oasisgames.cl] Buscando (100/126): 'Jaheira, Friend of the Forest'
2026-08-15 14:16:09 | INFO     | src.extractors.shopify | [oasisgames.cl] Buscando (101/126): 'Mana Reflection'
2026-08-15 14:16:19 | INFO     | src.extractors.shopify | [oasisgames.cl] Buscando (102/126): 'Nature's Lore'
2026-08-15 14:16:20 | INFO     | src.extractors.shopify | [paytowin.cl] Buscando (98/126): 'Honored Dreyleader'
2026-08-15 14:16:27 | INFO     | src.extractors.shopify | [paytowin.cl] Buscando (99/126): 'Idol of Oblivion'
2026-08-15 14:16:39 | INFO     | src.extractors.shopify | [oasisgames.cl] Buscando (103/126): 'Noxious Newt'
2026-08-15 14:16:44 | INFO     | src.extractors.shopify | [oasisgames.cl] Buscando (104/126): 'Ohran Frostfang'
2026-08-15 14:16:48 | INFO     | src.extractors.shopify | [paytowin.cl] Buscando (100/126): 'Jaheira, Friend of the Forest'
2026-08-15 14:16:57 | INFO     | src.extractors.shopify | [paytowin.cl] Buscando (101/126): 'Mana Reflection'
2026-08-15 14:17:02 | INFO     | src.extractors.shopify | [oasisgames.cl] Buscando (105/126): 'Patchwork Banner'
2026-08-15 14:17:07 | INFO     | src.extractors.shopify | [paytowin.cl] Buscando (102/126): 'Nature's Lore'
2026-08-15 14:17:13 | INFO     | src.extractors.shopify | [oasisgames.cl] Buscando (106/126): 'Primal Rage'
2026-08-15 14:17:25 | INFO     | src.extractors.shopify | [oasisgames.cl] Buscando (107/126): 'Quest for Renewal'
2026-08-15 14:17:27 | INFO     | src.extractors.shopify | [paytowin.cl] Buscando (103/126): 'Noxious Newt'
2026-08-15 14:17:28 | INFO     | src.extractors.shopify | [oasisgames.cl] Buscando (108/126): 'Rootcast Apprenticeship'
2026-08-15 14:17:31 | INFO     | src.extractors.shopify | [paytowin.cl] Buscando (104/126): 'Ohran Frostfang'
2026-08-15 14:17:32 | INFO     | src.extractors.shopify | [oasisgames.cl] Buscando (109/126): 'Sakura-Tribe Elder'
2026-08-15 14:17:50 | INFO     | src.extractors.shopify | [paytowin.cl] Buscando (105/126): 'Patchwork Banner'
2026-08-15 14:17:53 | INFO     | src.extractors.shopify | [oasisgames.cl] Buscando (110/126): 'Scurrid Colony'
2026-08-15 14:17:56 | INFO     | src.extractors.shopify | [oasisgames.cl] Buscando (111/126): 'Scurry of Squirrels'
2026-08-15 14:18:00 | INFO     | src.extractors.shopify | [oasisgames.cl] Buscando (112/126): 'Search for Tomorrow'
2026-08-15 14:18:01 | INFO     | src.extractors.shopify | [paytowin.cl] Buscando (106/126): 'Primal Rage'
2026-08-15 14:18:11 | INFO     | src.extractors.shopify | [paytowin.cl] Buscando (107/126): 'Quest for Renewal'
2026-08-15 14:18:14 | INFO     | src.extractors.shopify | [paytowin.cl] Buscando (108/126): 'Rootcast Apprenticeship'
2026-08-15 14:18:20 | INFO     | src.extractors.shopify | [paytowin.cl] Buscando (109/126): 'Sakura-Tribe Elder'
2026-08-15 14:18:21 | INFO     | src.extractors.shopify | [oasisgames.cl] Buscando (113/126): 'Seedborn Muse'
2026-08-15 14:18:41 | INFO     | src.extractors.shopify | [paytowin.cl] Buscando (110/126): 'Scurrid Colony'
2026-08-15 14:18:41 | INFO     | src.extractors.shopify | [oasisgames.cl] Buscando (114/126): 'Selfless Safewright'
2026-08-15 14:18:45 | INFO     | src.extractors.shopify | [paytowin.cl] Buscando (111/126): 'Scurry of Squirrels'
2026-08-15 14:18:50 | INFO     | src.extractors.shopify | [paytowin.cl] Buscando (112/126): 'Search for Tomorrow'
2026-08-15 14:18:52 | INFO     | src.extractors.shopify | [oasisgames.cl] Buscando (115/126): 'Shamanic Revelation'
2026-08-15 14:19:11 | INFO     | src.extractors.shopify | [paytowin.cl] Buscando (113/126): 'Seedborn Muse'
2026-08-15 14:19:13 | INFO     | src.extractors.shopify | [oasisgames.cl] Buscando (116/126): 'Skullclamp'
2026-08-15 14:19:31 | INFO     | src.extractors.shopify | [paytowin.cl] Buscando (114/126): 'Selfless Safewright'
2026-08-15 14:19:33 | INFO     | src.extractors.shopify | [oasisgames.cl] Buscando (117/126): 'Skyshroud Claim'
2026-08-15 14:19:43 | INFO     | src.extractors.shopify | [paytowin.cl] Buscando (115/126): 'Shamanic Revelation'
2026-08-15 14:19:45 | INFO     | src.extractors.shopify | [oasisgames.cl] Buscando (118/126): 'Squirrel Mob'
2026-08-15 14:19:58 | INFO     | src.extractors.shopify | [oasisgames.cl] Buscando (119/126): 'Squirrel Sovereign'
2026-08-15 14:20:03 | INFO     | src.extractors.shopify | [paytowin.cl] Buscando (116/126): 'Skullclamp'
2026-08-15 14:20:11 | INFO     | src.extractors.shopify | [oasisgames.cl] Buscando (120/126): 'Studious First-Year / Rampant Growth'
2026-08-15 14:20:13 | INFO     | src.extractors.shopify | [oasisgames.cl] Buscando (121/126): 'Swarmyard'
2026-08-15 14:20:24 | INFO     | src.extractors.shopify | [paytowin.cl] Buscando (117/126): 'Skyshroud Claim'
2026-08-15 14:20:30 | INFO     | src.extractors.shopify | [oasisgames.cl] Buscando (122/126): 'Three Tree City'
2026-08-15 14:20:37 | INFO     | src.extractors.shopify | [paytowin.cl] Buscando (118/126): 'Squirrel Mob'
2026-08-15 14:20:47 | INFO     | src.extractors.shopify | [oasisgames.cl] Buscando (123/126): 'Tippy-Toe, Terrific Partner'
2026-08-15 14:20:52 | INFO     | src.extractors.shopify | [oasisgames.cl] Buscando (124/126): 'Tribute to the World Tree'
2026-08-15 14:20:52 | INFO     | src.extractors.shopify | [paytowin.cl] Buscando (119/126): 'Squirrel Sovereign'
2026-08-15 14:21:02 | INFO     | src.extractors.shopify | [oasisgames.cl] Buscando (125/126): 'Triumph of the Hordes'
2026-08-15 14:21:05 | INFO     | src.extractors.shopify | [paytowin.cl] Buscando (120/126): 'Studious First-Year / Rampant Growth'
2026-08-15 14:21:07 | INFO     | src.extractors.shopify | [paytowin.cl] Buscando (121/126): 'Swarmyard'
2026-08-15 14:21:17 | INFO     | src.extractors.shopify | [oasisgames.cl] Buscando (126/126): 'Verdant Command'
2026-08-15 14:21:28 | INFO     | src.extractors.shopify | [paytowin.cl] Buscando (122/126): 'Three Tree City'
2026-08-15 14:21:47 | INFO     | src.extractors.shopify | [paytowin.cl] Buscando (123/126): 'Tippy-Toe, Terrific Partner'
2026-08-15 14:21:52 | INFO     | src.extractors.shopify | [paytowin.cl] Buscando (124/126): 'Tribute to the World Tree'
2026-08-15 14:22:02 | INFO     | src.extractors.shopify | [paytowin.cl] Buscando (125/126): 'Triumph of the Hordes'
2026-08-15 14:22:19 | INFO     | src.extractors.shopify | [paytowin.cl] Buscando (126/126): 'Verdant Command'
2026-08-15 14:22:38 | INFO     | src.extractors.shopify | Extracción finalizada. 722 variantes EN STOCK obtenidas.
2026-08-15 14:22:38 | INFO     | __main__ | Aplicando transformaciones RegEx y cargando a la base de datos...
2026-08-15 14:22:38 | INFO     | __main__ | Carga a la base de datos exitosa.
2026-08-15 14:22:38 | INFO     | __main__ | === PIPELINE FINALIZADO ===
2026-08-15 14:47:23 | INFO     | __main__ | === INICIANDO PIPELINE MTG TRACKER ===
2026-08-15 14:47:23 | INFO     | __main__ | Sincronizando dimensiones (Tiendas y Cartas) en la BD...
2026-08-15 14:47:23 | INFO     | __main__ | Determinando motor de extracción por tienda...
2026-08-15 14:47:23 | INFO     | __main__ | Lanzando todos los extractores a la red simultáneamente...
2026-08-15 14:47:23 | INFO     | __main__ | Preparando motor ShopifyExtractor para 2 tiendas...
2026-08-15 14:47:23 | INFO     | __main__ | Preparando motor WooCommerceExtractor para 1 tiendas...
2026-08-15 14:47:23 | INFO     | __main__ | Preparando motor CardKingdomExtractor para 1 tiendas...
2026-08-15 14:47:23 | INFO     | src.extractors.shopify | Iniciando extracción asíncrona CONCURRENTE TOTAL: 126 cartas en 2 tiendas Shopify.
2026-08-15 14:47:23 | INFO     | src.extractors.woocommerce | Iniciando extracción asíncrona WooCommerce: 126 cartas en 1 tiendas.
2026-08-15 14:47:23 | INFO     | src.extractors.cardkingdom | ⏳ Iniciando motor Playwright en modo VISIBLE para resolver Cloudflare...
2026-08-15 14:47:23 | INFO     | src.extractors.woocommerce | [cardnexus.cl] Buscando (1/126): 'Akroma's Memorial'
2026-08-15 14:47:23 | INFO     | src.extractors.shopify | [oasisgames.cl] Buscando (1/126): 'Akroma's Memorial'
2026-08-15 14:47:23 | INFO     | src.extractors.shopify | [oasisgames.cl] Buscando (2/126): 'All Is Dust'
2026-08-15 14:47:23 | INFO     | src.extractors.shopify | [oasisgames.cl] Buscando (3/126): 'Arch of Orazca'
2026-08-15 14:47:23 | INFO     | src.extractors.shopify | [oasisgames.cl] Buscando (4/126): 'Artisan of Kozilek'
2026-08-15 14:47:23 | INFO     | src.extractors.shopify | [oasisgames.cl] Buscando (5/126): 'Bane of Bala Ged'
2026-08-15 14:47:23 | INFO     | src.extractors.shopify | [paytowin.cl] Buscando (1/126): 'Akroma's Memorial'
2026-08-15 14:47:23 | INFO     | src.extractors.shopify | [paytowin.cl] Buscando (2/126): 'All Is Dust'
2026-08-15 14:47:23 | INFO     | src.extractors.shopify | [paytowin.cl] Buscando (3/126): 'Arch of Orazca'
2026-08-15 14:47:23 | INFO     | src.extractors.shopify | [paytowin.cl] Buscando (4/126): 'Artisan of Kozilek'
2026-08-15 14:47:23 | INFO     | src.extractors.shopify | [paytowin.cl] Buscando (5/126): 'Bane of Bala Ged'
2026-08-15 14:47:24 | INFO     | src.extractors.cardkingdom | 1. Entrando a la API de Card Kingdom. Si ves una casilla de verificación, ¡haz clic en ella!
2026-08-15 14:47:26 | INFO     | src.extractors.woocommerce | [cardnexus.cl] Buscando (2/126): 'All Is Dust'
2026-08-15 14:47:27 | ERROR    | src.extractors.cardkingdom | ❌ Error crítico ejecutando Playwright: Page.evaluate: Target page, context or browser has been closed
2026-08-15 14:47:29 | INFO     | src.extractors.woocommerce | [cardnexus.cl] Buscando (3/126): 'Arch of Orazca'
2026-08-15 14:47:29 | INFO     | src.extractors.shopify | [oasisgames.cl] Buscando (6/126): 'Basalt Monolith'
2026-08-15 14:47:29 | INFO     | src.extractors.shopify | [paytowin.cl] Buscando (6/126): 'Basalt Monolith'
2026-08-15 14:47:32 | INFO     | src.extractors.woocommerce | [cardnexus.cl] Buscando (4/126): 'Artisan of Kozilek'
2026-08-15 14:47:34 | INFO     | src.extractors.woocommerce | [cardnexus.cl] Buscando (5/126): 'Bane of Bala Ged'
2026-08-15 14:47:37 | INFO     | src.extractors.shopify | [oasisgames.cl] Buscando (7/126): 'Blast Zone'
2026-08-15 14:47:37 | INFO     | src.extractors.woocommerce | [cardnexus.cl] Buscando (6/126): 'Basalt Monolith'
2026-08-15 14:47:38 | INFO     | src.extractors.shopify | [oasisgames.cl] Buscando (8/126): 'Blasted Landscape'
2026-08-15 14:47:40 | INFO     | src.extractors.woocommerce | [cardnexus.cl] Buscando (7/126): 'Blast Zone'
2026-08-15 14:47:40 | INFO     | src.extractors.shopify | [paytowin.cl] Buscando (7/126): 'Blast Zone'
2026-08-15 14:47:40 | INFO     | src.extractors.shopify | [paytowin.cl] Buscando (8/126): 'Blasted Landscape'
2026-08-15 14:47:42 | INFO     | src.extractors.shopify | [oasisgames.cl] Buscando (9/126): 'Bonders' Enclave'
2026-08-15 14:47:42 | INFO     | src.extractors.woocommerce | [cardnexus.cl] Buscando (8/126): 'Blasted Landscape'
2026-08-15 14:47:44 | INFO     | src.extractors.shopify | [oasisgames.cl] Buscando (10/126): 'Breaker of Creation'
2026-08-15 14:47:44 | INFO     | src.extractors.shopify | [paytowin.cl] Buscando (9/126): 'Bonders' Enclave'
2026-08-15 14:47:44 | INFO     | src.extractors.shopify | [paytowin.cl] Buscando (10/126): 'Breaker of Creation'
2026-08-15 14:47:45 | INFO     | src.extractors.woocommerce | [cardnexus.cl] Buscando (9/126): 'Bonders' Enclave'
2026-08-15 14:47:48 | INFO     | src.extractors.shopify | [oasisgames.cl] Buscando (11/126): 'Buried Ruin'
2026-08-15 14:47:48 | INFO     | src.extractors.woocommerce | [cardnexus.cl] Buscando (10/126): 'Breaker of Creation'
2026-08-15 14:47:48 | INFO     | src.extractors.shopify | [oasisgames.cl] Buscando (12/126): 'Cityscape Leveler'
2026-08-15 14:47:48 | INFO     | src.extractors.shopify | [paytowin.cl] Buscando (11/126): 'Buried Ruin'
2026-08-15 14:47:50 | INFO     | src.extractors.shopify | [oasisgames.cl] Buscando (13/126): 'Coldsteel Heart'
2026-08-15 14:47:50 | INFO     | src.extractors.shopify | [paytowin.cl] Buscando (12/126): 'Cityscape Leveler'
2026-08-15 14:47:50 | INFO     | src.extractors.shopify | [paytowin.cl] Buscando (13/126): 'Coldsteel Heart'
2026-08-15 14:47:50 | INFO     | src.extractors.woocommerce | [cardnexus.cl] Buscando (11/126): 'Buried Ruin'
2026-08-15 14:47:53 | WARNING  | src.extractors.shopify | Rate limit (429) en https://www.oasisgames.cl/products/bonders-enclave-final-fantasy-commander.js. Esperando 1s...
2026-08-15 14:47:53 | WARNING  | src.extractors.shopify | Rate limit (429) en https://www.oasisgames.cl/products/blast-zone-258-the-brothers-war-prerelease-promos.js. Esperando 1s...
2026-08-15 14:47:53 | INFO     | src.extractors.woocommerce | [cardnexus.cl] Buscando (12/126): 'Cityscape Leveler'
2026-08-15 14:47:53 | WARNING  | src.extractors.shopify | Rate limit (429) en https://www.oasisgames.cl/products/mtg-coldsteel-heartcoldsnap.js. Esperando 1s...
2026-08-15 14:47:53 | WARNING  | src.extractors.shopify | Rate limit (429) en https://www.oasisgames.cl/products/buried-ruin-fallout.js. Esperando 1s...
2026-08-15 14:47:53 | WARNING  | src.extractors.shopify | Rate limit (429) en https://www.paytowin.cl/products/blast-zone-extended-art-the-brothers-war.js. Esperando 1s...
2026-08-15 14:47:53 | WARNING  | src.extractors.shopify | Rate limit (429) en https://www.paytowin.cl/products/bonders-enclave-0046-borderless-edge-of-eternities-stellar-sights.js. Esperando 1s...
2026-08-15 14:47:53 | WARNING  | src.extractors.shopify | Rate limit (429) en https://www.oasisgames.cl/products/cityscape-leveler-extended-art-the-brothers-war.js. Esperando 1s...
2026-08-15 14:47:53 | WARNING  | src.extractors.shopify | Rate limit (429) en https://www.paytowin.cl/products/buried-ruin-fallout.js. Esperando 1s...
2026-08-15 14:47:53 | WARNING  | src.extractors.shopify | Rate limit (429) en https://www.paytowin.cl/products/cityscape-leveler-the-brothers-war.js. Esperando 1s...
2026-08-15 14:47:53 | WARNING  | src.extractors.shopify | Rate limit (429) en https://www.paytowin.cl/products/coldsteel-heart-showcase-jumpstart-2022.js. Esperando 1s...
2026-08-15 14:47:54 | WARNING  | src.extractors.shopify | Rate limit (429) en https://www.oasisgames.cl/products/bonders-enclave-final-fantasy-commander.js. Esperando 2s...
2026-08-15 14:47:54 | WARNING  | src.extractors.shopify | Rate limit (429) en https://www.oasisgames.cl/products/blast-zone-258-the-brothers-war-prerelease-promos.js. Esperando 2s...
2026-08-15 14:47:54 | WARNING  | src.extractors.shopify | Rate limit (429) en https://www.oasisgames.cl/products/mtg-coldsteel-heartcoldsnap.js. Esperando 2s...
2026-08-15 14:47:54 | WARNING  | src.extractors.shopify | Rate limit (429) en https://www.oasisgames.cl/products/buried-ruin-fallout.js. Esperando 2s...
2026-08-15 14:47:54 | WARNING  | src.extractors.shopify | Rate limit (429) en https://www.paytowin.cl/products/blast-zone-extended-art-the-brothers-war.js. Esperando 2s...
2026-08-15 14:47:54 | WARNING  | src.extractors.shopify | Rate limit (429) en https://www.paytowin.cl/products/bonders-enclave-0046-borderless-edge-of-eternities-stellar-sights.js. Esperando 2s...
2026-08-15 14:47:54 | WARNING  | src.extractors.shopify | Rate limit (429) en https://www.oasisgames.cl/products/cityscape-leveler-extended-art-the-brothers-war.js. Esperando 2s...
2026-08-15 14:47:54 | WARNING  | src.extractors.shopify | Rate limit (429) en https://www.paytowin.cl/products/buried-ruin-fallout.js. Esperando 2s...
2026-08-15 14:47:54 | WARNING  | src.extractors.shopify | Rate limit (429) en https://www.paytowin.cl/products/coldsteel-heart-showcase-jumpstart-2022.js. Esperando 2s...
2026-08-15 14:47:54 | WARNING  | src.extractors.shopify | Rate limit (429) en https://www.paytowin.cl/products/cityscape-leveler-the-brothers-war.js. Esperando 2s...
2026-08-15 14:47:56 | INFO     | src.extractors.woocommerce | [cardnexus.cl] Buscando (13/126): 'Coldsteel Heart'
2026-08-15 14:47:56 | WARNING  | src.extractors.shopify | Rate limit (429) en https://www.oasisgames.cl/products/bonders-enclave-final-fantasy-commander.js. Esperando 4s...
2026-08-15 14:47:56 | WARNING  | src.extractors.shopify | Rate limit (429) en https://www.oasisgames.cl/products/blast-zone-258-the-brothers-war-prerelease-promos.js. Esperando 4s...
2026-08-15 14:47:56 | WARNING  | src.extractors.shopify | Rate limit (429) en https://www.oasisgames.cl/products/mtg-coldsteel-heartcoldsnap.js. Esperando 4s...
2026-08-15 14:47:56 | WARNING  | src.extractors.shopify | Rate limit (429) en https://www.oasisgames.cl/products/buried-ruin-fallout.js. Esperando 4s...
2026-08-15 14:47:56 | WARNING  | src.extractors.shopify | Rate limit (429) en https://www.paytowin.cl/products/blast-zone-extended-art-the-brothers-war.js. Esperando 4s...
2026-08-15 14:47:57 | WARNING  | src.extractors.shopify | Rate limit (429) en https://www.oasisgames.cl/products/cityscape-leveler-extended-art-the-brothers-war.js. Esperando 4s...
2026-08-15 14:47:57 | WARNING  | src.extractors.shopify | Rate limit (429) en https://www.paytowin.cl/products/bonders-enclave-0046-borderless-edge-of-eternities-stellar-sights.js. Esperando 4s...
2026-08-15 14:47:57 | WARNING  | src.extractors.shopify | Rate limit (429) en https://www.paytowin.cl/products/buried-ruin-fallout.js. Esperando 4s...
2026-08-15 14:47:57 | WARNING  | src.extractors.shopify | Rate limit (429) en https://www.paytowin.cl/products/cityscape-leveler-the-brothers-war.js. Esperando 4s...
2026-08-15 14:47:57 | WARNING  | src.extractors.shopify | Rate limit (429) en https://www.paytowin.cl/products/coldsteel-heart-showcase-jumpstart-2022.js. Esperando 4s...
2026-08-15 14:47:58 | INFO     | src.extractors.woocommerce | [cardnexus.cl] Buscando (14/126): 'Darksteel Citadel'
2026-08-15 14:48:01 | INFO     | src.extractors.woocommerce | [cardnexus.cl] Buscando (15/126): 'Darksteel Monolith'
2026-08-15 14:48:04 | WARNING  | src.extractors.shopify | Rate limit (429) en https://www.oasisgames.cl/products/bonders-enclave-ikoria-lair-of-behemoths.js. Esperando 1s...
2026-08-15 14:48:04 | WARNING  | src.extractors.shopify | Rate limit (429) en https://www.oasisgames.cl/products/blast-zone-promo-pack-the-brothers-war-promos.js. Esperando 1s...
2026-08-15 14:48:04 | WARNING  | src.extractors.shopify | Rate limit (429) en https://www.oasisgames.cl/products/buried-ruin-double-masters.js. Esperando 1s...
2026-08-15 14:48:04 | WARNING  | src.extractors.shopify | Rate limit (429) en https://www.oasisgames.cl/products/coldsteel-heart-showcase-jumpstart-2022.js. Esperando 1s...
2026-08-15 14:48:04 | WARNING  | src.extractors.shopify | Rate limit (429) en https://www.paytowin.cl/products/blast-zone-war-of-the-spark-promos.js. Esperando 1s...
2026-08-15 14:48:04 | WARNING  | src.extractors.shopify | Rate limit (429) en https://www.paytowin.cl/products/bonders-enclave-commander-masters.js. Esperando 1s...
2026-08-15 14:48:04 | WARNING  | src.extractors.shopify | Rate limit (429) en https://www.oasisgames.cl/products/cityscape-leveler-the-brothers-war-promo-pack.js. Esperando 1s...
2026-08-15 14:48:04 | WARNING  | src.extractors.shopify | Rate limit (429) en https://www.paytowin.cl/products/cityscape-leveler-the-brothers-war-promo-pack.js. Esperando 1s...
2026-08-15 14:48:04 | WARNING  | src.extractors.shopify | Rate limit (429) en https://www.paytowin.cl/products/buried-ruin-commander-2018.js. Esperando 1s...
2026-08-15 14:48:04 | WARNING  | src.extractors.shopify | Rate limit (429) en https://www.paytowin.cl/products/coldsteel-heart-commander-2015.js. Esperando 1s...
2026-08-15 14:48:05 | WARNING  | src.extractors.shopify | Rate limit (429) en https://www.oasisgames.cl/products/bonders-enclave-ikoria-lair-of-behemoths.js. Esperando 2s...
2026-08-15 14:48:05 | WARNING  | src.extractors.shopify | Rate limit (429) en https://www.oasisgames.cl/products/buried-ruin-double-masters.js. Esperando 2s...
2026-08-15 14:48:05 | WARNING  | src.extractors.shopify | Rate limit (429) en https://www.oasisgames.cl/products/blast-zone-promo-pack-the-brothers-war-promos.js. Esperando 2s...
2026-08-15 14:48:05 | WARNING  | src.extractors.shopify | Rate limit (429) en https://www.oasisgames.cl/products/coldsteel-heart-showcase-jumpstart-2022.js. Esperando 2s...
2026-08-15 14:48:05 | INFO     | src.extractors.woocommerce | [cardnexus.cl] Buscando (16/126): 'Desecrate Reality'
2026-08-15 14:48:05 | WARNING  | src.extractors.shopify | Rate limit (429) en https://www.paytowin.cl/products/blast-zone-war-of-the-spark-promos.js. Esperando 2s...
2026-08-15 14:48:05 | WARNING  | src.extractors.shopify | Rate limit (429) en https://www.paytowin.cl/products/bonders-enclave-commander-masters.js. Esperando 2s...
2026-08-15 14:48:05 | WARNING  | src.extractors.shopify | Rate limit (429) en https://www.oasisgames.cl/products/cityscape-leveler-the-brothers-war-promo-pack.js. Esperando 2s...
2026-08-15 14:48:05 | WARNING  | src.extractors.shopify | Rate limit (429) en https://www.paytowin.cl/products/buried-ruin-commander-2018.js. Esperando 2s...
2026-08-15 14:48:05 | WARNING  | src.extractors.shopify | Rate limit (429) en https://www.paytowin.cl/products/cityscape-leveler-the-brothers-war-promo-pack.js. Esperando 2s...
2026-08-15 14:48:05 | WARNING  | src.extractors.shopify | Rate limit (429) en https://www.paytowin.cl/products/coldsteel-heart-commander-2015.js. Esperando 2s...
2026-08-15 14:48:08 | INFO     | src.extractors.shopify | [oasisgames.cl] Buscando (14/126): 'Darksteel Citadel'
2026-08-15 14:48:08 | INFO     | src.extractors.woocommerce | [cardnexus.cl] Buscando (17/126): 'Devourer of Destiny'
2026-08-15 14:48:09 | WARNING  | src.extractors.shopify | Rate limit (429) en https://www.oasisgames.cl/products/bonders-enclave-outlaws-of-thunder-junction-commander.js. Esperando 1s...
2026-08-15 14:48:09 | WARNING  | src.extractors.shopify | Rate limit (429) en https://www.oasisgames.cl/products/mtg-buried-ruincommander-2018.js. Esperando 1s...
2026-08-15 14:48:09 | WARNING  | src.extractors.shopify | Rate limit (429) en https://www.paytowin.cl/products/blast-zone-war-of-the-spark-promos-1.js. Esperando 1s...
2026-08-15 14:48:09 | WARNING  | src.extractors.shopify | Rate limit (429) en https://www.oasisgames.cl/products/coldsteel-heart-mystery-booster.js. Esperando 1s...
2026-08-15 14:48:09 | WARNING  | src.extractors.shopify | Rate limit (429) en https://www.paytowin.cl/products/bonders-enclave-secret-lair-angels.js. Esperando 1s...
2026-08-15 14:48:09 | WARNING  | src.extractors.shopify | Rate limit (429) en https://www.paytowin.cl/products/buried-ruin-magic-2012.js. Esperando 1s...
2026-08-15 14:48:09 | WARNING  | src.extractors.shopify | Rate limit (429) en https://www.oasisgames.cl/products/cityscape-leveler-borderless-avatar-the-last-airbender-eternal-legal.js. Esperando 1s...
2026-08-15 14:48:09 | WARNING  | src.extractors.shopify | Rate limit (429) en https://www.paytowin.cl/products/coldsteel-heart-mystery-booster.js. Esperando 1s...
2026-08-15 14:48:09 | WARNING  | src.extractors.shopify | Rate limit (429) en https://www.paytowin.cl/products/cityscape-leveler-the-brothers-war-prerelease-promos.js. Esperando 1s...
2026-08-15 14:48:10 | WARNING  | src.extractors.shopify | Rate limit (429) en https://www.oasisgames.cl/products/bonders-enclave-outlaws-of-thunder-junction-commander.js. Esperando 2s...
2026-08-15 14:48:10 | WARNING  | src.extractors.shopify | Rate limit (429) en https://www.oasisgames.cl/products/mtg-buried-ruincommander-2018.js. Esperando 2s...
2026-08-15 14:48:10 | WARNING  | src.extractors.shopify | Rate limit (429) en https://www.oasisgames.cl/products/coldsteel-heart-mystery-booster.js. Esperando 2s...
2026-08-15 14:48:10 | WARNING  | src.extractors.shopify | Rate limit (429) en https://www.paytowin.cl/products/blast-zone-war-of-the-spark-promos-1.js. Esperando 2s...
2026-08-15 14:48:10 | WARNING  | src.extractors.shopify | Rate limit (429) en https://www.paytowin.cl/products/bonders-enclave-secret-lair-angels.js. Esperando 2s...
2026-08-15 14:48:10 | WARNING  | src.extractors.shopify | Rate limit (429) en https://www.paytowin.cl/products/buried-ruin-magic-2012.js. Esperando 2s...
2026-08-15 14:48:10 | WARNING  | src.extractors.shopify | Rate limit (429) en https://www.oasisgames.cl/products/cityscape-leveler-borderless-avatar-the-last-airbender-eternal-legal.js. Esperando 2s...
2026-08-15 14:48:10 | WARNING  | src.extractors.shopify | Rate limit (429) en https://www.paytowin.cl/products/coldsteel-heart-mystery-booster.js. Esperando 2s...
2026-08-15 14:48:10 | WARNING  | src.extractors.shopify | Rate limit (429) en https://www.paytowin.cl/products/cityscape-leveler-the-brothers-war-prerelease-promos.js. Esperando 2s...
2026-08-15 14:48:11 | INFO     | src.extractors.woocommerce | [cardnexus.cl] Buscando (18/126): 'Eldrazi Temple'
2026-08-15 14:48:11 | WARNING  | src.extractors.shopify | Rate limit (429) en https://www.oasisgames.cl/products/mtg-darksteel-citadeldarksteel.js. Esperando 1s...
2026-08-15 14:48:13 | WARNING  | src.extractors.shopify | Rate limit (429) en https://www.oasisgames.cl/products/cityscape-leveler-borderless-avatar-the-last-airbender-eternal-legal.js. Esperando 4s...
2026-08-15 14:48:13 | INFO     | src.extractors.woocommerce | [cardnexus.cl] Buscando (19/126): 'Eldritch Immunity'
2026-08-15 14:48:14 | WARNING  | src.extractors.shopify | Rate limit (429) en https://www.oasisgames.cl/products/bonders-enclave-ripple-foil-modern-horizons-3-commander.js. Esperando 1s...
2026-08-15 14:48:14 | WARNING  | src.extractors.shopify | Rate limit (429) en https://www.oasisgames.cl/products/darksteel-citadel-retro-the-brothers-war-commander.js. Esperando 1s...
2026-08-15 14:48:14 | WARNING  | src.extractors.shopify | Rate limit (429) en https://www.oasisgames.cl/products/coldsteel-heart-double-masters-2022.js. Esperando 1s...
2026-08-15 14:48:14 | WARNING  | src.extractors.shopify | Rate limit (429) en https://www.oasisgames.cl/products/mtg-buried-ruincommander-2014.js. Esperando 1s...
2026-08-15 14:48:14 | WARNING  | src.extractors.shopify | Rate limit (429) en https://www.paytowin.cl/products/blast-zone-0092-borderless-fracture-foil-edge-of-eternities-stellar-sights.js. Esperando 1s...
2026-08-15 14:48:14 | WARNING  | src.extractors.shopify | Rate limit (429) en https://www.paytowin.cl/products/buried-ruin-secret-lair-heads-i-win-tails-you-lose.js. Esperando 1s...
2026-08-15 14:48:14 | WARNING  | src.extractors.shopify | Rate limit (429) en https://www.paytowin.cl/products/bonders-enclave-ikoria-lair-of-behemoths.js. Esperando 1s...
2026-08-15 14:48:14 | WARNING  | src.extractors.shopify | Rate limit (429) en https://www.paytowin.cl/products/cityscape-leveler-borderless-avatar-the-last-airbender-eternal-legal.js. Esperando 1s...
2026-08-15 14:48:14 | WARNING  | src.extractors.shopify | Rate limit (429) en https://www.paytowin.cl/products/coldsteel-heart-double-masters-2022.js. Esperando 1s...
2026-08-15 14:48:15 | WARNING  | src.extractors.shopify | Rate limit (429) en https://www.oasisgames.cl/products/bonders-enclave-ripple-foil-modern-horizons-3-commander.js. Esperando 2s...
2026-08-15 14:48:15 | WARNING  | src.extractors.shopify | Rate limit (429) en https://www.oasisgames.cl/products/darksteel-citadel-retro-the-brothers-war-commander.js. Esperando 2s...
2026-08-15 14:48:15 | WARNING  | src.extractors.shopify | Rate limit (429) en https://www.oasisgames.cl/products/coldsteel-heart-double-masters-2022.js. Esperando 2s...
2026-08-15 14:48:15 | WARNING  | src.extractors.shopify | Rate limit (429) en https://www.oasisgames.cl/products/mtg-buried-ruincommander-2014.js. Esperando 2s...
2026-08-15 14:48:15 | WARNING  | src.extractors.shopify | Rate limit (429) en https://www.paytowin.cl/products/blast-zone-0092-borderless-fracture-foil-edge-of-eternities-stellar-sights.js. Esperando 2s...
2026-08-15 14:48:16 | WARNING  | src.extractors.shopify | Rate limit (429) en https://www.paytowin.cl/products/bonders-enclave-ikoria-lair-of-behemoths.js. Esperando 2s...
2026-08-15 14:48:16 | WARNING  | src.extractors.shopify | Rate limit (429) en https://www.paytowin.cl/products/buried-ruin-secret-lair-heads-i-win-tails-you-lose.js. Esperando 2s...
2026-08-15 14:48:16 | WARNING  | src.extractors.shopify | Rate limit (429) en https://www.paytowin.cl/products/cityscape-leveler-borderless-avatar-the-last-airbender-eternal-legal.js. Esperando 2s...
2026-08-15 14:48:16 | WARNING  | src.extractors.shopify | Rate limit (429) en https://www.paytowin.cl/products/coldsteel-heart-double-masters-2022.js. Esperando 2s...
2026-08-15 14:48:16 | INFO     | src.extractors.woocommerce | [cardnexus.cl] Buscando (20/126): 'Emrakul, the Promised End'
2026-08-15 14:48:17 | INFO     | src.extractors.shopify | [oasisgames.cl] Buscando (15/126): 'Darksteel Monolith'
2026-08-15 14:48:18 | INFO     | src.extractors.shopify | [paytowin.cl] Buscando (14/126): 'Darksteel Citadel'
2026-08-15 14:48:18 | INFO     | src.extractors.shopify | [paytowin.cl] Buscando (15/126): 'Darksteel Monolith'
2026-08-15 14:48:18 | INFO     | src.extractors.woocommerce | [cardnexus.cl] Buscando (21/126): 'Emrakul, the World Anew'
2026-08-15 14:48:19 | WARNING  | src.extractors.shopify | Rate limit (429) en https://www.oasisgames.cl/products/bonders-enclave-modern-horizons-3-commander.js. Esperando 1s...
2026-08-15 14:48:19 | WARNING  | src.extractors.shopify | Rate limit (429) en https://www.oasisgames.cl/products/mtg-darksteel-citadelcommander-2014.js. Esperando 1s...
2026-08-15 14:48:19 | WARNING  | src.extractors.shopify | Rate limit (429) en https://www.oasisgames.cl/products/mtg-buried-ruinmagic-2012.js. Esperando 1s...
2026-08-15 14:48:19 | WARNING  | src.extractors.shopify | Rate limit (429) en https://www.oasisgames.cl/products/mtg-coldsteel-heartcommander-anthology-volume-ii.js. Esperando 1s...
2026-08-15 14:48:20 | WARNING  | src.extractors.shopify | Rate limit (429) en https://www.paytowin.cl/products/buried-ruin-commander-2014.js. Esperando 1s...
2026-08-15 14:48:20 | WARNING  | src.extractors.shopify | Rate limit (429) en https://www.paytowin.cl/products/bonders-enclave-modern-horizons-3-commander.js. Esperando 1s...
2026-08-15 14:48:20 | WARNING  | src.extractors.shopify | Rate limit (429) en https://www.paytowin.cl/products/coldsteel-heart-espanol-coldsnap.js. Esperando 1s...
2026-08-15 14:48:20 | WARNING  | src.extractors.shopify | Rate limit (429) en https://www.oasisgames.cl/products/mtg-darksteel-citadelcommander-2014.js. Esperando 2s...
2026-08-15 14:48:21 | WARNING  | src.extractors.shopify | Rate limit (429) en https://www.oasisgames.cl/products/mtg-buried-ruinmagic-2012.js. Esperando 2s...
2026-08-15 14:48:21 | WARNING  | src.extractors.shopify | Rate limit (429) en https://www.paytowin.cl/products/buried-ruin-commander-2014.js. Esperando 2s...
2026-08-15 14:48:21 | WARNING  | src.extractors.shopify | Rate limit (429) en https://www.paytowin.cl/products/bonders-enclave-modern-horizons-3-commander.js. Esperando 2s...
2026-08-15 14:48:21 | INFO     | src.extractors.shopify | [oasisgames.cl] Buscando (16/126): 'Desecrate Reality'
2026-08-15 14:48:21 | WARNING  | src.extractors.shopify | Rate limit (429) en https://www.paytowin.cl/products/coldsteel-heart-espanol-coldsnap.js. Esperando 2s...
2026-08-15 14:48:21 | INFO     | src.extractors.shopify | [oasisgames.cl] Buscando (17/126): 'Devourer of Destiny'
2026-08-15 14:48:21 | INFO     | src.extractors.woocommerce | [cardnexus.cl] Buscando (22/126): 'Eye of Ugin'
2026-08-15 14:48:21 | WARNING  | src.extractors.shopify | Rate limit (429) en https://www.paytowin.cl/products/darksteel-citadel-darksteel.js. Esperando 1s...
2026-08-15 14:48:22 | WARNING  | src.extractors.shopify | Rate limit (429) en https://www.oasisgames.cl/products/darksteel-monolith-extended-art-commander-masters.js. Esperando 1s...
2026-08-15 14:48:23 | WARNING  | src.extractors.shopify | Rate limit (429) en https://www.paytowin.cl/products/coldsteel-heart-espanol-coldsnap.js. Esperando 4s...
2026-08-15 14:48:23 | WARNING  | src.extractors.shopify | Rate limit (429) en https://www.oasisgames.cl/products/darksteel-monolith-extended-art-commander-masters.js. Esperando 2s...
2026-08-15 14:48:23 | WARNING  | src.extractors.shopify | Rate limit (429) en https://www.paytowin.cl/products/darksteel-monolith-extended-art-commander-masters.js. Esperando 1s...
2026-08-15 14:48:24 | INFO     | src.extractors.woocommerce | [cardnexus.cl] Buscando (23/126): 'Field of Ruin'
2026-08-15 14:48:24 | WARNING  | src.extractors.shopify | Rate limit (429) en https://www.oasisgames.cl/products/desecrate-reality-commander-masters.js. Esperando 1s...
2026-08-15 14:48:24 | WARNING  | src.extractors.shopify | Rate limit (429) en https://www.paytowin.cl/products/darksteel-citadel-darksteel-1.js. Esperando 1s...
2026-08-15 14:48:24 | WARNING  | src.extractors.shopify | Rate limit (429) en https://www.oasisgames.cl/products/mtg-darksteel-citadelcommander-2016.js. Esperando 1s...
2026-08-15 14:48:24 | WARNING  | src.extractors.shopify | Rate limit (429) en https://www.oasisgames.cl/products/devourer-of-destiny-modern-horizons-3-prerelese-promos.js. Esperando 1s...
2026-08-15 14:48:25 | WARNING  | src.extractors.shopify | Rate limit (429) en https://www.paytowin.cl/products/darksteel-monolith-extended-art-commander-masters.js. Esperando 2s...
2026-08-15 14:48:25 | WARNING  | src.extractors.shopify | Rate limit (429) en https://www.paytowin.cl/products/buried-ruin-commander-2016.js. Esperando 1s...
2026-08-15 14:48:25 | WARNING  | src.extractors.shopify | Rate limit (429) en https://www.paytowin.cl/products/bonders-enclave-outlaws-of-thunder-junction-commander.js. Esperando 1s...
2026-08-15 14:48:25 | WARNING  | src.extractors.shopify | Rate limit (429) en https://www.oasisgames.cl/products/darksteel-monolith-extended-art-commander-masters.js. Esperando 4s...
2026-08-15 14:48:25 | WARNING  | src.extractors.shopify | Rate limit (429) en https://www.oasisgames.cl/products/desecrate-reality-commander-masters.js. Esperando 2s...
2026-08-15 14:48:26 | WARNING  | src.extractors.shopify | Rate limit (429) en https://www.paytowin.cl/products/darksteel-citadel-darksteel-1.js. Esperando 2s...
2026-08-15 14:48:26 | INFO     | src.extractors.shopify | [paytowin.cl] Buscando (16/126): 'Desecrate Reality'
2026-08-15 14:48:26 | WARNING  | src.extractors.shopify | Rate limit (429) en https://www.oasisgames.cl/products/buried-ruin-surge-foil-fallout.js. Esperando 1s...
2026-08-15 14:48:26 | INFO     | src.extractors.woocommerce | [cardnexus.cl] Buscando (24/126): 'Fomori Vault'
2026-08-15 14:48:27 | WARNING  | src.extractors.shopify | Rate limit (429) en https://www.paytowin.cl/products/darksteel-monolith-extended-art-commander-masters.js. Esperando 4s...
2026-08-15 14:48:27 | WARNING  | src.extractors.shopify | Rate limit (429) en https://www.oasisgames.cl/products/desecrate-reality-commander-masters.js. Esperando 4s...
2026-08-15 14:48:28 | WARNING  | src.extractors.shopify | Rate limit (429) en https://www.oasisgames.cl/products/mtg-darksteel-citadelcommander-anthology-volume-ii.js. Esperando 1s...
2026-08-15 14:48:28 | INFO     | src.extractors.shopify | [oasisgames.cl] Buscando (18/126): 'Eldrazi Temple'
2026-08-15 14:48:28 | WARNING  | src.extractors.shopify | Rate limit (429) en https://www.paytowin.cl/products/coldsteel-heart-commander-anthology-volume-ii.js. Esperando 1s...
2026-08-15 14:48:29 | WARNING  | src.extractors.shopify | Rate limit (429) en https://www.oasisgames.cl/products/mtg-darksteel-citadelcommander-anthology-volume-ii.js. Esperando 2s...
2026-08-15 14:48:29 | INFO     | src.extractors.shopify | [oasisgames.cl] Buscando (19/126): 'Eldritch Immunity'
2026-08-15 14:48:29 | INFO     | src.extractors.woocommerce | [cardnexus.cl] Buscando (25/126): 'Forsaken Monument'
2026-08-15 14:48:29 | WARNING  | src.extractors.shopify | Rate limit (429) en https://www.paytowin.cl/products/darksteel-citadel-magic-2015.js. Esperando 1s...
2026-08-15 14:48:30 | WARNING  | src.extractors.shopify | Rate limit (429) en https://www.paytowin.cl/products/coldsteel-heart-commander-anthology-volume-ii.js. Esperando 2s...
2026-08-15 14:48:30 | INFO     | src.extractors.shopify | [oasisgames.cl] Buscando (20/126): 'Emrakul, the Promised End'
2026-08-15 14:48:30 | INFO     | src.extractors.shopify | [paytowin.cl] Buscando (17/126): 'Devourer of Destiny'
2026-08-15 14:48:31 | WARNING  | src.extractors.shopify | Rate limit (429) en https://www.paytowin.cl/products/darksteel-citadel-magic-2015.js. Esperando 2s...
2026-08-15 14:48:31 | INFO     | src.extractors.shopify | [paytowin.cl] Buscando (18/126): 'Eldrazi Temple'
2026-08-15 14:48:32 | INFO     | src.extractors.woocommerce | [cardnexus.cl] Buscando (26/126): 'Fractured Powerstone'
2026-08-15 14:48:32 | INFO     | src.extractors.shopify | [paytowin.cl] Buscando (19/126): 'Eldritch Immunity'
2026-08-15 14:48:32 | INFO     | src.extractors.shopify | [paytowin.cl] Buscando (20/126): 'Emrakul, the Promised End'
2026-08-15 14:48:33 | WARNING  | src.extractors.shopify | Rate limit (429) en https://www.oasisgames.cl/products/desecrate-reality-extended-art-commander-masters.js. Esperando 1s...
2026-08-15 14:48:33 | WARNING  | src.extractors.shopify | Rate limit (429) en https://www.oasisgames.cl/products/mtg-eldrazi-templemodern-masters-2015.js. Esperando 1s...
2026-08-15 14:48:34 | WARNING  | src.extractors.shopify | Rate limit (429) en https://www.oasisgames.cl/products/mtg-emrakul-the-promised-endeldritch-moon.js. Esperando 1s...
2026-08-15 14:48:34 | WARNING  | src.extractors.shopify | Rate limit (429) en https://www.paytowin.cl/products/eldrazi-temple-commander-masters.js. Esperando 1s...
2026-08-15 14:48:34 | INFO     | src.extractors.shopify | [oasisgames.cl] Buscando (21/126): 'Emrakul, the World Anew'
2026-08-15 14:48:34 | WARNING  | src.extractors.shopify | Rate limit (429) en https://www.oasisgames.cl/products/mtg-darksteel-citadelmagic-2015.js. Esperando 1s...
2026-08-15 14:48:34 | WARNING  | src.extractors.shopify | Rate limit (429) en https://www.oasisgames.cl/products/mtg-eldrazi-templemodern-masters-2015.js. Esperando 2s...
2026-08-15 14:48:34 | WARNING  | src.extractors.shopify | Rate limit (429) en https://www.paytowin.cl/products/darksteel-citadel-double-masters.js. Esperando 1s...
2026-08-15 14:48:34 | WARNING  | src.extractors.shopify | Rate limit (429) en https://www.oasisgames.cl/products/eldritch-immunity-ripple-foil-modern-horizons-3-commander.js. Esperando 1s...
2026-08-15 14:48:35 | INFO     | src.extractors.woocommerce | [cardnexus.cl] Buscando (27/126): 'Ghost Quarter'
2026-08-15 14:48:35 | WARNING  | src.extractors.shopify | Rate limit (429) en https://www.oasisgames.cl/products/mtg-darksteel-citadelmagic-2015.js. Esperando 2s...
2026-08-15 14:48:36 | WARNING  | src.extractors.shopify | Rate limit (429) en https://www.paytowin.cl/products/darksteel-citadel-double-masters.js. Esperando 2s...
2026-08-15 14:48:36 | WARNING  | src.extractors.shopify | Rate limit (429) en https://www.paytowin.cl/products/emrakul-the-promised-end-eldritch-moon.js. Esperando 1s...
2026-08-15 14:48:36 | INFO     | src.extractors.shopify | [paytowin.cl] Buscando (21/126): 'Emrakul, the World Anew'
2026-08-15 14:48:36 | INFO     | src.extractors.shopify | [oasisgames.cl] Buscando (22/126): 'Eye of Ugin'
2026-08-15 14:48:36 | WARNING  | src.extractors.shopify | Rate limit (429) en https://www.oasisgames.cl/products/emrakul-the-promised-end-innistrad-remastered.js. Esperando 1s...
2026-08-15 14:48:36 | WARNING  | src.extractors.shopify | Rate limit (429) en https://www.oasisgames.cl/products/mtg-eldrazi-templemodern-masters-2015.js. Esperando 4s...
2026-08-15 14:48:37 | WARNING  | src.extractors.shopify | Rate limit (429) en https://www.paytowin.cl/products/emrakul-the-promised-end-eldritch-moon.js. Esperando 2s...
2026-08-15 14:48:37 | WARNING  | src.extractors.shopify | Rate limit (429) en https://www.paytowin.cl/products/eldrazi-temple-rise-of-the-eldrazi.js. Esperando 1s...
2026-08-15 14:48:37 | INFO     | src.extractors.woocommerce | [cardnexus.cl] Buscando (28/126): 'Glaring Fleshraker'
2026-08-15 14:48:37 | WARNING  | src.extractors.shopify | Rate limit (429) en https://www.paytowin.cl/products/eldritch-immunity-ripple-foil-modern-horizons-3-commander.js. Esperando 1s...
2026-08-15 14:48:38 | WARNING  | src.extractors.shopify | Rate limit (429) en https://www.oasisgames.cl/products/emrakul-the-world-anew-modern-horizons-3-prerelese-promos.js. Esperando 1s...
2026-08-15 14:48:38 | WARNING  | src.extractors.shopify | Rate limit (429) en https://www.paytowin.cl/products/eldrazi-temple-rise-of-the-eldrazi.js. Esperando 2s...
2026-08-15 14:48:38 | WARNING  | src.extractors.shopify | Rate limit (429) en https://www.paytowin.cl/products/eldritch-immunity-ripple-foil-modern-horizons-3-commander.js. Esperando 2s...
2026-08-15 14:48:39 | WARNING  | src.extractors.shopify | Rate limit (429) en https://www.oasisgames.cl/products/emrakul-the-promised-end-showcase-innistrad-remastered.js. Esperando 1s...
2026-08-15 14:48:39 | WARNING  | src.extractors.shopify | Rate limit (429) en https://www.paytowin.cl/products/emrakul-the-world-anew-modern-horizons-3.js. Esperando 1s...
2026-08-15 14:48:39 | WARNING  | src.extractors.shopify | Rate limit (429) en https://www.oasisgames.cl/products/darksteel-citadel-commander-2021.js. Esperando 1s...
2026-08-15 14:48:40 | INFO     | src.extractors.woocommerce | [cardnexus.cl] Buscando (29/126): 'Green Dragon Inn'
2026-08-15 14:48:40 | WARNING  | src.extractors.shopify | Rate limit (429) en https://www.paytowin.cl/products/eldrazi-temple-rise-of-the-eldrazi.js. Esperando 4s...
2026-08-15 14:48:40 | WARNING  | src.extractors.shopify | Rate limit (429) en https://www.oasisgames.cl/products/emrakul-the-promised-end-showcase-innistrad-remastered.js. Esperando 2s...
2026-08-15 14:48:41 | INFO     | src.extractors.shopify | [paytowin.cl] Buscando (22/126): 'Eye of Ugin'
2026-08-15 14:48:41 | WARNING  | src.extractors.shopify | Rate limit (429) en https://www.paytowin.cl/products/emrakul-the-promised-end-russian-eldritch-moon.js. Esperando 1s...
2026-08-15 14:48:41 | WARNING  | src.extractors.shopify | Rate limit (429) en https://www.oasisgames.cl/products/emrakul-the-world-anew-modern-horizons-3.js. Esperando 1s...
2026-08-15 14:48:42 | WARNING  | src.extractors.shopify | Rate limit (429) en https://www.oasisgames.cl/products/mtg-eye-of-uginworldwake-1.js. Esperando 1s...
2026-08-15 14:48:42 | WARNING  | src.extractors.shopify | Rate limit (429) en https://www.paytowin.cl/products/darksteel-citadel-commander-2021.js. Esperando 1s...
2026-08-15 14:48:42 | WARNING  | src.extractors.shopify | Rate limit (429) en https://www.paytowin.cl/products/emrakul-the-promised-end-russian-eldritch-moon.js. Esperando 2s...
2026-08-15 14:48:43 | WARNING  | src.extractors.shopify | Rate limit (429) en https://www.paytowin.cl/products/emrakul-the-world-anew-borderless-modern-horizons-3.js. Esperando 1s...
2026-08-15 14:48:43 | WARNING  | src.extractors.shopify | Rate limit (429) en https://www.oasisgames.cl/products/emrakul-the-promised-end-showcase-innistrad-remastered.js. Esperando 4s...
2026-08-15 14:48:43 | WARNING  | src.extractors.shopify | Rate limit (429) en https://www.oasisgames.cl/products/mtg-eye-of-uginworldwake-1.js. Esperando 2s...
2026-08-15 14:48:43 | WARNING  | src.extractors.shopify | Rate limit (429) en https://www.oasisgames.cl/products/mtg-darksteel-citadelcommander-2018.js. Esperando 1s...
2026-08-15 14:48:43 | INFO     | src.extractors.woocommerce | [cardnexus.cl] Buscando (30/126): 'H.E.R.B.I.E., Lovable Robot'
2026-08-15 14:48:44 | WARNING  | src.extractors.shopify | Rate limit (429) en https://www.paytowin.cl/products/emrakul-the-promised-end-russian-eldritch-moon.js. Esperando 4s...
2026-08-15 14:48:44 | WARNING  | src.extractors.shopify | Rate limit (429) en https://www.oasisgames.cl/products/emrakul-the-world-anew-retro-modern-horizons-3.js. Esperando 1s...
2026-08-15 14:48:44 | WARNING  | src.extractors.shopify | Rate limit (429) en https://www.oasisgames.cl/products/eldrazi-temple-the-list.js. Esperando 1s...
2026-08-15 14:48:45 | WARNING  | src.extractors.shopify | Rate limit (429) en https://www.paytowin.cl/products/eye-of-ugin-worldwake.js. Esperando 1s...
2026-08-15 14:48:45 | WARNING  | src.extractors.shopify | Rate limit (429) en https://www.oasisgames.cl/products/emrakul-the-world-anew-retro-modern-horizons-3.js. Esperando 2s...
2026-08-15 14:48:45 | WARNING  | src.extractors.shopify | Rate limit (429) en https://www.oasisgames.cl/products/eldrazi-temple-the-list.js. Esperando 2s...
2026-08-15 14:48:45 | INFO     | src.extractors.woocommerce | [cardnexus.cl] Buscando (31/126): 'Hedron Archive'
2026-08-15 14:48:45 | WARNING  | src.extractors.shopify | Rate limit (429) en https://www.paytowin.cl/products/emrakul-the-world-anew-modern-horizons-3-prerelese-promos.js. Esperando 1s...
2026-08-15 14:48:46 | INFO     | src.extractors.shopify | [oasisgames.cl] Buscando (23/126): 'Field of Ruin'
2026-08-15 14:48:46 | WARNING  | src.extractors.shopify | Rate limit (429) en https://www.oasisgames.cl/products/mtg-eye-of-uginmodern-masters-2015.js. Esperando 1s...
2026-08-15 14:48:47 | WARNING  | src.extractors.shopify | Rate limit (429) en https://www.paytowin.cl/products/darksteel-citadel-secret-lair-drop-promos.js. Esperando 1s...
2026-08-15 14:48:47 | WARNING  | src.extractors.shopify | Rate limit (429) en https://www.paytowin.cl/products/emrakul-the-world-anew-modern-horizons-3-prerelese-promos.js. Esperando 2s...
2026-08-15 14:48:48 | INFO     | src.extractors.woocommerce | [cardnexus.cl] Buscando (32/126): 'Hedron Crawler'
2026-08-15 14:48:48 | WARNING  | src.extractors.shopify | Rate limit (429) en https://www.oasisgames.cl/products/mtg-emrakul-the-promised-endeldritch-moon-promos.js. Esperando 1s...
2026-08-15 14:48:49 | WARNING  | src.extractors.shopify | Rate limit (429) en https://www.paytowin.cl/products/emrakul-the-world-anew-modern-horizons-3-prerelese-promos.js. Esperando 4s...
2026-08-15 14:48:49 | WARNING  | src.extractors.shopify | Rate limit (429) en https://www.oasisgames.cl/products/emrakul-the-world-anew-borderless-modern-horizons-3.js. Esperando 1s...
2026-08-15 14:48:49 | WARNING  | src.extractors.shopify | Rate limit (429) en https://www.oasisgames.cl/products/mtg-emrakul-the-promised-endeldritch-moon-promos.js. Esperando 2s...
2026-08-15 14:48:49 | WARNING  | src.extractors.shopify | Rate limit (429) en https://www.oasisgames.cl/products/mtg-eldrazi-templeduel-decks-zendikar-vs-eldrazi.js. Esperando 1s...
2026-08-15 14:48:49 | WARNING  | src.extractors.shopify | Rate limit (429) en https://www.paytowin.cl/products/darksteel-citadel-retro-the-brothers-war-commander.js. Esperando 1s...
2026-08-15 14:48:50 | WARNING  | src.extractors.shopify | Rate limit (429) en https://www.oasisgames.cl/products/mtg-eye-of-ugin-judge-promos.js. Esperando 1s...
2026-08-15 14:48:50 | WARNING  | src.extractors.shopify | Rate limit (429) en https://www.paytowin.cl/products/eldrazi-temple-the-list.js. Esperando 1s...
2026-08-15 14:48:50 | WARNING  | src.extractors.shopify | Rate limit (429) en https://www.paytowin.cl/products/emrakul-the-promised-end-showcase-innistrad-remastered.js. Esperando 1s...
2026-08-15 14:48:50 | WARNING  | src.extractors.shopify | Rate limit (429) en https://www.paytowin.cl/products/eye-of-ugin-judge-gift-cards-2020.js. Esperando 1s...
2026-08-15 14:48:50 | WARNING  | src.extractors.shopify | Rate limit (429) en https://www.oasisgames.cl/products/emrakul-the-world-anew-borderless-modern-horizons-3.js. Esperando 2s...
2026-08-15 14:48:50 | WARNING  | src.extractors.shopify | Rate limit (429) en https://www.oasisgames.cl/products/mtg-eldrazi-templeduel-decks-zendikar-vs-eldrazi.js. Esperando 2s...
2026-08-15 14:48:51 | INFO     | src.extractors.woocommerce | [cardnexus.cl] Buscando (33/126): 'Inventors' Fair'
2026-08-15 14:48:51 | WARNING  | src.extractors.shopify | Rate limit (429) en https://www.paytowin.cl/products/eye-of-ugin-judge-gift-cards-2020.js. Esperando 2s...
2026-08-15 14:48:51 | WARNING  | src.extractors.shopify | Rate limit (429) en https://www.oasisgames.cl/products/mtg-emrakul-the-promised-endeldritch-moon-promos.js. Esperando 4s...
2026-08-15 14:48:52 | WARNING  | src.extractors.shopify | Rate limit (429) en https://www.oasisgames.cl/products/emrakul-the-world-anew-borderless-modern-horizons-3.js. Esperando 4s...
2026-08-15 14:48:53 | WARNING  | src.extractors.shopify | Rate limit (429) en https://www.paytowin.cl/products/darksteel-citadel-commander-2018.js. Esperando 1s...
2026-08-15 14:48:53 | WARNING  | src.extractors.shopify | Rate limit (429) en https://www.oasisgames.cl/products/mtg-eldrazi-templeduel-decks-zendikar-vs-eldrazi.js. Esperando 4s...
2026-08-15 14:48:53 | WARNING  | src.extractors.shopify | Rate limit (429) en https://www.paytowin.cl/products/eldrazi-temple-modern-masters-2015.js. Esperando 1s...
2026-08-15 14:48:53 | WARNING  | src.extractors.shopify | Rate limit (429) en https://www.paytowin.cl/products/emrakul-the-promised-end-eldritch-moon-1.js. Esperando 1s...
2026-08-15 14:48:53 | WARNING  | src.extractors.shopify | Rate limit (429) en https://www.paytowin.cl/products/eye-of-ugin-judge-gift-cards-2020.js. Esperando 4s...
2026-08-15 14:48:53 | INFO     | src.extractors.woocommerce | [cardnexus.cl] Buscando (34/126): 'It That Betrays'
2026-08-15 14:48:54 | WARNING  | src.extractors.shopify | Rate limit (429) en https://www.oasisgames.cl/products/mtg-field-of-ruinixalan.js. Esperando 1s...
2026-08-15 14:48:54 | INFO     | src.extractors.shopify | [paytowin.cl] Buscando (23/126): 'Field of Ruin'
2026-08-15 14:48:54 | WARNING  | src.extractors.shopify | Rate limit (429) en https://www.paytowin.cl/products/emrakul-the-promised-end-eldritch-moon-1.js. Esperando 2s...
2026-08-15 14:48:54 | WARNING  | src.extractors.shopify | Rate limit (429) en https://www.paytowin.cl/products/emrakul-the-world-anew-foil-etched-modern-horizons-3.js. Esperando 1s...
2026-08-15 14:48:55 | WARNING  | src.extractors.shopify | Rate limit (429) en https://www.paytowin.cl/products/emrakul-the-world-anew-foil-etched-modern-horizons-3.js. Esperando 2s...
2026-08-15 14:48:56 | INFO     | src.extractors.woocommerce | [cardnexus.cl] Buscando (35/126): 'It That Heralds the End'
2026-08-15 14:48:56 | WARNING  | src.extractors.shopify | Rate limit (429) en https://www.paytowin.cl/products/emrakul-the-promised-end-eldritch-moon-1.js. Esperando 4s...
2026-08-15 14:48:58 | WARNING  | src.extractors.shopify | Rate limit (429) en https://www.oasisgames.cl/products/emrakul-the-world-anew-foil-etched-modern-horizons-3.js. Esperando 1s...
2026-08-15 14:48:58 | WARNING  | src.extractors.shopify | Rate limit (429) en https://www.oasisgames.cl/products/eldrazi-temple-borderless-secret-lair-drop-series.js. Esperando 1s...
2026-08-15 14:48:58 | WARNING  | src.extractors.shopify | Rate limit (429) en https://www.oasisgames.cl/products/ugin-eye-of-the-storms-tarkir-dragonstorm-promos.js. Esperando 1s...
2026-08-15 14:48:58 | WARNING  | src.extractors.shopify | Rate limit (429) en https://www.oasisgames.cl/products/field-of-ruin-innistrad-midnight-hunt.js. Esperando 1s...
2026-08-15 14:48:59 | INFO     | src.extractors.woocommerce | [cardnexus.cl] Buscando (36/126): 'Jhoira's Familiar'
2026-08-15 14:48:59 | WARNING  | src.extractors.shopify | Rate limit (429) en https://www.paytowin.cl/products/ugin-eye-of-the-storms-borderless-tarkir-dragonstorm.js. Esperando 1s...
2026-08-15 14:48:59 | INFO     | src.extractors.shopify | [oasisgames.cl] Buscando (24/126): 'Fomori Vault'
2026-08-15 14:48:59 | WARNING  | src.extractors.shopify | Rate limit (429) en https://www.paytowin.cl/products/emrakul-the-world-anew-retro-modern-horizons-3.js. Esperando 1s...
2026-08-15 14:48:59 | WARNING  | src.extractors.shopify | Rate limit (429) en https://www.oasisgames.cl/products/eldrazi-temple-borderless-secret-lair-drop-series.js. Esperando 2s...
2026-08-15 14:48:59 | WARNING  | src.extractors.shopify | Rate limit (429) en https://www.oasisgames.cl/products/ugin-eye-of-the-storms-tarkir-dragonstorm-promos.js. Esperando 2s...
2026-08-15 14:49:00 | WARNING  | src.extractors.shopify | Rate limit (429) en https://www.paytowin.cl/products/eldrazi-temple-0014-borderless-edge-of-eternities-stellar-sights.js. Esperando 1s...
2026-08-15 14:49:00 | WARNING  | src.extractors.shopify | Rate limit (429) en https://www.oasisgames.cl/products/field-of-ruin-innistrad-midnight-hunt.js. Esperando 2s...
2026-08-15 14:49:00 | WARNING  | src.extractors.shopify | Rate limit (429) en https://www.paytowin.cl/products/ugin-eye-of-the-storms-borderless-tarkir-dragonstorm.js. Esperando 2s...
2026-08-15 14:49:00 | WARNING  | src.extractors.shopify | Rate limit (429) en https://www.paytowin.cl/products/emrakul-the-world-anew-retro-modern-horizons-3.js. Esperando 2s...
2026-08-15 14:49:01 | INFO     | src.extractors.woocommerce | [cardnexus.cl] Buscando (37/126): 'Kozilek, Butcher of Truth'
2026-08-15 14:49:01 | INFO     | src.extractors.shopify | [oasisgames.cl] Buscando (25/126): 'Forsaken Monument'
2026-08-15 14:49:01 | WARNING  | src.extractors.shopify | Rate limit (429) en https://www.oasisgames.cl/products/eldrazi-temple-borderless-secret-lair-drop-series.js. Esperando 4s...
2026-08-15 14:49:01 | WARNING  | src.extractors.shopify | Rate limit (429) en https://www.oasisgames.cl/products/ugin-eye-of-the-storms-tarkir-dragonstorm-promos.js. Esperando 4s...
2026-08-15 14:49:02 | WARNING  | src.extractors.shopify | Rate limit (429) en https://www.paytowin.cl/products/field-of-ruin-mystery-booster.js. Esperando 1s...
2026-08-15 14:49:02 | WARNING  | src.extractors.shopify | Rate limit (429) en https://www.paytowin.cl/products/ugin-eye-of-the-storms-borderless-tarkir-dragonstorm.js. Esperando 4s...
2026-08-15 14:49:02 | WARNING  | src.extractors.shopify | Rate limit (429) en https://www.paytowin.cl/products/emrakul-the-world-anew-retro-modern-horizons-3.js. Esperando 4s...
2026-08-15 14:49:03 | INFO     | src.extractors.shopify | [paytowin.cl] Buscando (24/126): 'Fomori Vault'
2026-08-15 14:49:04 | WARNING  | src.extractors.shopify | Rate limit (429) en https://www.paytowin.cl/products/emrakul-the-promised-end-eldritch-moon-promos.js. Esperando 1s...
2026-08-15 14:49:04 | INFO     | src.extractors.woocommerce | [cardnexus.cl] Buscando (38/126): 'Kozilek, the Great Distortion'
2026-08-15 14:49:04 | WARNING  | src.extractors.shopify | Rate limit (429) en https://www.oasisgames.cl/products/fomori-vault-showcase-outlaws-of-thunder-junction-the-big-score.js. Esperando 1s...
2026-08-15 14:49:05 | WARNING  | src.extractors.shopify | Rate limit (429) en https://www.oasisgames.cl/products/field-of-ruin-theros-beyond-death.js. Esperando 1s...
2026-08-15 14:49:06 | WARNING  | src.extractors.shopify | Rate limit (429) en https://www.paytowin.cl/products/fomori-vault-outlaws-of-thunder-junction-the-big-score.js. Esperando 1s...
2026-08-15 14:49:06 | WARNING  | src.extractors.shopify | Rate limit (429) en https://www.paytowin.cl/products/field-of-ruin-time-spiral-remastered.js. Esperando 1s...
2026-08-15 14:49:07 | WARNING  | src.extractors.shopify | Rate limit (429) en https://www.oasisgames.cl/products/field-of-ruin-theros-beyond-death.js. Esperando 2s...
2026-08-15 14:49:07 | WARNING  | src.extractors.shopify | Rate limit (429) en https://www.paytowin.cl/products/emrakul-the-promised-end-retro-frame-innistrad-remastered.js. Esperando 1s...
2026-08-15 14:49:07 | INFO     | src.extractors.woocommerce | [cardnexus.cl] Buscando (39/126): 'Manakin'
2026-08-15 14:49:07 | WARNING  | src.extractors.shopify | Rate limit (429) en https://www.oasisgames.cl/products/ugin-eye-of-the-storms-tarkir-dragonstorm-prerelease-cards.js. Esperando 1s...
2026-08-15 14:49:07 | WARNING  | src.extractors.shopify | Rate limit (429) en https://www.oasisgames.cl/products/fomori-vault-edge-of-eternities-promo-pack.js. Esperando 1s...
2026-08-15 14:49:08 | WARNING  | src.extractors.shopify | Rate limit (429) en https://www.paytowin.cl/products/emrakul-the-world-anew-borderless-serial-numbered-modern-horizons-3.js. Esperando 1s...
2026-08-15 14:49:08 | WARNING  | src.extractors.shopify | Rate limit (429) en https://www.oasisgames.cl/products/ugin-eye-of-the-storms-tarkir-dragonstorm-prerelease-cards.js. Esperando 2s...
2026-08-15 14:49:09 | WARNING  | src.extractors.shopify | Rate limit (429) en https://www.paytowin.cl/products/emrakul-the-world-anew-borderless-serial-numbered-modern-horizons-3.js. Esperando 2s...
2026-08-15 14:49:09 | INFO     | src.extractors.woocommerce | [cardnexus.cl] Buscando (40/126): 'Myr Convert'
2026-08-15 14:49:09 | WARNING  | src.extractors.shopify | Rate limit (429) en https://www.paytowin.cl/products/fomori-vault-edge-of-eternities-promo-pack.js. Esperando 1s...
2026-08-15 14:49:09 | WARNING  | src.extractors.shopify | Rate limit (429) en https://www.paytowin.cl/products/field-of-ruin-innistrad-double-feature.js. Esperando 1s...
2026-08-15 14:49:10 | WARNING  | src.extractors.shopify | Rate limit (429) en https://www.paytowin.cl/products/emrakul-the-promised-end-secret-lair-drop-series.js. Esperando 1s...
2026-08-15 14:49:10 | WARNING  | src.extractors.shopify | Rate limit (429) en https://www.paytowin.cl/products/ugin-eye-of-the-storms-tarkir-dragonstorm.js. Esperando 1s...
2026-08-15 14:49:10 | WARNING  | src.extractors.shopify | Rate limit (429) en https://www.oasisgames.cl/products/ugin-eye-of-the-storms-tarkir-dragonstorm-prerelease-cards.js. Esperando 4s...
2026-08-15 14:49:10 | WARNING  | src.extractors.shopify | Rate limit (429) en https://www.oasisgames.cl/products/fomori-vault-extended-art-outlaws-of-thunder-junction-the-big-score.js. Esperando 1s...
2026-08-15 14:49:10 | WARNING  | src.extractors.shopify | Rate limit (429) en https://www.paytowin.cl/products/fomori-vault-edge-of-eternities-promo-pack.js. Esperando 2s...
2026-08-15 14:49:11 | WARNING  | src.extractors.shopify | Rate limit (429) en https://www.oasisgames.cl/products/field-of-ruin-the-lord-of-the-rings-tales-of-middle-earth-commander.js. Esperando 1s...
2026-08-15 14:49:11 | WARNING  | src.extractors.shopify | Rate limit (429) en https://www.oasisgames.cl/products/forsaken-monument-extended-art-zendikar-rising.js. Esperando 1s...
2026-08-15 14:49:11 | WARNING  | src.extractors.shopify | Rate limit (429) en https://www.oasisgames.cl/products/eldrazi-temple-ripple-foil-modern-horizons-3-commander.js. Esperando 1s...
2026-08-15 14:49:11 | WARNING  | src.extractors.shopify | Rate limit (429) en https://www.paytowin.cl/products/emrakul-the-world-anew-borderless-serial-numbered-modern-horizons-3.js. Esperando 4s...
2026-08-15 14:49:11 | INFO     | src.extractors.shopify | [paytowin.cl] Buscando (25/126): 'Forsaken Monument'
2026-08-15 14:49:12 | WARNING  | src.extractors.shopify | Rate limit (429) en https://www.oasisgames.cl/products/fomori-vault-extended-art-outlaws-of-thunder-junction-the-big-score.js. Esperando 2s...
2026-08-15 14:49:12 | WARNING  | src.extractors.shopify | Rate limit (429) en https://www.oasisgames.cl/products/field-of-ruin-the-lord-of-the-rings-tales-of-middle-earth-commander.js. Esperando 2s...
2026-08-15 14:49:12 | WARNING  | src.extractors.shopify | Rate limit (429) en https://www.oasisgames.cl/products/forsaken-monument-extended-art-zendikar-rising.js. Esperando 2s...
2026-08-15 14:49:12 | INFO     | src.extractors.woocommerce | [cardnexus.cl] Buscando (41/126): 'Not of This World'
2026-08-15 14:49:12 | WARNING  | src.extractors.shopify | Rate limit (429) en https://www.oasisgames.cl/products/eldrazi-temple-ripple-foil-modern-horizons-3-commander.js. Esperando 2s...
2026-08-15 14:49:12 | WARNING  | src.extractors.shopify | Rate limit (429) en https://www.paytowin.cl/products/field-of-ruin-march-of-the-machine-commander.js. Esperando 1s...
2026-08-15 14:49:13 | WARNING  | src.extractors.shopify | Rate limit (429) en https://www.paytowin.cl/products/fomori-vault-edge-of-eternities-promo-pack.js. Esperando 4s...
2026-08-15 14:49:13 | WARNING  | src.extractors.shopify | Rate limit (429) en https://www.paytowin.cl/products/ugin-eye-of-the-storms-tarkir-dragonstorm-promos.js. Esperando 1s...
2026-08-15 14:49:14 | WARNING  | src.extractors.shopify | Rate limit (429) en https://www.paytowin.cl/products/field-of-ruin-march-of-the-machine-commander.js. Esperando 2s...
2026-08-15 14:49:14 | INFO     | src.extractors.shopify | [oasisgames.cl] Buscando (26/126): 'Fractured Powerstone'
2026-08-15 14:49:15 | INFO     | src.extractors.woocommerce | [cardnexus.cl] Buscando (42/126): 'Ornithopter of Paradise'
2026-08-15 14:49:15 | INFO     | src.extractors.shopify | [paytowin.cl] Buscando (26/126): 'Fractured Powerstone'
2026-08-15 14:49:16 | WARNING  | src.extractors.shopify | Rate limit (429) en https://www.oasisgames.cl/products/field-of-ruin-art-card-the-lord-of-the-rings-tales-of-middle-earth-art-series.js. Esperando 1s...
2026-08-15 14:49:16 | WARNING  | src.extractors.shopify | Rate limit (429) en https://www.oasisgames.cl/products/forsaken-monument-zendikar-rising-prerelease-cards.js. Esperando 1s...
2026-08-15 14:49:16 | WARNING  | src.extractors.shopify | Rate limit (429) en https://www.oasisgames.cl/products/ugin-eye-of-the-storms-borderless-tarkir-dragonstorm.js. Esperando 1s...
2026-08-15 14:49:16 | WARNING  | src.extractors.shopify | Rate limit (429) en https://www.paytowin.cl/products/ugin-eye-of-the-storms-tarkir-dragonstorm-prerelease-cards.js. Esperando 1s...
2026-08-15 14:49:16 | WARNING  | src.extractors.shopify | Rate limit (429) en https://www.oasisgames.cl/products/eldrazi-temple-0014-borderless-edge-of-eternities-stellar-sights.js. Esperando 1s...
2026-08-15 14:49:17 | WARNING  | src.extractors.shopify | Rate limit (429) en https://www.paytowin.cl/products/forsaken-monument-extended-art-zendikar-rising.js. Esperando 1s...
2026-08-15 14:49:17 | WARNING  | src.extractors.shopify | Rate limit (429) en https://www.oasisgames.cl/products/eldrazi-temple-0014-borderless-edge-of-eternities-stellar-sights.js. Esperando 2s...
2026-08-15 14:49:17 | INFO     | src.extractors.woocommerce | [cardnexus.cl] Buscando (43/126): 'Page, Loose Leaf'
2026-08-15 14:49:17 | INFO     | src.extractors.shopify | [oasisgames.cl] Buscando (27/126): 'Ghost Quarter'
2026-08-15 14:49:17 | WARNING  | src.extractors.shopify | Rate limit (429) en https://www.paytowin.cl/products/field-of-ruin-the-lord-of-the-rings-tales-of-middle-earth-commander.js. Esperando 1s...
2026-08-15 14:49:18 | WARNING  | src.extractors.shopify | Rate limit (429) en https://www.oasisgames.cl/products/powerstone-fracture-the-brothers-war.js. Esperando 1s...
2026-08-15 14:49:18 | WARNING  | src.extractors.shopify | Rate limit (429) en https://www.paytowin.cl/products/fomori-vault-showcase-outlaws-of-thunder-junction-the-big-score.js. Esperando 1s...
2026-08-15 14:49:19 | WARNING  | src.extractors.shopify | Rate limit (429) en https://www.oasisgames.cl/products/field-of-ruin-art-card-gold-stamped-signature-the-lord-of-the-rings-tales-of-middle-earth-art-series.js. Esperando 1s...
2026-08-15 14:49:19 | WARNING  | src.extractors.shopify | Rate limit (429) en https://www.oasisgames.cl/products/powerstone-fracture-the-brothers-war.js. Esperando 2s...
2026-08-15 14:49:19 | WARNING  | src.extractors.shopify | Rate limit (429) en https://www.oasisgames.cl/products/forsaken-monument-promo-pack-zendikar-rising.js. Esperando 1s...
2026-08-15 14:49:19 | WARNING  | src.extractors.shopify | Rate limit (429) en https://www.paytowin.cl/products/ugin-eye-of-the-storms-showcase-tarkir-dragonstorm.js. Esperando 1s...
2026-08-15 14:49:19 | WARNING  | src.extractors.shopify | Rate limit (429) en https://www.paytowin.cl/products/fomori-vault-showcase-outlaws-of-thunder-junction-the-big-score.js. Esperando 2s...
2026-08-15 14:49:19 | WARNING  | src.extractors.shopify | Rate limit (429) en https://www.oasisgames.cl/products/eldrazi-temple-0014-borderless-edge-of-eternities-stellar-sights.js. Esperando 4s...
2026-08-15 14:49:20 | WARNING  | src.extractors.shopify | Rate limit (429) en https://www.paytowin.cl/products/forsaken-monument-modern-horizons-3-commander.js. Esperando 1s...
2026-08-15 14:49:20 | INFO     | src.extractors.woocommerce | [cardnexus.cl] Buscando (44/126): 'Palladium Myr'
2026-08-15 14:49:20 | INFO     | src.extractors.shopify | [oasisgames.cl] Buscando (28/126): 'Glaring Fleshraker'
2026-08-15 14:49:20 | WARNING  | src.extractors.shopify | Rate limit (429) en https://www.oasisgames.cl/products/forsaken-monument-promo-pack-zendikar-rising.js. Esperando 2s...
2026-08-15 14:49:20 | WARNING  | src.extractors.shopify | Rate limit (429) en https://www.paytowin.cl/products/ugin-eye-of-the-storms-showcase-tarkir-dragonstorm.js. Esperando 2s...
2026-08-15 14:49:21 | WARNING  | src.extractors.shopify | Rate limit (429) en https://www.paytowin.cl/products/field-of-ruin-art-card-innistrad-midnight-hunt-art-series.js. Esperando 1s...
2026-08-15 14:49:21 | WARNING  | src.extractors.shopify | Rate limit (429) en https://www.paytowin.cl/products/fomori-vault-showcase-outlaws-of-thunder-junction-the-big-score.js. Esperando 4s...
2026-08-15 14:49:22 | WARNING  | src.extractors.shopify | Rate limit (429) en https://www.paytowin.cl/products/field-of-ruin-art-card-innistrad-midnight-hunt-art-series.js. Esperando 2s...
2026-08-15 14:49:22 | WARNING  | src.extractors.shopify | Rate limit (429) en https://www.oasisgames.cl/products/forsaken-monument-promo-pack-zendikar-rising.js. Esperando 4s...
2026-08-15 14:49:22 | WARNING  | src.extractors.shopify | Rate limit (429) en https://www.paytowin.cl/products/ugin-eye-of-the-storms-showcase-tarkir-dragonstorm.js. Esperando 4s...
2026-08-15 14:49:23 | INFO     | src.extractors.woocommerce | [cardnexus.cl] Buscando (45/126): 'Plague Myr'
2026-08-15 14:49:23 | WARNING  | src.extractors.shopify | Rate limit (429) en https://www.oasisgames.cl/products/mtg-ghost-quartercommander-2015.js. Esperando 1s...
2026-08-15 14:49:23 | INFO     | src.extractors.shopify | [oasisgames.cl] Buscando (29/126): 'Green Dragon Inn'
2026-08-15 14:49:23 | WARNING  | src.extractors.shopify | Rate limit (429) en https://www.oasisgames.cl/products/glaring-fleshraker-modern-horizons-3.js. Esperando 1s...
2026-08-15 14:49:24 | WARNING  | src.extractors.shopify | Rate limit (429) en https://www.paytowin.cl/products/field-of-ruin-art-card-innistrad-midnight-hunt-art-series.js. Esperando 4s...
2026-08-15 14:49:25 | WARNING  | src.extractors.shopify | Rate limit (429) en https://www.paytowin.cl/products/forsaken-monument-zendikar-rising-promos.js. Esperando 1s...
2026-08-15 14:49:25 | WARNING  | src.extractors.shopify | Rate limit (429) en https://www.oasisgames.cl/products/glaring-fleshraker-modern-horizons-3.js. Esperando 2s...
2026-08-15 14:49:25 | WARNING  | src.extractors.shopify | Rate limit (429) en https://www.oasisgames.cl/products/fractured-powerstone-the-list.js. Esperando 1s...
2026-08-15 14:49:25 | INFO     | src.extractors.woocommerce | [cardnexus.cl] Buscando (46/126): 'Planar Nexus'
2026-08-15 14:49:27 | WARNING  | src.extractors.shopify | Rate limit (429) en https://www.paytowin.cl/products/powerstone-fracture-foundations-jumpstart.js. Esperando 1s...
2026-08-15 14:49:27 | WARNING  | src.extractors.shopify | Rate limit (429) en https://www.oasisgames.cl/products/homeward-path-green-dragon-inn-the-lord-of-the-rings-tales-of-middle-earth-commander.js. Esperando 1s...
2026-08-15 14:49:27 | INFO     | src.extractors.shopify | [paytowin.cl] Buscando (27/126): 'Ghost Quarter'
2026-08-15 14:49:27 | WARNING  | src.extractors.shopify | Rate limit (429) en https://www.paytowin.cl/products/forsaken-monument-ripple-foil-modern-horizons-3-commander.js. Esperando 1s...
2026-08-15 14:49:27 | WARNING  | src.extractors.shopify | Rate limit (429) en https://www.oasisgames.cl/products/mtg-fractured-powerstoneplanechase-2012.js. Esperando 1s...
2026-08-15 14:49:28 | INFO     | src.extractors.woocommerce | [cardnexus.cl] Buscando (47/126): 'Portal to Phyrexia'
2026-08-15 14:49:28 | INFO     | src.extractors.shopify | [oasisgames.cl] Buscando (30/126): 'H.E.R.B.I.E., Lovable Robot'
2026-08-15 14:49:28 | WARNING  | src.extractors.shopify | Rate limit (429) en https://www.oasisgames.cl/products/homeward-path-green-dragon-inn-the-lord-of-the-rings-tales-of-middle-earth-commander.js. Esperando 2s...
2026-08-15 14:49:28 | INFO     | src.extractors.shopify | [paytowin.cl] Buscando (28/126): 'Glaring Fleshraker'
2026-08-15 14:49:28 | WARNING  | src.extractors.shopify | Rate limit (429) en https://www.oasisgames.cl/products/glaring-fleshraker-ripple-foil-modern-horizons-3.js. Esperando 1s...
2026-08-15 14:49:29 | WARNING  | src.extractors.shopify | Rate limit (429) en https://www.paytowin.cl/products/forsaken-monument-ripple-foil-modern-horizons-3-commander.js. Esperando 2s...
2026-08-15 14:49:29 | WARNING  | src.extractors.shopify | Rate limit (429) en https://www.oasisgames.cl/products/mtg-fractured-powerstoneplanechase-2012.js. Esperando 2s...
2026-08-15 14:49:29 | WARNING  | src.extractors.shopify | Rate limit (429) en https://www.paytowin.cl/products/field-of-ruin-art-card-the-lord-of-the-rings-tales-of-middle-earth-art-series.js. Esperando 1s...
2026-08-15 14:49:30 | WARNING  | src.extractors.shopify | Rate limit (429) en https://www.paytowin.cl/products/powerstone-fracture-the-brothers-war.js. Esperando 1s...
2026-08-15 14:49:30 | INFO     | src.extractors.shopify | [oasisgames.cl] Buscando (31/126): 'Hedron Archive'
2026-08-15 14:49:30 | WARNING  | src.extractors.shopify | Rate limit (429) en https://www.oasisgames.cl/products/mtg-ghost-quartercommander-anthology.js. Esperando 1s...
2026-08-15 14:49:30 | WARNING  | src.extractors.shopify | Rate limit (429) en https://www.oasisgames.cl/products/homeward-path-green-dragon-inn-the-lord-of-the-rings-tales-of-middle-earth-commander.js. Esperando 4s...
2026-08-15 14:49:31 | INFO     | src.extractors.woocommerce | [cardnexus.cl] Buscando (48/126): 'Prismatic Lens'
2026-08-15 14:49:31 | INFO     | src.extractors.shopify | [paytowin.cl] Buscando (29/126): 'Green Dragon Inn'
2026-08-15 14:49:31 | INFO     | src.extractors.shopify | [paytowin.cl] Buscando (30/126): 'H.E.R.B.I.E., Lovable Robot'
2026-08-15 14:49:31 | WARNING  | src.extractors.shopify | Rate limit (429) en https://www.oasisgames.cl/products/mtg-ghost-quartercommander-anthology.js. Esperando 2s...
2026-08-15 14:49:32 | WARNING  | src.extractors.shopify | Rate limit (429) en https://www.paytowin.cl/products/glaring-fleshraker-modern-horizons-3.js. Esperando 1s...
2026-08-15 14:49:32 | INFO     | src.extractors.shopify | [oasisgames.cl] Buscando (32/126): 'Hedron Crawler'
2026-08-15 14:49:32 | WARNING  | src.extractors.shopify | Rate limit (429) en https://www.oasisgames.cl/products/fractured-powerstone-march-of-the-machine-commander.js. Esperando 1s...
2026-08-15 14:49:33 | WARNING  | src.extractors.shopify | Rate limit (429) en https://www.paytowin.cl/products/forsaken-monument-zendikar-rising-promos-1.js. Esperando 1s...
2026-08-15 14:49:33 | WARNING  | src.extractors.shopify | Rate limit (429) en https://www.paytowin.cl/products/ghost-quarter-innistrad.js. Esperando 1s...
2026-08-15 14:49:33 | WARNING  | src.extractors.shopify | Rate limit (429) en https://www.paytowin.cl/products/glaring-fleshraker-modern-horizons-3.js. Esperando 2s...
2026-08-15 14:49:33 | INFO     | src.extractors.woocommerce | [cardnexus.cl] Buscando (49/126): 'Sanctum of Ugin'
2026-08-15 14:49:34 | INFO     | src.extractors.shopify | [paytowin.cl] Buscando (31/126): 'Hedron Archive'
2026-08-15 14:49:34 | WARNING  | src.extractors.shopify | Rate limit (429) en https://www.paytowin.cl/products/homeward-path-green-dragon-inn-the-lord-of-the-rings-tales-of-middle-earth-commander.js. Esperando 1s...
2026-08-15 14:49:34 | WARNING  | src.extractors.shopify | Rate limit (429) en https://www.paytowin.cl/products/h-e-r-b-i-e-lovable-robot-marvel-super-heroes-commander.js. Esperando 1s...
2026-08-15 14:49:35 | WARNING  | src.extractors.shopify | Rate limit (429) en https://www.oasisgames.cl/products/ghost-quarter-dis-the-list.js. Esperando 1s...
2026-08-15 14:49:35 | WARNING  | src.extractors.shopify | Rate limit (429) en https://www.paytowin.cl/products/glaring-fleshraker-modern-horizons-3.js. Esperando 4s...
2026-08-15 14:49:35 | WARNING  | src.extractors.shopify | Rate limit (429) en https://www.paytowin.cl/products/homeward-path-green-dragon-inn-the-lord-of-the-rings-tales-of-middle-earth-commander.js. Esperando 2s...
2026-08-15 14:49:35 | WARNING  | src.extractors.shopify | Rate limit (429) en https://www.oasisgames.cl/products/mtg-hedron-crawleroath-of-the-gatewatch.js. Esperando 1s...
2026-08-15 14:49:35 | WARNING  | src.extractors.shopify | Rate limit (429) en https://www.oasisgames.cl/products/powerstone-fracture-foundations-jumpstart.js. Esperando 1s...
2026-08-15 14:49:36 | WARNING  | src.extractors.shopify | Rate limit (429) en https://www.oasisgames.cl/products/hedron-archive-commander-legends-battle-for-baldurs-gate.js. Esperando 1s...
2026-08-15 14:49:36 | INFO     | src.extractors.woocommerce | [cardnexus.cl] Buscando (50/126): 'Scavenger Grounds'
2026-08-15 14:49:36 | WARNING  | src.extractors.shopify | Rate limit (429) en https://www.oasisgames.cl/products/mtg-hedron-crawleroath-of-the-gatewatch.js. Esperando 2s...
2026-08-15 14:49:37 | WARNING  | src.extractors.shopify | Rate limit (429) en https://www.oasisgames.cl/products/powerstone-fracture-foundations-jumpstart.js. Esperando 2s...
2026-08-15 14:49:37 | WARNING  | src.extractors.shopify | Rate limit (429) en https://www.oasisgames.cl/products/hedron-archive-commander-legends-battle-for-baldurs-gate.js. Esperando 2s...
2026-08-15 14:49:37 | WARNING  | src.extractors.shopify | Rate limit (429) en https://www.paytowin.cl/products/homeward-path-green-dragon-inn-the-lord-of-the-rings-tales-of-middle-earth-commander.js. Esperando 4s...
2026-08-15 14:49:38 | WARNING  | src.extractors.shopify | Rate limit (429) en https://www.paytowin.cl/products/hedron-archive-jumpstart.js. Esperando 1s...
2026-08-15 14:49:38 | WARNING  | src.extractors.shopify | Rate limit (429) en https://www.paytowin.cl/products/h-e-r-b-i-e-lovable-robot-surge-foil-marvel-super-heroes-commander.js. Esperando 1s...
2026-08-15 14:49:38 | INFO     | src.extractors.shopify | [oasisgames.cl] Buscando (33/126): 'Inventors' Fair'
2026-08-15 14:49:38 | WARNING  | src.extractors.shopify | Rate limit (429) en https://www.oasisgames.cl/products/mtg-hedron-crawleroath-of-the-gatewatch.js. Esperando 4s...
2026-08-15 14:49:39 | WARNING  | src.extractors.shopify | Rate limit (429) en https://www.oasisgames.cl/products/powerstone-fracture-foundations-jumpstart.js. Esperando 4s...
2026-08-15 14:49:39 | INFO     | src.extractors.woocommerce | [cardnexus.cl] Buscando (51/126): 'Shrine of the Forsaken Gods'
2026-08-15 14:49:39 | WARNING  | src.extractors.shopify | Rate limit (429) en https://www.oasisgames.cl/products/hedron-archive-commander-legends-battle-for-baldurs-gate.js. Esperando 4s...
2026-08-15 14:49:39 | INFO     | src.extractors.shopify | [paytowin.cl] Buscando (32/126): 'Hedron Crawler'
2026-08-15 14:49:40 | WARNING  | src.extractors.shopify | Rate limit (429) en https://www.paytowin.cl/products/ghost-quarter-commander-anthology.js. Esperando 1s...
2026-08-15 14:49:40 | WARNING  | src.extractors.shopify | Rate limit (429) en https://www.paytowin.cl/products/hedron-archive-commander-2018.js. Esperando 1s...
2026-08-15 14:49:41 | INFO     | src.extractors.shopify | [paytowin.cl] Buscando (33/126): 'Inventors' Fair'
2026-08-15 14:49:41 | INFO     | src.extractors.woocommerce | [cardnexus.cl] Buscando (52/126): 'Solar Transformer'
2026-08-15 14:49:42 | WARNING  | src.extractors.shopify | Rate limit (429) en https://www.paytowin.cl/products/hedron-archive-commander-2018.js. Esperando 2s...
2026-08-15 14:49:42 | INFO     | src.extractors.shopify | [oasisgames.cl] Buscando (34/126): 'It That Betrays'
2026-08-15 14:49:42 | WARNING  | src.extractors.shopify | Rate limit (429) en https://www.paytowin.cl/products/hedron-crawler-oath-of-the-gatewatch.js. Esperando 1s...
2026-08-15 14:49:43 | INFO     | src.extractors.shopify | [oasisgames.cl] Buscando (35/126): 'It That Heralds the End'
2026-08-15 14:49:44 | WARNING  | src.extractors.shopify | Rate limit (429) en https://www.paytowin.cl/products/hedron-crawler-oath-of-the-gatewatch.js. Esperando 2s...
2026-08-15 14:49:44 | WARNING  | src.extractors.shopify | Rate limit (429) en https://www.paytowin.cl/products/hedron-archive-commander-2018.js. Esperando 4s...
2026-08-15 14:49:44 | INFO     | src.extractors.shopify | [oasisgames.cl] Buscando (36/126): 'Jhoira's Familiar'
2026-08-15 14:49:44 | INFO     | src.extractors.woocommerce | [cardnexus.cl] Buscando (53/126): 'Solemn Simulacrum'
2026-08-15 14:49:44 | WARNING  | src.extractors.shopify | Rate limit (429) en https://www.paytowin.cl/products/inventors-fair-kaladesh.js. Esperando 1s...
2026-08-15 14:49:45 | WARNING  | src.extractors.shopify | Rate limit (429) en https://www.oasisgames.cl/products/hedron-archive-time-spiral-remastered.js. Esperando 1s...
2026-08-15 14:49:45 | INFO     | src.extractors.shopify | [paytowin.cl] Buscando (34/126): 'It That Betrays'
2026-08-15 14:49:46 | WARNING  | src.extractors.shopify | Rate limit (429) en https://www.paytowin.cl/products/inventors-fair-kaladesh.js. Esperando 2s...
2026-08-15 14:49:46 | WARNING  | src.extractors.shopify | Rate limit (429) en https://www.paytowin.cl/products/hedron-crawler-oath-of-the-gatewatch.js. Esperando 4s...
2026-08-15 14:49:46 | WARNING  | src.extractors.shopify | Rate limit (429) en https://www.oasisgames.cl/products/tezzeret-betrayer-of-flesh-kamigawa-neon-dynasty.js. Esperando 1s...
2026-08-15 14:49:46 | WARNING  | src.extractors.shopify | Rate limit (429) en https://www.oasisgames.cl/products/it-that-heralds-the-end-modern-horizons-3.js. Esperando 1s...
2026-08-15 14:49:47 | INFO     | src.extractors.woocommerce | [cardnexus.cl] Buscando (54/126): 'Spawnbed Protector'
2026-08-15 14:49:47 | WARNING  | src.extractors.shopify | Rate limit (429) en https://www.oasisgames.cl/products/mtg-jhoiras-familiardominaria.js. Esperando 1s...
2026-08-15 14:49:48 | WARNING  | src.extractors.shopify | Rate limit (429) en https://www.oasisgames.cl/products/mtg-hedron-archivecommander-2017.js. Esperando 1s...
2026-08-15 14:49:48 | WARNING  | src.extractors.shopify | Rate limit (429) en https://www.oasisgames.cl/products/mtg-jhoiras-familiardominaria.js. Esperando 2s...
2026-08-15 14:49:49 | WARNING  | src.extractors.shopify | Rate limit (429) en https://www.oasisgames.cl/products/mtg-hedron-archivecommander-2017.js. Esperando 2s...
2026-08-15 14:49:49 | WARNING  | src.extractors.shopify | Rate limit (429) en https://www.paytowin.cl/products/it-that-betrays-rise-of-the-eldrazi.js. Esperando 1s...
2026-08-15 14:49:49 | WARNING  | src.extractors.shopify | Rate limit (429) en https://www.oasisgames.cl/products/mtg-that-which-was-takenbetrayers-of-kamigawa.js. Esperando 1s...
2026-08-15 14:49:49 | WARNING  | src.extractors.shopify | Rate limit (429) en https://www.paytowin.cl/products/hedron-archive-dominaria-united-commander.js. Esperando 1s...
2026-08-15 14:49:49 | WARNING  | src.extractors.shopify | Rate limit (429) en https://www.oasisgames.cl/products/it-that-heralds-the-end-retro-modern-horizons-3.js. Esperando 1s...
2026-08-15 14:49:49 | WARNING  | src.extractors.shopify | Rate limit (429) en https://www.oasisgames.cl/products/mtg-inventors-fairkaladesh-promos.js. Esperando 1s...
2026-08-15 14:49:49 | INFO     | src.extractors.woocommerce | [cardnexus.cl] Buscando (55/126): 'Stonespeaker Crystal'
2026-08-15 14:49:50 | WARNING  | src.extractors.shopify | Rate limit (429) en https://www.paytowin.cl/products/inventors-fair-the-list.js. Esperando 1s...
2026-08-15 14:49:50 | INFO     | src.extractors.shopify | [paytowin.cl] Buscando (35/126): 'It That Heralds the End'
2026-08-15 14:49:50 | WARNING  | src.extractors.shopify | Rate limit (429) en https://www.paytowin.cl/products/ghost-quarter-modern-event-deck-2014.js. Esperando 1s...
2026-08-15 14:49:51 | WARNING  | src.extractors.shopify | Rate limit (429) en https://www.oasisgames.cl/products/mtg-jhoiras-familiardominaria.js. Esperando 4s...
2026-08-15 14:49:51 | INFO     | src.extractors.shopify | [oasisgames.cl] Buscando (37/126): 'Kozilek, Butcher of Truth'
2026-08-15 14:49:51 | WARNING  | src.extractors.shopify | Rate limit (429) en https://www.paytowin.cl/products/inventors-fair-the-list.js. Esperando 2s...
2026-08-15 14:49:51 | WARNING  | src.extractors.shopify | Rate limit (429) en https://www.oasisgames.cl/products/mtg-hedron-archivecommander-2017.js. Esperando 4s...
2026-08-15 14:49:52 | INFO     | src.extractors.shopify | [paytowin.cl] Buscando (36/126): 'Jhoira's Familiar'
2026-08-15 14:49:52 | WARNING  | src.extractors.shopify | Rate limit (429) en https://www.oasisgames.cl/products/mtg-murderous-betrayaleighth-edition.js. Esperando 1s...
2026-08-15 14:49:52 | WARNING  | src.extractors.shopify | Rate limit (429) en https://www.paytowin.cl/products/goryos-vengeance-betrayers-of-kamigawa.js. Esperando 1s...
2026-08-15 14:49:52 | INFO     | src.extractors.woocommerce | [cardnexus.cl] Buscando (56/126): 'Summon: Bahamut'
2026-08-15 14:49:52 | WARNING  | src.extractors.shopify | Rate limit (429) en https://www.paytowin.cl/products/hedron-archive-battle-for-zendikar.js. Esperando 1s...
2026-08-15 14:49:52 | WARNING  | src.extractors.shopify | Rate limit (429) en https://www.oasisgames.cl/products/inventors-fair-secret-lair-drop-series.js. Esperando 1s...
2026-08-15 14:49:53 | WARNING  | src.extractors.shopify | Rate limit (429) en https://www.paytowin.cl/products/goryos-vengeance-betrayers-of-kamigawa.js. Esperando 2s...
2026-08-15 14:49:53 | WARNING  | src.extractors.shopify | Rate limit (429) en https://www.paytowin.cl/products/it-that-heralds-the-end-modern-horizons-3.js. Esperando 1s...
2026-08-15 14:49:53 | WARNING  | src.extractors.shopify | Rate limit (429) en https://www.paytowin.cl/products/hedron-archive-battle-for-zendikar.js. Esperando 2s...
2026-08-15 14:49:53 | WARNING  | src.extractors.shopify | Rate limit (429) en https://www.oasisgames.cl/products/inventors-fair-secret-lair-drop-series.js. Esperando 2s...
2026-08-15 14:49:55 | INFO     | src.extractors.woocommerce | [cardnexus.cl] Buscando (57/126): 'The Irencrag'
2026-08-15 14:49:55 | WARNING  | src.extractors.shopify | Rate limit (429) en https://www.paytowin.cl/products/goryos-vengeance-betrayers-of-kamigawa.js. Esperando 4s...
2026-08-15 14:49:55 | WARNING  | src.extractors.shopify | Rate limit (429) en https://www.paytowin.cl/products/hedron-archive-battle-for-zendikar.js. Esperando 4s...
2026-08-15 14:49:55 | WARNING  | src.extractors.shopify | Rate limit (429) en https://www.oasisgames.cl/products/inventors-fair-secret-lair-drop-series.js. Esperando 4s...
2026-08-15 14:49:56 | WARNING  | src.extractors.shopify | Rate limit (429) en https://www.paytowin.cl/products/it-that-heralds-the-end-retro-modern-horizons-3.js. Esperando 1s...
2026-08-15 14:49:56 | INFO     | src.extractors.shopify | [oasisgames.cl] Buscando (38/126): 'Kozilek, the Great Distortion'
2026-08-15 14:49:57 | WARNING  | src.extractors.shopify | Rate limit (429) en https://www.oasisgames.cl/products/mtg-kitsune-palliatorbetrayers-of-kamigawa.js. Esperando 1s...
2026-08-15 14:49:57 | WARNING  | src.extractors.shopify | Rate limit (429) en https://www.paytowin.cl/products/it-that-heralds-the-end-retro-modern-horizons-3.js. Esperando 2s...
2026-08-15 14:49:57 | INFO     | src.extractors.woocommerce | [cardnexus.cl] Buscando (58/126): 'Tomb of the Spirit Dragon'
2026-08-15 14:49:58 | WARNING  | src.extractors.shopify | Rate limit (429) en https://www.oasisgames.cl/products/mtg-kitsune-palliatorbetrayers-of-kamigawa.js. Esperando 2s...
2026-08-15 14:49:58 | INFO     | src.extractors.shopify | [paytowin.cl] Buscando (37/126): 'Kozilek, Butcher of Truth'
2026-08-15 14:49:58 | WARNING  | src.extractors.shopify | Rate limit (429) en https://www.oasisgames.cl/products/mtg-kozilek-butcher-of-truthrise-of-the-eldrazi.js. Esperando 1s...
2026-08-15 14:49:58 | WARNING  | src.extractors.shopify | Rate limit (429) en https://www.oasisgames.cl/products/hedron-archive-foundations.js. Esperando 1s...
2026-08-15 14:49:58 | WARNING  | src.extractors.shopify | Rate limit (429) en https://www.paytowin.cl/products/inventors-fair-kaladesh-promos.js. Esperando 1s...
2026-08-15 14:49:59 | WARNING  | src.extractors.shopify | Rate limit (429) en https://www.oasisgames.cl/products/hedron-archive-foundations.js. Esperando 2s...
2026-08-15 14:50:00 | INFO     | src.extractors.shopify | [paytowin.cl] Buscando (38/126): 'Kozilek, the Great Distortion'
2026-08-15 14:50:00 | INFO     | src.extractors.woocommerce | [cardnexus.cl] Buscando (59/126): 'Ugin, Eye of the Storms'
2026-08-15 14:50:00 | WARNING  | src.extractors.shopify | Rate limit (429) en https://www.oasisgames.cl/products/kozilek-the-great-distortion-commander-masters.js. Esperando 1s...
2026-08-15 14:50:01 | WARNING  | src.extractors.shopify | Rate limit (429) en https://www.paytowin.cl/products/strategic-betrayal-tarkir-dragonstorm-promos.js. Esperando 1s...
2026-08-15 14:50:01 | WARNING  | src.extractors.shopify | Rate limit (429) en https://www.paytowin.cl/products/hedron-archive-modern-horizons-3-commander.js. Esperando 1s...
2026-08-15 14:50:01 | WARNING  | src.extractors.shopify | Rate limit (429) en https://www.oasisgames.cl/products/kozilek-the-great-distortion-commander-masters.js. Esperando 2s...
2026-08-15 14:50:01 | WARNING  | src.extractors.shopify | Rate limit (429) en https://www.oasisgames.cl/products/hedron-archive-foundations.js. Esperando 4s...
2026-08-15 14:50:02 | WARNING  | src.extractors.shopify | Rate limit (429) en https://www.oasisgames.cl/products/mtg-genju-of-the-fensbetrayers-of-kamigawa.js. Esperando 1s...
2026-08-15 14:50:02 | WARNING  | src.extractors.shopify | Rate limit (429) en https://www.paytowin.cl/products/hedron-archive-modern-horizons-3-commander.js. Esperando 2s...
2026-08-15 14:50:03 | INFO     | src.extractors.woocommerce | [cardnexus.cl] Buscando (60/126): 'Ugin, the Spirit Dragon'
2026-08-15 14:50:03 | WARNING  | src.extractors.shopify | Rate limit (429) en https://www.paytowin.cl/products/kozilek-the-great-distortion-commander-masters.js. Esperando 1s...
2026-08-15 14:50:03 | WARNING  | src.extractors.shopify | Rate limit (429) en https://www.oasisgames.cl/products/kozilek-the-great-distortion-commander-masters.js. Esperando 4s...
2026-08-15 14:50:03 | WARNING  | src.extractors.shopify | Rate limit (429) en https://www.paytowin.cl/products/inventors-fair-0021-borderless-edge-of-eternities-stellar-sights.js. Esperando 1s...
2026-08-15 14:50:04 | WARNING  | src.extractors.shopify | Rate limit (429) en https://www.paytowin.cl/products/kozilek-butcher-of-truth-rise-of-the-eldrazi.js. Esperando 1s...
2026-08-15 14:50:04 | WARNING  | src.extractors.shopify | Rate limit (429) en https://www.paytowin.cl/products/mnemonic-betrayal-guilds-of-ravnica.js. Esperando 1s...
2026-08-15 14:50:04 | WARNING  | src.extractors.shopify | Rate limit (429) en https://www.paytowin.cl/products/hedron-archive-modern-horizons-3-commander.js. Esperando 4s...
2026-08-15 14:50:04 | WARNING  | src.extractors.shopify | Rate limit (429) en https://www.paytowin.cl/products/kozilek-the-great-distortion-commander-masters.js. Esperando 2s...
2026-08-15 14:50:05 | WARNING  | src.extractors.shopify | Rate limit (429) en https://www.oasisgames.cl/products/mtg-murderous-betrayalnemesis.js. Esperando 1s...
2026-08-15 14:50:05 | WARNING  | src.extractors.shopify | Rate limit (429) en https://www.oasisgames.cl/products/mtg-kozilek-butcher-of-truthultimate-box-topper.js. Esperando 1s...
2026-08-15 14:50:05 | WARNING  | src.extractors.shopify | Rate limit (429) en https://www.oasisgames.cl/products/inventors-fair-0066-borderless-edge-of-eternities-stellar-sights.js. Esperando 1s...
2026-08-15 14:50:06 | INFO     | src.extractors.woocommerce | [cardnexus.cl] Buscando (61/126): 'Ugin's Labyrinth'
2026-08-15 14:50:06 | WARNING  | src.extractors.shopify | Rate limit (429) en https://www.oasisgames.cl/products/inventors-fair-0066-borderless-edge-of-eternities-stellar-sights.js. Esperando 2s...
2026-08-15 14:50:06 | WARNING  | src.extractors.shopify | Rate limit (429) en https://www.paytowin.cl/products/kozilek-the-great-distortion-commander-masters.js. Esperando 4s...
2026-08-15 14:50:07 | WARNING  | src.extractors.shopify | Rate limit (429) en https://www.paytowin.cl/products/inventors-fair-0066-borderless-edge-of-eternities-stellar-sights.js. Esperando 1s...
2026-08-15 14:50:07 | WARNING  | src.extractors.shopify | Rate limit (429) en https://www.paytowin.cl/products/kozilek-butcher-of-truth-double-masters-2022.js. Esperando 1s...
2026-08-15 14:50:07 | WARNING  | src.extractors.shopify | Rate limit (429) en https://www.paytowin.cl/products/inevitable-betrayal-modern-horizons-2.js. Esperando 1s...
2026-08-15 14:50:07 | WARNING  | src.extractors.shopify | Rate limit (429) en https://www.oasisgames.cl/products/hedron-archive-bloomburrow-commander.js. Esperando 1s...
2026-08-15 14:50:08 | WARNING  | src.extractors.shopify | Rate limit (429) en https://www.paytowin.cl/products/inevitable-betrayal-modern-horizons-2.js. Esperando 2s...
2026-08-15 14:50:08 | WARNING  | src.extractors.shopify | Rate limit (429) en https://www.oasisgames.cl/products/hedron-archive-bloomburrow-commander.js. Esperando 2s...
2026-08-15 14:50:08 | WARNING  | src.extractors.shopify | Rate limit (429) en https://www.oasisgames.cl/products/inventors-fair-0066-borderless-edge-of-eternities-stellar-sights.js. Esperando 4s...
2026-08-15 14:50:09 | INFO     | src.extractors.woocommerce | [cardnexus.cl] Buscando (62/126): 'Ulamog, the Ceaseless Hunger'
2026-08-15 14:50:09 | WARNING  | src.extractors.shopify | Rate limit (429) en https://www.oasisgames.cl/products/mtg-kozilek-the-great-distortionoath-of-the-gatewatch.js. Esperando 1s...
2026-08-15 14:50:10 | WARNING  | src.extractors.shopify | Rate limit (429) en https://www.paytowin.cl/products/inventors-fair-secret-lair-heads-i-win-tails-you-lose.js. Esperando 1s...
2026-08-15 14:50:10 | WARNING  | src.extractors.shopify | Rate limit (429) en https://www.paytowin.cl/products/inevitable-betrayal-modern-horizons-2.js. Esperando 4s...
2026-08-15 14:50:10 | WARNING  | src.extractors.shopify | Rate limit (429) en https://www.oasisgames.cl/products/mtg-kozilek-the-great-distortionoath-of-the-gatewatch.js. Esperando 2s...
2026-08-15 14:50:10 | WARNING  | src.extractors.shopify | Rate limit (429) en https://www.oasisgames.cl/products/hedron-archive-bloomburrow-commander.js. Esperando 4s...
2026-08-15 14:50:11 | WARNING  | src.extractors.shopify | Rate limit (429) en https://www.paytowin.cl/products/inventors-fair-secret-lair-heads-i-win-tails-you-lose.js. Esperando 2s...
2026-08-15 14:50:11 | INFO     | src.extractors.woocommerce | [cardnexus.cl] Buscando (63/126): 'Ulamog, the Defiler'
2026-08-15 14:50:12 | INFO     | src.extractors.shopify | [oasisgames.cl] Buscando (39/126): 'Manakin'
2026-08-15 14:50:12 | WARNING  | src.extractors.shopify | Rate limit (429) en https://www.paytowin.cl/products/kozilek-the-great-distortion-oath-of-the-gatewatch.js. Esperando 1s...
2026-08-15 14:50:12 | INFO     | src.extractors.shopify | [oasisgames.cl] Buscando (40/126): 'Myr Convert'
2026-08-15 14:50:12 | WARNING  | src.extractors.shopify | Rate limit (429) en https://www.oasisgames.cl/products/mtg-kozilek-the-great-distortionoath-of-the-gatewatch.js. Esperando 4s...
2026-08-15 14:50:13 | WARNING  | src.extractors.shopify | Rate limit (429) en https://www.paytowin.cl/products/inventors-fair-secret-lair-heads-i-win-tails-you-lose.js. Esperando 4s...
2026-08-15 14:50:13 | WARNING  | src.extractors.shopify | Rate limit (429) en https://www.paytowin.cl/products/kozilek-the-great-distortion-oath-of-the-gatewatch.js. Esperando 2s...
2026-08-15 14:50:14 | WARNING  | src.extractors.shopify | Rate limit (429) en https://www.paytowin.cl/products/kozilek-butcher-of-truth-borderless-alternate-art-double-masters-2022.js. Esperando 1s...
2026-08-15 14:50:14 | INFO     | src.extractors.woocommerce | [cardnexus.cl] Buscando (64/126): 'Ulamog, the Infinite Gyre'
2026-08-15 14:50:14 | INFO     | src.extractors.shopify | [oasisgames.cl] Buscando (41/126): 'Not of This World'
2026-08-15 14:50:15 | WARNING  | src.extractors.shopify | Rate limit (429) en https://www.paytowin.cl/products/kozilek-the-great-distortion-oath-of-the-gatewatch.js. Esperando 4s...
2026-08-15 14:50:16 | WARNING  | src.extractors.shopify | Rate limit (429) en https://www.paytowin.cl/products/kozilek-butcher-of-truth-ultimate-masters.js. Esperando 1s...
2026-08-15 14:50:17 | INFO     | src.extractors.woocommerce | [cardnexus.cl] Buscando (65/126): 'Ultima, Origin of Oblivion'
2026-08-15 14:50:17 | WARNING  | src.extractors.shopify | Rate limit (429) en https://www.oasisgames.cl/products/mtg-manakiniconic-masters.js. Esperando 1s...
2026-08-15 14:50:17 | WARNING  | src.extractors.shopify | Rate limit (429) en https://www.oasisgames.cl/products/myr-convert-showcase-ichor-phyrexia-all-will-be-one.js. Esperando 1s...
2026-08-15 14:50:17 | WARNING  | src.extractors.shopify | Rate limit (429) en https://www.paytowin.cl/products/kozilek-butcher-of-truth-ultimate-masters.js. Esperando 2s...
2026-08-15 14:50:18 | INFO     | src.extractors.shopify | [paytowin.cl] Buscando (39/126): 'Manakin'
2026-08-15 14:50:18 | WARNING  | src.extractors.shopify | Rate limit (429) en https://www.paytowin.cl/products/inventors-fair-0111-borderless-galaxy-foil-edge-of-eternities-stellar-sights.js. Esperando 1s...
2026-08-15 14:50:18 | WARNING  | src.extractors.shopify | Rate limit (429) en https://www.oasisgames.cl/products/mtg-manakiniconic-masters.js. Esperando 2s...
2026-08-15 14:50:18 | WARNING  | src.extractors.shopify | Rate limit (429) en https://www.oasisgames.cl/products/myr-convert-showcase-ichor-phyrexia-all-will-be-one.js. Esperando 2s...
2026-08-15 14:50:19 | INFO     | src.extractors.woocommerce | [cardnexus.cl] Buscando (66/126): 'Urza's Cave'
2026-08-15 14:50:19 | WARNING  | src.extractors.shopify | Rate limit (429) en https://www.paytowin.cl/products/inventors-fair-0111-borderless-galaxy-foil-edge-of-eternities-stellar-sights.js. Esperando 2s...
2026-08-15 14:50:19 | WARNING  | src.extractors.shopify | Rate limit (429) en https://www.oasisgames.cl/products/hedron-archive-jumpstart-2022.js. Esperando 1s...
2026-08-15 14:50:20 | WARNING  | src.extractors.shopify | Rate limit (429) en https://www.oasisgames.cl/products/kozilek-the-great-distortion-borderless-profile-commander-masters.js. Esperando 1s...
2026-08-15 14:50:20 | WARNING  | src.extractors.shopify | Rate limit (429) en https://www.oasisgames.cl/products/mtg-2001-world-championship-blank-cardworld-championship-decks.js. Esperando 1s...
2026-08-15 14:50:20 | WARNING  | src.extractors.shopify | Rate limit (429) en https://www.oasisgames.cl/products/mtg-manakiniconic-masters.js. Esperando 4s...
2026-08-15 14:50:21 | WARNING  | src.extractors.shopify | Rate limit (429) en https://www.paytowin.cl/products/kozilek-the-great-distortion-secret-lair-drop-series.js. Esperando 1s...
2026-08-15 14:50:21 | INFO     | src.extractors.shopify | [oasisgames.cl] Buscando (42/126): 'Ornithopter of Paradise'
2026-08-15 14:50:21 | WARNING  | src.extractors.shopify | Rate limit (429) en https://www.oasisgames.cl/products/kozilek-the-great-distortion-borderless-profile-commander-masters.js. Esperando 2s...
2026-08-15 14:50:21 | WARNING  | src.extractors.shopify | Rate limit (429) en https://www.oasisgames.cl/products/mtg-2001-world-championship-blank-cardworld-championship-decks.js. Esperando 2s...
2026-08-15 14:50:21 | WARNING  | src.extractors.shopify | Rate limit (429) en https://www.paytowin.cl/products/inventors-fair-0111-borderless-galaxy-foil-edge-of-eternities-stellar-sights.js. Esperando 4s...
2026-08-15 14:50:21 | WARNING  | src.extractors.shopify | Rate limit (429) en https://www.paytowin.cl/products/manakin-tempest.js. Esperando 1s...
2026-08-15 14:50:22 | INFO     | src.extractors.woocommerce | [cardnexus.cl] Buscando (67/126): 'Urza's Mine'
2026-08-15 14:50:22 | WARNING  | src.extractors.shopify | Rate limit (429) en https://www.oasisgames.cl/products/myr-convert-art-card-phyrexia-all-will-be-one-art-series.js. Esperando 1s...
2026-08-15 14:50:23 | WARNING  | src.extractors.shopify | Rate limit (429) en https://www.paytowin.cl/products/manakin-tempest.js. Esperando 2s...
2026-08-15 14:50:23 | WARNING  | src.extractors.shopify | Rate limit (429) en https://www.paytowin.cl/products/mirror-gallery-betrayers-of-kamigawa.js. Esperando 1s...
2026-08-15 14:50:23 | WARNING  | src.extractors.shopify | Rate limit (429) en https://www.paytowin.cl/products/kozilek-butcher-of-truth-textured-foil-double-masters-2022.js. Esperando 1s...
2026-08-15 14:50:24 | WARNING  | src.extractors.shopify | Rate limit (429) en https://www.oasisgames.cl/products/myr-convert-art-card-phyrexia-all-will-be-one-art-series.js. Esperando 2s...
2026-08-15 14:50:24 | WARNING  | src.extractors.shopify | Rate limit (429) en https://www.paytowin.cl/products/kozilek-the-great-distortion-oath-of-the-gatewatch-promos.js. Esperando 1s...
2026-08-15 14:50:24 | INFO     | src.extractors.woocommerce | [cardnexus.cl] Buscando (68/126): 'Urza's Power Plant'
2026-08-15 14:50:24 | WARNING  | src.extractors.shopify | Rate limit (429) en https://www.oasisgames.cl/products/ornithopter-of-paradise-aetherdrift-commander.js. Esperando 1s...
2026-08-15 14:50:25 | INFO     | src.extractors.shopify | [paytowin.cl] Buscando (40/126): 'Myr Convert'
2026-08-15 14:50:25 | INFO     | src.extractors.shopify | [paytowin.cl] Buscando (41/126): 'Not of This World'
2026-08-15 14:50:25 | WARNING  | src.extractors.shopify | Rate limit (429) en https://www.oasisgames.cl/products/ornithopter-of-paradise-aetherdrift-commander.js. Esperando 2s...
2026-08-15 14:50:26 | WARNING  | src.extractors.shopify | Rate limit (429) en https://www.oasisgames.cl/products/myr-convert-art-card-phyrexia-all-will-be-one-art-series.js. Esperando 4s...
2026-08-15 14:50:26 | WARNING  | src.extractors.shopify | Rate limit (429) en https://www.oasisgames.cl/products/manakin-jumpstart-2022.js. Esperando 1s...
2026-08-15 14:50:26 | INFO     | src.extractors.woocommerce | [cardnexus.cl] Buscando (69/126): 'Urza's Tower'
2026-08-15 14:50:26 | WARNING  | src.extractors.shopify | Rate limit (429) en https://www.paytowin.cl/products/kozilek-butcher-of-truth-foil-etched-double-masters-2022.js. Esperando 1s...
2026-08-15 14:50:27 | WARNING  | src.extractors.shopify | Rate limit (429) en https://www.paytowin.cl/products/manakin-iconic-masters.js. Esperando 1s...
2026-08-15 14:50:27 | WARNING  | src.extractors.shopify | Rate limit (429) en https://www.paytowin.cl/products/kozilek-the-great-distortion-foil-etched-commander-masters.js. Esperando 1s...
2026-08-15 14:50:27 | WARNING  | src.extractors.shopify | Rate limit (429) en https://www.oasisgames.cl/products/manakin-jumpstart-2022.js. Esperando 2s...
2026-08-15 14:50:28 | WARNING  | src.extractors.shopify | Rate limit (429) en https://www.oasisgames.cl/products/ornithopter-of-paradise-aetherdrift-commander.js. Esperando 4s...
2026-08-15 14:50:28 | WARNING  | src.extractors.shopify | Rate limit (429) en https://www.paytowin.cl/products/kozilek-butcher-of-truth-foil-etched-double-masters-2022.js. Esperando 2s...
2026-08-15 14:50:28 | WARNING  | src.extractors.shopify | Rate limit (429) en https://www.paytowin.cl/products/manakin-iconic-masters.js. Esperando 2s...
2026-08-15 14:50:28 | WARNING  | src.extractors.shopify | Rate limit (429) en https://www.paytowin.cl/products/kozilek-the-great-distortion-foil-etched-commander-masters.js. Esperando 2s...
2026-08-15 14:50:29 | WARNING  | src.extractors.shopify | Rate limit (429) en https://www.paytowin.cl/products/myr-convert-phyrexia-all-will-be-one.js. Esperando 1s...
2026-08-15 14:50:29 | INFO     | src.extractors.woocommerce | [cardnexus.cl] Buscando (70/126): 'Urza's Workshop'
2026-08-15 14:50:29 | INFO     | src.extractors.shopify | [oasisgames.cl] Buscando (43/126): 'Page, Loose Leaf'
2026-08-15 14:50:29 | WARNING  | src.extractors.shopify | Rate limit (429) en https://www.oasisgames.cl/products/manakin-jumpstart-2022.js. Esperando 4s...
2026-08-15 14:50:30 | WARNING  | src.extractors.shopify | Rate limit (429) en https://www.paytowin.cl/products/kozilek-the-great-distortion-foil-etched-commander-masters.js. Esperando 4s...
2026-08-15 14:50:30 | INFO     | src.extractors.shopify | [paytowin.cl] Buscando (42/126): 'Ornithopter of Paradise'
2026-08-15 14:50:31 | INFO     | src.extractors.woocommerce | [cardnexus.cl] Buscando (71/126): 'Vibranium Dynamo'
2026-08-15 14:50:31 | WARNING  | src.extractors.shopify | Rate limit (429) en https://www.paytowin.cl/products/not-of-this-world-commander-masters.js. Esperando 1s...
2026-08-15 14:50:31 | WARNING  | src.extractors.shopify | Rate limit (429) en https://www.paytowin.cl/products/myr-convert-showcase-ichor-phyrexia-all-will-be-one.js. Esperando 1s...
2026-08-15 14:50:32 | WARNING  | src.extractors.shopify | Rate limit (429) en https://www.paytowin.cl/products/manakin-jumpstart-2022.js. Esperando 1s...
2026-08-15 14:50:32 | WARNING  | src.extractors.shopify | Rate limit (429) en https://www.paytowin.cl/products/not-of-this-world-commander-masters.js. Esperando 2s...
2026-08-15 14:50:32 | WARNING  | src.extractors.shopify | Rate limit (429) en https://www.paytowin.cl/products/myr-convert-showcase-ichor-phyrexia-all-will-be-one.js. Esperando 2s...
2026-08-15 14:50:33 | WARNING  | src.extractors.shopify | Rate limit (429) en https://www.oasisgames.cl/products/page-loose-leaf-secrets-of-strixhaven.js. Esperando 1s...
2026-08-15 14:50:33 | WARNING  | src.extractors.shopify | Rate limit (429) en https://www.oasisgames.cl/products/myr-convert-art-card-gold-stamped-signature-phyrexia-all-will-be-one-art-series.js. Esperando 1s...
2026-08-15 14:50:33 | WARNING  | src.extractors.shopify | Rate limit (429) en https://www.oasisgames.cl/products/ornithopter-of-paradise-bloomburrow-commander.js. Esperando 1s...
2026-08-15 14:50:33 | INFO     | src.extractors.woocommerce | [cardnexus.cl] Buscando (72/126): 'Void Winnower'
2026-08-15 14:50:34 | WARNING  | src.extractors.shopify | Rate limit (429) en https://www.paytowin.cl/products/ornithopter-of-paradise-modern-horizons-2.js. Esperando 1s...
2026-08-15 14:50:34 | INFO     | src.extractors.shopify | [oasisgames.cl] Buscando (44/126): 'Palladium Myr'
2026-08-15 14:50:34 | WARNING  | src.extractors.shopify | Rate limit (429) en https://www.oasisgames.cl/products/myr-convert-art-card-gold-stamped-signature-phyrexia-all-will-be-one-art-series.js. Esperando 2s...
2026-08-15 14:50:34 | WARNING  | src.extractors.shopify | Rate limit (429) en https://www.oasisgames.cl/products/ornithopter-of-paradise-bloomburrow-commander.js. Esperando 2s...
2026-08-15 14:50:35 | INFO     | src.extractors.shopify | [paytowin.cl] Buscando (43/126): 'Page, Loose Leaf'
2026-08-15 14:50:35 | INFO     | src.extractors.shopify | [oasisgames.cl] Buscando (45/126): 'Plague Myr'
2026-08-15 14:50:36 | WARNING  | src.extractors.shopify | Rate limit (429) en https://www.paytowin.cl/products/kozilek-the-great-distortion-borderless-profile-commander-masters.js. Esperando 1s...
2026-08-15 14:50:36 | WARNING  | src.extractors.shopify | Rate limit (429) en https://www.paytowin.cl/products/world-at-war-rise-of-the-eldrazi.js. Esperando 1s...
2026-08-15 14:50:36 | INFO     | src.extractors.woocommerce | [cardnexus.cl] Buscando (73/126): 'Volatile Fault'
2026-08-15 14:50:36 | WARNING  | src.extractors.shopify | Rate limit (429) en https://www.oasisgames.cl/products/myr-convert-art-card-gold-stamped-signature-phyrexia-all-will-be-one-art-series.js. Esperando 4s...
2026-08-15 14:50:36 | WARNING  | src.extractors.shopify | Rate limit (429) en https://www.oasisgames.cl/products/ornithopter-of-paradise-bloomburrow-commander.js. Esperando 4s...
2026-08-15 14:50:36 | WARNING  | src.extractors.shopify | Rate limit (429) en https://www.paytowin.cl/products/myr-convert-art-card-phyrexia-all-will-be-one-art-series.js. Esperando 1s...
2026-08-15 14:50:37 | WARNING  | src.extractors.shopify | Rate limit (429) en https://www.paytowin.cl/products/ornithopter-of-paradise-timeshifted-modern-horizons-2.js. Esperando 1s...
2026-08-15 14:50:37 | WARNING  | src.extractors.shopify | Rate limit (429) en https://www.paytowin.cl/products/kozilek-the-great-distortion-borderless-profile-commander-masters.js. Esperando 2s...
2026-08-15 14:50:37 | WARNING  | src.extractors.shopify | Rate limit (429) en https://www.paytowin.cl/products/world-at-war-rise-of-the-eldrazi.js. Esperando 2s...
2026-08-15 14:50:38 | WARNING  | src.extractors.shopify | Rate limit (429) en https://www.oasisgames.cl/products/palladium-myr-commander-masters.js. Esperando 1s...
2026-08-15 14:50:39 | WARNING  | src.extractors.shopify | Rate limit (429) en https://www.paytowin.cl/products/page-loose-leaf-secrets-of-strixhaven.js. Esperando 1s...
2026-08-15 14:50:39 | WARNING  | src.extractors.shopify | Rate limit (429) en https://www.paytowin.cl/products/kozilek-the-great-distortion-borderless-profile-commander-masters.js. Esperando 4s...
2026-08-15 14:50:39 | INFO     | src.extractors.shopify | [oasisgames.cl] Buscando (46/126): 'Planar Nexus'
2026-08-15 14:50:39 | INFO     | src.extractors.woocommerce | [cardnexus.cl] Buscando (74/126): 'War Room'
2026-08-15 14:50:39 | WARNING  | src.extractors.shopify | Rate limit (429) en https://www.paytowin.cl/products/world-at-war-rise-of-the-eldrazi.js. Esperando 4s...
2026-08-15 14:50:40 | INFO     | src.extractors.shopify | [paytowin.cl] Buscando (44/126): 'Palladium Myr'
2026-08-15 14:50:40 | INFO     | src.extractors.shopify | [oasisgames.cl] Buscando (47/126): 'Portal to Phyrexia'
2026-08-15 14:50:41 | WARNING  | src.extractors.shopify | Rate limit (429) en https://www.oasisgames.cl/products/palladium-myr-mystery-booster.js. Esperando 1s...
2026-08-15 14:50:41 | INFO     | src.extractors.woocommerce | [cardnexus.cl] Buscando (75/126): 'Warping Wail'
2026-08-15 14:50:41 | WARNING  | src.extractors.shopify | Rate limit (429) en https://www.paytowin.cl/products/myr-convert-art-card-gold-stamped-signature-phyrexia-all-will-be-one-art-series.js. Esperando 1s...
2026-08-15 14:50:42 | WARNING  | src.extractors.shopify | Rate limit (429) en https://www.paytowin.cl/products/ornithopter-of-paradise-commander-masters.js. Esperando 1s...
2026-08-15 14:50:42 | WARNING  | src.extractors.shopify | Rate limit (429) en https://www.oasisgames.cl/products/ornithopter-of-paradise-foundations-jumpstart.js. Esperando 1s...
2026-08-15 14:50:42 | WARNING  | src.extractors.shopify | Rate limit (429) en https://www.oasisgames.cl/products/planar-nexus-modern-horizons-3-commander.js. Esperando 1s...
2026-08-15 14:50:43 | WARNING  | src.extractors.shopify | Rate limit (429) en https://www.paytowin.cl/products/myr-convert-art-card-gold-stamped-signature-phyrexia-all-will-be-one-art-series.js. Esperando 2s...
2026-08-15 14:50:43 | WARNING  | src.extractors.shopify | Rate limit (429) en https://www.oasisgames.cl/products/ornithopter-of-paradise-foundations-jumpstart.js. Esperando 2s...
2026-08-15 14:50:43 | WARNING  | src.extractors.shopify | Rate limit (429) en https://www.oasisgames.cl/products/planar-nexus-modern-horizons-3-commander.js. Esperando 2s...
2026-08-15 14:50:43 | WARNING  | src.extractors.shopify | Rate limit (429) en https://www.paytowin.cl/products/palladium-myr-commander-2014.js. Esperando 1s...
2026-08-15 14:50:44 | WARNING  | src.extractors.shopify | Rate limit (429) en https://www.oasisgames.cl/products/mtg-palladium-myriconic-masters.js. Esperando 1s...
2026-08-15 14:50:44 | INFO     | src.extractors.woocommerce | [cardnexus.cl] Buscando (76/126): 'Wastes'
2026-08-15 14:50:44 | WARNING  | src.extractors.shopify | Rate limit (429) en https://www.oasisgames.cl/products/plague-myr-phyrexia-all-will-be-one-commander.js. Esperando 1s...
2026-08-15 14:50:45 | INFO     | src.extractors.shopify | [paytowin.cl] Buscando (45/126): 'Plague Myr'
2026-08-15 14:50:45 | INFO     | src.extractors.shopify | [paytowin.cl] Buscando (46/126): 'Planar Nexus'
2026-08-15 14:50:45 | WARNING  | src.extractors.shopify | Rate limit (429) en https://www.oasisgames.cl/products/ornithopter-of-paradise-foundations-jumpstart.js. Esperando 4s...
2026-08-15 14:50:45 | WARNING  | src.extractors.shopify | Rate limit (429) en https://www.oasisgames.cl/products/planar-nexus-modern-horizons-3-commander.js. Esperando 4s...
2026-08-15 14:50:46 | INFO     | src.extractors.shopify | [oasisgames.cl] Buscando (48/126): 'Prismatic Lens'
2026-08-15 14:50:46 | WARNING  | src.extractors.shopify | Rate limit (429) en https://www.paytowin.cl/products/palladium-myr-scars-of-mirrodin.js. Esperando 1s...
2026-08-15 14:50:46 | WARNING  | src.extractors.shopify | Rate limit (429) en https://www.paytowin.cl/products/ornithopter-of-paradise-bloomburrow-commander.js. Esperando 1s...
2026-08-15 14:50:47 | WARNING  | src.extractors.shopify | Rate limit (429) en https://www.oasisgames.cl/products/mtg-palladium-myrcommander-2014.js. Esperando 1s...
2026-08-15 14:50:47 | WARNING  | src.extractors.shopify | Rate limit (429) en https://www.paytowin.cl/products/the-world-tree-the-list.js. Esperando 1s...
2026-08-15 14:50:47 | INFO     | src.extractors.woocommerce | [cardnexus.cl] Buscando (77/126): 'Wayfarer's Bauble'
2026-08-15 14:50:48 | WARNING  | src.extractors.shopify | Rate limit (429) en https://www.paytowin.cl/products/palladium-myr-scars-of-mirrodin.js. Esperando 2s...
2026-08-15 14:50:48 | WARNING  | src.extractors.shopify | Rate limit (429) en https://www.paytowin.cl/products/ornithopter-of-paradise-bloomburrow-commander.js. Esperando 2s...
2026-08-15 14:50:48 | WARNING  | src.extractors.shopify | Rate limit (429) en https://www.paytowin.cl/products/the-world-tree-the-list.js. Esperando 2s...
2026-08-15 14:50:48 | WARNING  | src.extractors.shopify | Rate limit (429) en https://www.paytowin.cl/products/plague-myr-mirrodin-besieged.js. Esperando 1s...
2026-08-15 14:50:48 | WARNING  | src.extractors.shopify | Rate limit (429) en https://www.paytowin.cl/products/planar-nexus-modern-horizons-3-commander.js. Esperando 1s...
2026-08-15 14:50:49 | WARNING  | src.extractors.shopify | Rate limit (429) en https://www.oasisgames.cl/products/mtg-prismatic-lensultimate-masters.js. Esperando 1s...
2026-08-15 14:50:50 | WARNING  | src.extractors.shopify | Rate limit (429) en https://www.oasisgames.cl/products/mtg-palladium-myrscars-of-mirrodin.js. Esperando 1s...
2026-08-15 14:50:50 | INFO     | src.extractors.woocommerce | [cardnexus.cl] Buscando (78/126): 'Worn Powerstone'
2026-08-15 14:50:50 | WARNING  | src.extractors.shopify | Rate limit (429) en https://www.oasisgames.cl/products/mtg-prismatic-lensultimate-masters.js. Esperando 2s...
2026-08-15 14:50:51 | WARNING  | src.extractors.shopify | Rate limit (429) en https://www.oasisgames.cl/products/planar-nexus-extended-art-modern-horizons-3-commander.js. Esperando 1s...
2026-08-15 14:50:51 | WARNING  | src.extractors.shopify | Rate limit (429) en https://www.paytowin.cl/products/deep-fried-plague-myr-unfinity-stickers.js. Esperando 1s...
2026-08-15 14:50:51 | WARNING  | src.extractors.shopify | Rate limit (429) en https://www.oasisgames.cl/products/mtg-phyrexian-portalalliances.js. Esperando 1s...
2026-08-15 14:50:52 | WARNING  | src.extractors.shopify | Rate limit (429) en https://www.paytowin.cl/products/planar-nexus-extended-art-ripple-foil-modern-horizons-3-commander.js. Esperando 1s...
2026-08-15 14:50:52 | WARNING  | src.extractors.shopify | Rate limit (429) en https://www.paytowin.cl/products/palladium-myr-core-set-2021.js. Esperando 1s...
2026-08-15 14:50:52 | WARNING  | src.extractors.shopify | Rate limit (429) en https://www.paytowin.cl/products/ornithopter-of-paradise-aetherdrift-commander.js. Esperando 1s...
2026-08-15 14:50:52 | WARNING  | src.extractors.shopify | Rate limit (429) en https://www.paytowin.cl/products/world-breaker-oath-of-the-gatewatch.js. Esperando 1s...
2026-08-15 14:50:52 | WARNING  | src.extractors.shopify | Rate limit (429) en https://www.oasisgames.cl/products/planar-nexus-extended-art-modern-horizons-3-commander.js. Esperando 2s...
2026-08-15 14:50:52 | INFO     | src.extractors.woocommerce | [cardnexus.cl] Buscando (79/126): 'Zhalfirin Void'
2026-08-15 14:50:52 | WARNING  | src.extractors.shopify | Rate limit (429) en https://www.paytowin.cl/products/deep-fried-plague-myr-unfinity-stickers.js. Esperando 2s...
2026-08-15 14:50:53 | WARNING  | src.extractors.shopify | Rate limit (429) en https://www.paytowin.cl/products/palladium-myr-core-set-2021.js. Esperando 2s...
2026-08-15 14:50:53 | WARNING  | src.extractors.shopify | Rate limit (429) en https://www.paytowin.cl/products/planar-nexus-extended-art-ripple-foil-modern-horizons-3-commander.js. Esperando 2s...
2026-08-15 14:50:53 | WARNING  | src.extractors.shopify | Rate limit (429) en https://www.paytowin.cl/products/ornithopter-of-paradise-aetherdrift-commander.js. Esperando 2s...
2026-08-15 14:50:53 | INFO     | src.extractors.shopify | [oasisgames.cl] Buscando (49/126): 'Sanctum of Ugin'
2026-08-15 14:50:53 | WARNING  | src.extractors.shopify | Rate limit (429) en https://www.paytowin.cl/products/world-breaker-oath-of-the-gatewatch.js. Esperando 2s...
2026-08-15 14:50:54 | WARNING  | src.extractors.shopify | Rate limit (429) en https://www.oasisgames.cl/products/planar-nexus-extended-art-modern-horizons-3-commander.js. Esperando 4s...
2026-08-15 14:50:54 | WARNING  | src.extractors.shopify | Rate limit (429) en https://www.oasisgames.cl/products/mtg-prismatic-lenseternal-masters.js. Esperando 1s...
2026-08-15 14:50:55 | WARNING  | src.extractors.shopify | Rate limit (429) en https://www.oasisgames.cl/products/mtg-palladium-myrcommander-anthology-volume-ii.js. Esperando 1s...
2026-08-15 14:50:55 | WARNING  | src.extractors.shopify | Rate limit (429) en https://www.oasisgames.cl/products/ornithopter-of-paradise-modern-horizons-2.js. Esperando 1s...
2026-08-15 14:50:55 | INFO     | src.extractors.woocommerce | [cardnexus.cl] Buscando (80/126): 'Acorn Harvest'
2026-08-15 14:50:55 | WARNING  | src.extractors.shopify | Rate limit (429) en https://www.paytowin.cl/products/world-breaker-oath-of-the-gatewatch.js. Esperando 4s...
2026-08-15 14:50:56 | WARNING  | src.extractors.shopify | Rate limit (429) en https://www.oasisgames.cl/products/mtg-prismatic-lenseternal-masters.js. Esperando 2s...
2026-08-15 14:50:56 | WARNING  | src.extractors.shopify | Rate limit (429) en https://www.oasisgames.cl/products/mtg-palladium-myrcommander-anthology-volume-ii.js. Esperando 2s...
2026-08-15 14:50:56 | WARNING  | src.extractors.shopify | Rate limit (429) en https://www.oasisgames.cl/products/ornithopter-of-paradise-modern-horizons-2.js. Esperando 2s...
2026-08-15 14:50:56 | WARNING  | src.extractors.shopify | Rate limit (429) en https://www.paytowin.cl/products/plague-myr-phyrexia-all-will-be-one-commander.js. Esperando 1s...
2026-08-15 14:50:57 | WARNING  | src.extractors.shopify | Rate limit (429) en https://www.oasisgames.cl/products/mtg-sanctum-of-uginbattle-for-zendikar.js. Esperando 1s...
2026-08-15 14:50:57 | WARNING  | src.extractors.shopify | Rate limit (429) en https://www.paytowin.cl/products/planar-nexus-extended-art-modern-horizons-3-commander.js. Esperando 1s...
2026-08-15 14:50:57 | WARNING  | src.extractors.shopify | Rate limit (429) en https://www.paytowin.cl/products/palladium-myr-mystery-booster.js. Esperando 1s...
2026-08-15 14:50:57 | WARNING  | src.extractors.shopify | Rate limit (429) en https://www.paytowin.cl/products/ornithopter-of-paradise-retro-etched-foil-modern-horizons-2.js. Esperando 1s...
2026-08-15 14:50:57 | INFO     | src.extractors.woocommerce | [cardnexus.cl] Buscando (81/126): 'Avatar Sanctuary'
2026-08-15 14:50:57 | WARNING  | src.extractors.shopify | Rate limit (429) en https://www.paytowin.cl/products/plague-myr-phyrexia-all-will-be-one-commander.js. Esperando 2s...
2026-08-15 14:50:58 | INFO     | src.extractors.shopify | [paytowin.cl] Buscando (47/126): 'Portal to Phyrexia'
2026-08-15 14:50:58 | INFO     | src.extractors.shopify | [paytowin.cl] Buscando (48/126): 'Prismatic Lens'
2026-08-15 14:51:00 | WARNING  | src.extractors.shopify | Rate limit (429) en https://www.oasisgames.cl/products/mtg-sanctum-of-uginbattle-for-zendikar-promos.js. Esperando 1s...
2026-08-15 14:51:00 | WARNING  | src.extractors.shopify | Rate limit (429) en https://www.oasisgames.cl/products/prismatic-lens-commander-masters.js. Esperando 1s...
2026-08-15 14:51:00 | WARNING  | src.extractors.shopify | Rate limit (429) en https://www.paytowin.cl/products/plague-myr-phyrexia-all-will-be-one-commander.js. Esperando 4s...
2026-08-15 14:51:00 | WARNING  | src.extractors.shopify | Rate limit (429) en https://www.oasisgames.cl/products/palladium-myr-retro-frame-standard-showdown-promos.js. Esperando 1s...
2026-08-15 14:51:00 | WARNING  | src.extractors.shopify | Rate limit (429) en https://www.paytowin.cl/products/palladium-myr-iconic-masters.js. Esperando 1s...
2026-08-15 14:51:00 | WARNING  | src.extractors.shopify | Rate limit (429) en https://www.oasisgames.cl/products/ornithopter-of-paradise-timeshifted-modern-horizons-2.js. Esperando 1s...
2026-08-15 14:51:00 | WARNING  | src.extractors.shopify | Rate limit (429) en https://www.oasisgames.cl/products/planar-nexus-extended-art-ripple-foil-modern-horizons-3-commander.js. Esperando 1s...
2026-08-15 14:51:00 | INFO     | src.extractors.woocommerce | [cardnexus.cl] Buscando (82/126): 'Banner of Kinship'
2026-08-15 14:51:01 | INFO     | src.extractors.shopify | [oasisgames.cl] Buscando (50/126): 'Scavenger Grounds'
2026-08-15 14:51:01 | WARNING  | src.extractors.shopify | Rate limit (429) en https://www.oasisgames.cl/products/planar-nexus-extended-art-ripple-foil-modern-horizons-3-commander.js. Esperando 2s...
2026-08-15 14:51:01 | INFO     | src.extractors.shopify | [oasisgames.cl] Buscando (51/126): 'Shrine of the Forsaken Gods'
2026-08-15 14:51:02 | WARNING  | src.extractors.shopify | Rate limit (429) en https://www.paytowin.cl/products/portal-to-phyrexia-the-brothers-war.js. Esperando 1s...
2026-08-15 14:51:02 | WARNING  | src.extractors.shopify | Rate limit (429) en https://www.paytowin.cl/products/prismatic-lens-time-spiral-remastered.js. Esperando 1s...
2026-08-15 14:51:03 | WARNING  | src.extractors.shopify | Rate limit (429) en https://www.oasisgames.cl/products/mtg-prismatic-lenscommander-2018.js. Esperando 1s...
2026-08-15 14:51:03 | INFO     | src.extractors.woocommerce | [cardnexus.cl] Buscando (83/126): 'Beastmaster Ascension'
2026-08-15 14:51:03 | WARNING  | src.extractors.shopify | Rate limit (429) en https://www.oasisgames.cl/products/ornithopter-of-paradise-retro-etched-foil-modern-horizons-2.js. Esperando 1s...
2026-08-15 14:51:03 | WARNING  | src.extractors.shopify | Rate limit (429) en https://www.paytowin.cl/products/prismatic-lens-time-spiral-remastered.js. Esperando 2s...
2026-08-15 14:51:03 | WARNING  | src.extractors.shopify | Rate limit (429) en https://www.oasisgames.cl/products/planar-nexus-extended-art-ripple-foil-modern-horizons-3-commander.js. Esperando 4s...
2026-08-15 14:51:04 | WARNING  | src.extractors.shopify | Rate limit (429) en https://www.oasisgames.cl/products/mtg-prismatic-lenscommander-2018.js. Esperando 2s...
2026-08-15 14:51:04 | WARNING  | src.extractors.shopify | Rate limit (429) en https://www.oasisgames.cl/products/ornithopter-of-paradise-retro-etched-foil-modern-horizons-2.js. Esperando 2s...
2026-08-15 14:51:05 | WARNING  | src.extractors.shopify | Rate limit (429) en https://www.paytowin.cl/products/world-breaker-jumpstart-2022.js. Esperando 1s...
2026-08-15 14:51:05 | WARNING  | src.extractors.shopify | Rate limit (429) en https://www.paytowin.cl/products/portal-to-phyrexia-the-brothers-war-promo-pack.js. Esperando 1s...
2026-08-15 14:51:05 | WARNING  | src.extractors.shopify | Rate limit (429) en https://www.paytowin.cl/products/palladium-myr-commander-anthology-volume-ii.js. Esperando 1s...
2026-08-15 14:51:05 | WARNING  | src.extractors.shopify | Rate limit (429) en https://www.paytowin.cl/products/prismatic-lens-time-spiral-remastered.js. Esperando 4s...
2026-08-15 14:51:05 | WARNING  | src.extractors.shopify | Rate limit (429) en https://www.paytowin.cl/products/plague-myr-wizards-play-network-2011.js. Esperando 1s...
2026-08-15 14:51:05 | INFO     | src.extractors.woocommerce | [cardnexus.cl] Buscando (84/126): 'Champion of Lambholt'
2026-08-15 14:51:06 | WARNING  | src.extractors.shopify | Rate limit (429) en https://www.oasisgames.cl/products/mtg-prismatic-lenscommander-2018.js. Esperando 4s...
2026-08-15 14:51:06 | WARNING  | src.extractors.shopify | Rate limit (429) en https://www.oasisgames.cl/products/ornithopter-of-paradise-retro-etched-foil-modern-horizons-2.js. Esperando 4s...
2026-08-15 14:51:06 | WARNING  | src.extractors.shopify | Rate limit (429) en https://www.paytowin.cl/products/plague-myr-wizards-play-network-2011.js. Esperando 2s...
2026-08-15 14:51:07 | WARNING  | src.extractors.shopify | Rate limit (429) en https://www.oasisgames.cl/products/mtg-scavenger-groundshour-of-devastation-1.js. Esperando 1s...
2026-08-15 14:51:07 | INFO     | src.extractors.shopify | [oasisgames.cl] Buscando (52/126): 'Solar Transformer'
2026-08-15 14:51:08 | WARNING  | src.extractors.shopify | Rate limit (429) en https://www.paytowin.cl/products/crucible-of-worlds-borderless-fallout.js. Esperando 1s...
2026-08-15 14:51:08 | WARNING  | src.extractors.shopify | Rate limit (429) en https://www.paytowin.cl/products/palladium-myr-retro-frame-standard-showdown-promos.js. Esperando 1s...
2026-08-15 14:51:08 | WARNING  | src.extractors.shopify | Rate limit (429) en https://www.paytowin.cl/products/phyrexian-portal-alliances.js. Esperando 1s...
2026-08-15 14:51:08 | INFO     | src.extractors.woocommerce | [cardnexus.cl] Buscando (85/126): 'Chatter of the Squirrel'
2026-08-15 14:51:08 | WARNING  | src.extractors.shopify | Rate limit (429) en https://www.paytowin.cl/products/plague-myr-wizards-play-network-2011.js. Esperando 4s...
2026-08-15 14:51:08 | WARNING  | src.extractors.shopify | Rate limit (429) en https://www.oasisgames.cl/products/shrine-of-the-forsaken-gods-commander-masters.js. Esperando 1s...
2026-08-15 14:51:09 | INFO     | src.extractors.shopify | [paytowin.cl] Buscando (49/126): 'Sanctum of Ugin'
2026-08-15 14:51:09 | INFO     | src.extractors.shopify | [paytowin.cl] Buscando (50/126): 'Scavenger Grounds'
2026-08-15 14:51:10 | INFO     | src.extractors.shopify | [oasisgames.cl] Buscando (53/126): 'Solemn Simulacrum'
2026-08-15 14:51:11 | WARNING  | src.extractors.shopify | Rate limit (429) en https://www.paytowin.cl/products/portal-to-phyrexia-extended-art-the-brothers-war.js. Esperando 1s...
2026-08-15 14:51:11 | INFO     | src.extractors.woocommerce | [cardnexus.cl] Buscando (86/126): 'Chitterspitter'
2026-08-15 14:51:11 | WARNING  | src.extractors.shopify | Rate limit (429) en https://www.paytowin.cl/products/prismatic-lens-explorers-of-ixalan.js. Esperando 1s...
2026-08-15 14:51:11 | WARNING  | src.extractors.shopify | Rate limit (429) en https://www.oasisgames.cl/products/prismatic-lens-the-list-reprints.js. Esperando 1s...
2026-08-15 14:51:11 | WARNING  | src.extractors.shopify | Rate limit (429) en https://www.oasisgames.cl/products/scavenger-grounds-commander-masters.js. Esperando 1s...
2026-08-15 14:51:12 | WARNING  | src.extractors.shopify | Rate limit (429) en https://www.oasisgames.cl/products/mtg-shrine-of-the-forsaken-godsbattle-for-zendikar-promos.js. Esperando 1s...
2026-08-15 14:51:12 | INFO     | src.extractors.shopify | [paytowin.cl] Buscando (51/126): 'Shrine of the Forsaken Gods'
2026-08-15 14:51:12 | WARNING  | src.extractors.shopify | Rate limit (429) en https://www.paytowin.cl/products/sanctum-of-ugin-battle-for-zendikar.js. Esperando 1s...
2026-08-15 14:51:13 | WARNING  | src.extractors.shopify | Rate limit (429) en https://www.paytowin.cl/products/scavenger-grounds-hour-of-devastation.js. Esperando 1s...
2026-08-15 14:51:13 | INFO     | src.extractors.woocommerce | [cardnexus.cl] Buscando (87/126): 'Deep Forest Hermit'
2026-08-15 14:51:14 | WARNING  | src.extractors.shopify | Rate limit (429) en https://www.oasisgames.cl/products/mtg-solemn-simulacrummirrodin.js. Esperando 1s...
2026-08-15 14:51:14 | WARNING  | src.extractors.shopify | Rate limit (429) en https://www.oasisgames.cl/products/mtg-prismatic-lensexplorers-of-ixalan.js. Esperando 1s...
2026-08-15 14:51:14 | WARNING  | src.extractors.shopify | Rate limit (429) en https://www.oasisgames.cl/products/scavenger-grounds-commander-2021.js. Esperando 1s...
2026-08-15 14:51:14 | WARNING  | src.extractors.shopify | Rate limit (429) en https://www.oasisgames.cl/products/solar-transformer-ripple-foil-modern-horizons-3.js. Esperando 1s...
2026-08-15 14:51:15 | WARNING  | src.extractors.shopify | Rate limit (429) en https://www.oasisgames.cl/products/shrine-of-the-forsaken-gods-modern-horizons-3-commander.js. Esperando 1s...
2026-08-15 14:51:15 | WARNING  | src.extractors.shopify | Rate limit (429) en https://www.oasisgames.cl/products/mtg-solemn-simulacrummirrodin.js. Esperando 2s...
2026-08-15 14:51:15 | WARNING  | src.extractors.shopify | Rate limit (429) en https://www.oasisgames.cl/products/mtg-prismatic-lensexplorers-of-ixalan.js. Esperando 2s...
2026-08-15 14:51:15 | WARNING  | src.extractors.shopify | Rate limit (429) en https://www.paytowin.cl/products/sanctum-of-ugin-battle-for-zendikar-promos.js. Esperando 1s...
2026-08-15 14:51:15 | WARNING  | src.extractors.shopify | Rate limit (429) en https://www.oasisgames.cl/products/scavenger-grounds-commander-2021.js. Esperando 2s...
2026-08-15 14:51:16 | WARNING  | src.extractors.shopify | Rate limit (429) en https://www.paytowin.cl/products/portal-to-phyrexia-the-brothers-war-promo-pack-1.js. Esperando 1s...
2026-08-15 14:51:16 | WARNING  | src.extractors.shopify | Rate limit (429) en https://www.paytowin.cl/products/scavenger-grounds-commander-2020.js. Esperando 1s...
2026-08-15 14:51:16 | WARNING  | src.extractors.shopify | Rate limit (429) en https://www.paytowin.cl/products/prismatic-lens-ultimate-masters.js. Esperando 1s...
2026-08-15 14:51:16 | INFO     | src.extractors.shopify | [oasisgames.cl] Buscando (54/126): 'Spawnbed Protector'
2026-08-15 14:51:16 | INFO     | src.extractors.woocommerce | [cardnexus.cl] Buscando (88/126): 'Druid's Call'
2026-08-15 14:51:16 | WARNING  | src.extractors.shopify | Rate limit (429) en https://www.paytowin.cl/products/shrine-of-the-forsaken-gods-battle-for-zendikar.js. Esperando 1s...
2026-08-15 14:51:17 | WARNING  | src.extractors.shopify | Rate limit (429) en https://www.paytowin.cl/products/sanctum-of-ugin-battle-for-zendikar-promos.js. Esperando 2s...
2026-08-15 14:51:17 | WARNING  | src.extractors.shopify | Rate limit (429) en https://www.paytowin.cl/products/portal-to-phyrexia-the-brothers-war-promo-pack-1.js. Esperando 2s...
2026-08-15 14:51:17 | WARNING  | src.extractors.shopify | Rate limit (429) en https://www.oasisgames.cl/products/mtg-solemn-simulacrummirrodin.js. Esperando 4s...
2026-08-15 14:51:17 | WARNING  | src.extractors.shopify | Rate limit (429) en https://www.paytowin.cl/products/scavenger-grounds-commander-2020.js. Esperando 2s...
2026-08-15 14:51:17 | WARNING  | src.extractors.shopify | Rate limit (429) en https://www.paytowin.cl/products/prismatic-lens-ultimate-masters.js. Esperando 2s...
2026-08-15 14:51:17 | WARNING  | src.extractors.shopify | Rate limit (429) en https://www.paytowin.cl/products/shrine-of-the-forsaken-gods-battle-for-zendikar.js. Esperando 2s...
2026-08-15 14:51:17 | WARNING  | src.extractors.shopify | Rate limit (429) en https://www.oasisgames.cl/products/mtg-prismatic-lensexplorers-of-ixalan.js. Esperando 4s...
2026-08-15 14:51:19 | INFO     | src.extractors.woocommerce | [cardnexus.cl] Buscando (89/126): 'Emerald Medallion'
2026-08-15 14:51:19 | INFO     | src.extractors.shopify | [paytowin.cl] Buscando (52/126): 'Solar Transformer'
2026-08-15 14:51:19 | WARNING  | src.extractors.shopify | Rate limit (429) en https://www.paytowin.cl/products/shrine-of-the-forsaken-gods-battle-for-zendikar.js. Esperando 4s...
2026-08-15 14:51:19 | WARNING  | src.extractors.shopify | Rate limit (429) en https://www.oasisgames.cl/products/spawnbed-protector-modern-horizons-3-commander.js. Esperando 1s...
2026-08-15 14:51:19 | WARNING  | src.extractors.shopify | Rate limit (429) en https://www.oasisgames.cl/products/mtg-scavenger-grounds-commander-2020.js. Esperando 1s...
2026-08-15 14:51:20 | WARNING  | src.extractors.shopify | Rate limit (429) en https://www.oasisgames.cl/products/shrine-of-the-forsaken-gods-ripple-foil-modern-horizons-3-commander.js. Esperando 1s...
2026-08-15 14:51:21 | WARNING  | src.extractors.shopify | Rate limit (429) en https://www.paytowin.cl/products/sanctum-of-ugin-espanol-battle-for-zendikar.js. Esperando 1s...
2026-08-15 14:51:21 | WARNING  | src.extractors.shopify | Rate limit (429) en https://www.paytowin.cl/products/scavenger-grounds-final-fantasy-commander.js. Esperando 1s...
2026-08-15 14:51:21 | WARNING  | src.extractors.shopify | Rate limit (429) en https://www.paytowin.cl/products/prismatic-lens-eternal-masters.js. Esperando 1s...
2026-08-15 14:51:21 | INFO     | src.extractors.shopify | [oasisgames.cl] Buscando (55/126): 'Stonespeaker Crystal'
2026-08-15 14:51:22 | INFO     | src.extractors.woocommerce | [cardnexus.cl] Buscando (90/126): 'Enduring Vitality'
2026-08-15 14:51:22 | INFO     | src.extractors.shopify | [paytowin.cl] Buscando (53/126): 'Solemn Simulacrum'
2026-08-15 14:51:22 | WARNING  | src.extractors.shopify | Rate limit (429) en https://www.paytowin.cl/products/prismatic-lens-eternal-masters.js. Esperando 2s...
2026-08-15 14:51:22 | WARNING  | src.extractors.shopify | Rate limit (429) en https://www.oasisgames.cl/products/solemn-simulacrum-borderless-secret-lair-drop-series.js. Esperando 1s...
2026-08-15 14:51:22 | WARNING  | src.extractors.shopify | Rate limit (429) en https://www.oasisgames.cl/products/spawnbed-protector-ripple-foil-modern-horizons-3-commander.js. Esperando 1s...
2026-08-15 14:51:22 | WARNING  | src.extractors.shopify | Rate limit (429) en https://www.oasisgames.cl/products/scavenger-grounds-final-fantasy-commander.js. Esperando 1s...
2026-08-15 14:51:23 | WARNING  | src.extractors.shopify | Rate limit (429) en https://www.paytowin.cl/products/solar-transformer-aetherdrift-commander.js. Esperando 1s...
2026-08-15 14:51:23 | WARNING  | src.extractors.shopify | Rate limit (429) en https://www.oasisgames.cl/products/solemn-simulacrum-borderless-secret-lair-drop-series.js. Esperando 2s...
2026-08-15 14:51:23 | WARNING  | src.extractors.shopify | Rate limit (429) en https://www.oasisgames.cl/products/spawnbed-protector-ripple-foil-modern-horizons-3-commander.js. Esperando 2s...
2026-08-15 14:51:24 | WARNING  | src.extractors.shopify | Rate limit (429) en https://www.paytowin.cl/products/prismatic-lens-eternal-masters.js. Esperando 4s...
2026-08-15 14:51:24 | INFO     | src.extractors.woocommerce | [cardnexus.cl] Buscando (91/126): 'Essence Warden'
2026-08-15 14:51:25 | WARNING  | src.extractors.shopify | Rate limit (429) en https://www.oasisgames.cl/products/stonespeaker-crystal-showcase-commander-legends-battle-for-baldurs-gate.js. Esperando 1s...
2026-08-15 14:51:25 | WARNING  | src.extractors.shopify | Rate limit (429) en https://www.oasisgames.cl/products/solemn-simulacrum-borderless-secret-lair-drop-series.js. Esperando 4s...
2026-08-15 14:51:26 | WARNING  | src.extractors.shopify | Rate limit (429) en https://www.oasisgames.cl/products/scavenger-grounds-extended-art-fallout.js. Esperando 1s...
2026-08-15 14:51:26 | WARNING  | src.extractors.shopify | Rate limit (429) en https://www.paytowin.cl/products/solemn-simulacrum-alternate-art-core-set-2021.js. Esperando 1s...
2026-08-15 14:51:26 | WARNING  | src.extractors.shopify | Rate limit (429) en https://www.paytowin.cl/products/solar-transformer-modern-horizons-3.js. Esperando 1s...
2026-08-15 14:51:26 | WARNING  | src.extractors.shopify | Rate limit (429) en https://www.paytowin.cl/products/scavenger-grounds-0082-borderless-edge-of-eternities-stellar-sights.js. Esperando 1s...
2026-08-15 14:51:26 | INFO     | src.extractors.shopify | [oasisgames.cl] Buscando (56/126): 'Summon: Bahamut'
2026-08-15 14:51:27 | WARNING  | src.extractors.shopify | Rate limit (429) en https://www.oasisgames.cl/products/scavenger-grounds-extended-art-fallout.js. Esperando 2s...
2026-08-15 14:51:27 | WARNING  | src.extractors.shopify | Rate limit (429) en https://www.oasisgames.cl/products/prismatic-lens-outlaws-of-thunder-junction-commander.js. Esperando 1s...
2026-08-15 14:51:27 | INFO     | src.extractors.woocommerce | [cardnexus.cl] Buscando (92/126): 'Firdoch Core'
2026-08-15 14:51:28 | WARNING  | src.extractors.shopify | Rate limit (429) en https://www.oasisgames.cl/products/prismatic-lens-outlaws-of-thunder-junction-commander.js. Esperando 2s...
2026-08-15 14:51:29 | WARNING  | src.extractors.shopify | Rate limit (429) en https://www.paytowin.cl/products/solemn-simulacrum-mirrodin.js. Esperando 1s...
2026-08-15 14:51:29 | WARNING  | src.extractors.shopify | Rate limit (429) en https://www.paytowin.cl/products/shrine-of-the-forsaken-gods-commander-2019.js. Esperando 1s...
2026-08-15 14:51:29 | WARNING  | src.extractors.shopify | Rate limit (429) en https://www.paytowin.cl/products/solar-transformer-ripple-foil-modern-horizons-3.js. Esperando 1s...
2026-08-15 14:51:29 | WARNING  | src.extractors.shopify | Rate limit (429) en https://www.paytowin.cl/products/scavenger-grounds-0037-borderless-edge-of-eternities-stellar-sights.js. Esperando 1s...
2026-08-15 14:51:29 | WARNING  | src.extractors.shopify | Rate limit (429) en https://www.oasisgames.cl/products/summon-bahamut-final-fantasy.js. Esperando 1s...
2026-08-15 14:51:29 | WARNING  | src.extractors.shopify | Rate limit (429) en https://www.oasisgames.cl/products/stonespeaker-crystal-art-card-commander-legends-battle-for-baldurs-gate-art-series.js. Esperando 1s...
2026-08-15 14:51:30 | INFO     | src.extractors.woocommerce | [cardnexus.cl] Buscando (93/126): 'Fog'
2026-08-15 14:51:30 | WARNING  | src.extractors.shopify | Rate limit (429) en https://www.paytowin.cl/products/solemn-simulacrum-mirrodin.js. Esperando 2s...
2026-08-15 14:51:30 | WARNING  | src.extractors.shopify | Rate limit (429) en https://www.paytowin.cl/products/prismatic-lens-time-spiral.js. Esperando 1s...
2026-08-15 14:51:30 | WARNING  | src.extractors.shopify | Rate limit (429) en https://www.paytowin.cl/products/shrine-of-the-forsaken-gods-commander-2019.js. Esperando 2s...
2026-08-15 14:51:30 | WARNING  | src.extractors.shopify | Rate limit (429) en https://www.paytowin.cl/products/solar-transformer-ripple-foil-modern-horizons-3.js. Esperando 2s...
2026-08-15 14:51:30 | WARNING  | src.extractors.shopify | Rate limit (429) en https://www.paytowin.cl/products/scavenger-grounds-0037-borderless-edge-of-eternities-stellar-sights.js. Esperando 2s...
2026-08-15 14:51:30 | INFO     | src.extractors.shopify | [oasisgames.cl] Buscando (57/126): 'The Irencrag'
2026-08-15 14:51:31 | WARNING  | src.extractors.shopify | Rate limit (429) en https://www.oasisgames.cl/products/summon-bahamut-final-fantasy.js. Esperando 2s...
2026-08-15 14:51:31 | WARNING  | src.extractors.shopify | Rate limit (429) en https://www.oasisgames.cl/products/solemn-simulacrum-commander-masters.js. Esperando 1s...
2026-08-15 14:51:32 | WARNING  | src.extractors.shopify | Rate limit (429) en https://www.oasisgames.cl/products/solemn-simulacrum-commander-masters.js. Esperando 2s...
2026-08-15 14:51:32 | INFO     | src.extractors.woocommerce | [cardnexus.cl] Buscando (94/126): 'Frog-Squirrels'
2026-08-15 14:51:32 | INFO     | src.extractors.shopify | [paytowin.cl] Buscando (54/126): 'Spawnbed Protector'
2026-08-15 14:51:32 | WARNING  | src.extractors.shopify | Rate limit (429) en https://www.oasisgames.cl/products/mtg-scavenger-groundshour-of-devastation-promos.js. Esperando 1s...
2026-08-15 14:51:33 | WARNING  | src.extractors.shopify | Rate limit (429) en https://www.paytowin.cl/products/prismatic-lens-commander-masters.js. Esperando 1s...
2026-08-15 14:51:33 | INFO     | src.extractors.shopify | [oasisgames.cl] Buscando (58/126): 'Tomb of the Spirit Dragon'
2026-08-15 14:51:34 | WARNING  | src.extractors.shopify | Rate limit (429) en https://www.oasisgames.cl/products/mtg-scavenger-groundshour-of-devastation-promos.js. Esperando 2s...
2026-08-15 14:51:34 | WARNING  | src.extractors.shopify | Rate limit (429) en https://www.paytowin.cl/products/solemn-simulacrum-foundations.js. Esperando 1s...
2026-08-15 14:51:34 | WARNING  | src.extractors.shopify | Rate limit (429) en https://www.paytowin.cl/products/shrine-of-the-forsaken-gods-modern-horizons-3-commander.js. Esperando 1s...
2026-08-15 14:51:34 | WARNING  | src.extractors.shopify | Rate limit (429) en https://www.paytowin.cl/products/prismatic-lens-commander-masters.js. Esperando 2s...
2026-08-15 14:51:34 | WARNING  | src.extractors.shopify | Rate limit (429) en https://www.oasisgames.cl/products/the-irencrag-wilds-of-eldraine.js. Esperando 1s...
2026-08-15 14:51:34 | WARNING  | src.extractors.shopify | Rate limit (429) en https://www.paytowin.cl/products/scavenger-grounds-fallout.js. Esperando 1s...
2026-08-15 14:51:34 | WARNING  | src.extractors.shopify | Rate limit (429) en https://www.oasisgames.cl/products/solemn-simulacrum-commander-masters.js. Esperando 4s...
2026-08-15 14:51:35 | WARNING  | src.extractors.shopify | Rate limit (429) en https://www.paytowin.cl/products/solemn-simulacrum-foundations.js. Esperando 2s...
2026-08-15 14:51:35 | INFO     | src.extractors.woocommerce | [cardnexus.cl] Buscando (95/126): 'Go Nuts!'
2026-08-15 14:51:35 | WARNING  | src.extractors.shopify | Rate limit (429) en https://www.oasisgames.cl/products/the-irencrag-wilds-of-eldraine.js. Esperando 2s...
2026-08-15 14:51:35 | WARNING  | src.extractors.shopify | Rate limit (429) en https://www.paytowin.cl/products/shrine-of-the-forsaken-gods-modern-horizons-3-commander.js. Esperando 2s...
2026-08-15 14:51:35 | WARNING  | src.extractors.shopify | Rate limit (429) en https://www.paytowin.cl/products/scavenger-grounds-fallout.js. Esperando 2s...
2026-08-15 14:51:36 | INFO     | src.extractors.shopify | [oasisgames.cl] Buscando (59/126): 'Ugin, Eye of the Storms'
2026-08-15 14:51:36 | WARNING  | src.extractors.shopify | Rate limit (429) en https://www.oasisgames.cl/products/summon-bahamut-final-fantasy-prerelease-promo.js. Esperando 1s...
2026-08-15 14:51:37 | WARNING  | src.extractors.shopify | Rate limit (429) en https://www.oasisgames.cl/products/mtg-tomb-of-the-spirit-dragonkhans-of-tarkir.js. Esperando 1s...
2026-08-15 14:51:37 | WARNING  | src.extractors.shopify | Rate limit (429) en https://www.paytowin.cl/products/solemn-simulacrum-foundations.js. Esperando 4s...
2026-08-15 14:51:37 | WARNING  | src.extractors.shopify | Rate limit (429) en https://www.paytowin.cl/products/shrine-of-the-forsaken-gods-modern-horizons-3-commander.js. Esperando 4s...
2026-08-15 14:51:37 | WARNING  | src.extractors.shopify | Rate limit (429) en https://www.paytowin.cl/products/scavenger-grounds-fallout.js. Esperando 4s...
2026-08-15 14:51:37 | INFO     | src.extractors.woocommerce | [cardnexus.cl] Buscando (96/126): 'Growing Rites of Itlimoc / Itlimoc, Cradle of the Sun'
2026-08-15 14:51:37 | WARNING  | src.extractors.shopify | Rate limit (429) en https://www.oasisgames.cl/products/summon-bahamut-final-fantasy-prerelease-promo.js. Esperando 2s...
2026-08-15 14:51:38 | INFO     | src.extractors.shopify | [paytowin.cl] Buscando (55/126): 'Stonespeaker Crystal'
2026-08-15 14:51:40 | WARNING  | src.extractors.shopify | Rate limit (429) en https://www.oasisgames.cl/products/ugin-eye-of-the-storms-tarkir-dragonstorm.js. Esperando 1s...
2026-08-15 14:51:40 | WARNING  | src.extractors.shopify | Rate limit (429) en https://www.oasisgames.cl/products/summon-bahamut-final-fantasy-prerelease-promo.js. Esperando 4s...
2026-08-15 14:51:40 | WARNING  | src.extractors.shopify | Rate limit (429) en https://www.oasisgames.cl/products/solemn-simulacrum-fallout.js. Esperando 1s...
2026-08-15 14:51:40 | INFO     | src.extractors.woocommerce | [cardnexus.cl] Buscando (97/126): 'Guardian Project'
2026-08-15 14:51:40 | INFO     | src.extractors.shopify | [paytowin.cl] Buscando (56/126): 'Summon: Bahamut'
2026-08-15 14:51:41 | WARNING  | src.extractors.shopify | Rate limit (429) en https://www.oasisgames.cl/products/mtg-irencrag-pyromancerthrone-of-eldraine.js. Esperando 1s...
2026-08-15 14:51:41 | WARNING  | src.extractors.shopify | Rate limit (429) en https://www.oasisgames.cl/products/solemn-simulacrum-fallout.js. Esperando 2s...
2026-08-15 14:51:42 | WARNING  | src.extractors.shopify | Rate limit (429) en https://www.oasisgames.cl/products/mtg-irencrag-pyromancerthrone-of-eldraine.js. Esperando 2s...
2026-08-15 14:51:43 | WARNING  | src.extractors.shopify | Rate limit (429) en https://www.oasisgames.cl/products/ugin-eye-of-the-storms-tarkir-dragonstorm-promos.js. Esperando 1s...
2026-08-15 14:51:43 | INFO     | src.extractors.woocommerce | [cardnexus.cl] Buscando (98/126): 'Honored Dreyleader'
2026-08-15 14:51:43 | WARNING  | src.extractors.shopify | Rate limit (429) en https://www.paytowin.cl/products/scavenger-grounds-commander-2021.js. Esperando 1s...
2026-08-15 14:51:44 | WARNING  | src.extractors.shopify | Rate limit (429) en https://www.paytowin.cl/products/stonespeaker-crystal-showcase-commander-legends-battle-for-baldurs-gate.js. Esperando 1s...
2026-08-15 14:51:44 | INFO     | src.extractors.shopify | [oasisgames.cl] Buscando (60/126): 'Ugin, the Spirit Dragon'
2026-08-15 14:51:44 | WARNING  | src.extractors.shopify | Rate limit (429) en https://www.oasisgames.cl/products/mtg-irencrag-pyromancerthrone-of-eldraine.js. Esperando 4s...
2026-08-15 14:51:44 | WARNING  | src.extractors.shopify | Rate limit (429) en https://www.paytowin.cl/products/solemn-simulacrum-magic-2012.js. Esperando 1s...
2026-08-15 14:51:45 | WARNING  | src.extractors.shopify | Rate limit (429) en https://www.paytowin.cl/products/shrine-of-the-forsaken-gods-ripple-foil-modern-horizons-3-commander.js. Esperando 1s...
2026-08-15 14:51:45 | WARNING  | src.extractors.shopify | Rate limit (429) en https://www.paytowin.cl/products/stonespeaker-crystal-showcase-commander-legends-battle-for-baldurs-gate.js. Esperando 2s...
2026-08-15 14:51:45 | WARNING  | src.extractors.shopify | Rate limit (429) en https://www.oasisgames.cl/products/solemn-simulacrum-foundations.js. Esperando 1s...
2026-08-15 14:51:45 | WARNING  | src.extractors.shopify | Rate limit (429) en https://www.oasisgames.cl/products/summon-bahamut-art-card-final-fantasy-art-series.js. Esperando 1s...
2026-08-15 14:51:45 | INFO     | src.extractors.woocommerce | [cardnexus.cl] Buscando (99/126): 'Idol of Oblivion'
2026-08-15 14:51:45 | WARNING  | src.extractors.shopify | Rate limit (429) en https://www.paytowin.cl/products/solemn-simulacrum-magic-2012.js. Esperando 2s...
2026-08-15 14:51:46 | WARNING  | src.extractors.shopify | Rate limit (429) en https://www.oasisgames.cl/products/ugin-eye-of-the-storms-showcase-tarkir-dragonstorm.js. Esperando 1s...
2026-08-15 14:51:46 | INFO     | src.extractors.shopify | [paytowin.cl] Buscando (57/126): 'The Irencrag'
2026-08-15 14:51:46 | WARNING  | src.extractors.shopify | Rate limit (429) en https://www.paytowin.cl/products/scavenger-grounds-commander-masters.js. Esperando 1s...
2026-08-15 14:51:47 | WARNING  | src.extractors.shopify | Rate limit (429) en https://www.paytowin.cl/products/stonespeaker-crystal-showcase-commander-legends-battle-for-baldurs-gate.js. Esperando 4s...
2026-08-15 14:51:47 | WARNING  | src.extractors.shopify | Rate limit (429) en https://www.paytowin.cl/products/scavenger-grounds-commander-masters.js. Esperando 2s...
2026-08-15 14:51:47 | WARNING  | src.extractors.shopify | Rate limit (429) en https://www.oasisgames.cl/products/mtg-ugin-the-spirit-dragonfate-reforged.js. Esperando 1s...
2026-08-15 14:51:48 | WARNING  | src.extractors.shopify | Rate limit (429) en https://www.paytowin.cl/products/solemn-simulacrum-magic-2012.js. Esperando 4s...
2026-08-15 14:51:48 | WARNING  | src.extractors.shopify | Rate limit (429) en https://www.oasisgames.cl/products/solemn-simulacrum-aetherdrift-commander.js. Esperando 1s...
2026-08-15 14:51:48 | INFO     | src.extractors.woocommerce | [cardnexus.cl] Buscando (100/126): 'Jaheira, Friend of the Forest'
2026-08-15 14:51:48 | WARNING  | src.extractors.shopify | Rate limit (429) en https://www.oasisgames.cl/products/summon-bahamut-art-card-gold-stamped-signature-final-fantasy-art-series.js. Esperando 1s...
2026-08-15 14:51:49 | WARNING  | src.extractors.shopify | Rate limit (429) en https://www.oasisgames.cl/products/ugin-eye-of-the-storms-borderless-tarkir-dragonstorm.js. Esperando 1s...
2026-08-15 14:51:49 | WARNING  | src.extractors.shopify | Rate limit (429) en https://www.oasisgames.cl/products/mtg-ugin-the-spirit-dragonfate-reforged.js. Esperando 2s...
2026-08-15 14:51:49 | WARNING  | src.extractors.shopify | Rate limit (429) en https://www.oasisgames.cl/products/summon-bahamut-art-card-gold-stamped-signature-final-fantasy-art-series.js. Esperando 2s...
2026-08-15 14:51:51 | WARNING  | src.extractors.shopify | Rate limit (429) en https://www.oasisgames.cl/products/mtg-ugin-the-spirit-dragonfate-reforged.js. Esperando 4s...
2026-08-15 14:51:51 | INFO     | src.extractors.woocommerce | [cardnexus.cl] Buscando (101/126): 'Mana Reflection'
2026-08-15 14:51:51 | WARNING  | src.extractors.shopify | Rate limit (429) en https://www.oasisgames.cl/products/solemn-simulacrum-bloomburrow-commander.js. Esperando 1s...
2026-08-15 14:51:51 | WARNING  | src.extractors.shopify | Rate limit (429) en https://www.paytowin.cl/products/scavenger-grounds-extended-art-fallout.js. Esperando 1s...
2026-08-15 14:51:51 | WARNING  | src.extractors.shopify | Rate limit (429) en https://www.paytowin.cl/products/irencrag-pyromancer-throne-of-eldraine.js. Esperando 1s...
2026-08-15 14:51:52 | WARNING  | src.extractors.shopify | Rate limit (429) en https://www.oasisgames.cl/products/ugin-eye-of-the-storms-tarkir-dragonstorm-prerelease-cards.js. Esperando 1s...
2026-08-15 14:51:52 | WARNING  | src.extractors.shopify | Rate limit (429) en https://www.paytowin.cl/products/summon-bahamut-art-card-gold-stamped-signature-final-fantasy-art-series.js. Esperando 1s...
2026-08-15 14:51:52 | INFO     | src.extractors.shopify | [oasisgames.cl] Buscando (61/126): 'Ugin's Labyrinth'
2026-08-15 14:51:52 | WARNING  | src.extractors.shopify | Rate limit (429) en https://www.oasisgames.cl/products/solemn-simulacrum-bloomburrow-commander.js. Esperando 2s...
2026-08-15 14:51:52 | INFO     | src.extractors.shopify | [paytowin.cl] Buscando (58/126): 'Tomb of the Spirit Dragon'
2026-08-15 14:51:53 | WARNING  | src.extractors.shopify | Rate limit (429) en https://www.oasisgames.cl/products/ugin-eye-of-the-storms-tarkir-dragonstorm-prerelease-cards.js. Esperando 2s...
2026-08-15 14:51:53 | WARNING  | src.extractors.shopify | Rate limit (429) en https://www.paytowin.cl/products/summon-bahamut-art-card-gold-stamped-signature-final-fantasy-art-series.js. Esperando 2s...
2026-08-15 14:51:53 | WARNING  | src.extractors.shopify | Rate limit (429) en https://www.paytowin.cl/products/solemn-simulacrum-starter-commander-decks.js. Esperando 1s...
2026-08-15 14:51:53 | INFO     | src.extractors.woocommerce | [cardnexus.cl] Buscando (102/126): 'Nature's Lore'
2026-08-15 14:51:54 | WARNING  | src.extractors.shopify | Rate limit (429) en https://www.oasisgames.cl/products/solemn-simulacrum-bloomburrow-commander.js. Esperando 4s...
2026-08-15 14:51:54 | WARNING  | src.extractors.shopify | Rate limit (429) en https://www.paytowin.cl/products/stonespeaker-crystal-art-card-gold-stamped-signature-commander-legends-battle-for-baldurs-gate-art-series.js. Esperando 1s...
2026-08-15 14:51:54 | WARNING  | src.extractors.shopify | Rate limit (429) en https://www.paytowin.cl/products/solemn-simulacrum-starter-commander-decks.js. Esperando 2s...
2026-08-15 14:51:55 | WARNING  | src.extractors.shopify | Rate limit (429) en https://www.paytowin.cl/products/the-irencrag-extended-art-wilds-of-eldraine.js. Esperando 1s...
2026-08-15 14:51:55 | INFO     | src.extractors.shopify | [paytowin.cl] Buscando (59/126): 'Ugin, Eye of the Storms'
2026-08-15 14:51:55 | WARNING  | src.extractors.shopify | Rate limit (429) en https://www.paytowin.cl/products/stonespeaker-crystal-art-card-gold-stamped-signature-commander-legends-battle-for-baldurs-gate-art-series.js. Esperando 2s...
2026-08-15 14:51:55 | WARNING  | src.extractors.shopify | Rate limit (429) en https://www.oasisgames.cl/products/irencrag-pyromancer-jumpstart-2022.js. Esperando 1s...
2026-08-15 14:51:56 | WARNING  | src.extractors.shopify | Rate limit (429) en https://www.oasisgames.cl/products/ugins-labyrinth-borderless-modern-horizons-3.js. Esperando 1s...
2026-08-15 14:51:56 | WARNING  | src.extractors.shopify | Rate limit (429) en https://www.paytowin.cl/products/tomb-of-the-spirit-dragon-khans-of-tarkir.js. Esperando 1s...
2026-08-15 14:51:56 | WARNING  | src.extractors.shopify | Rate limit (429) en https://www.paytowin.cl/products/solemn-simulacrum-starter-commander-decks.js. Esperando 4s...
2026-08-15 14:51:56 | INFO     | src.extractors.woocommerce | [cardnexus.cl] Buscando (103/126): 'Noxious Newt'
2026-08-15 14:51:58 | INFO     | src.extractors.shopify | [paytowin.cl] Buscando (60/126): 'Ugin, the Spirit Dragon'
2026-08-15 14:51:58 | WARNING  | src.extractors.shopify | Rate limit (429) en https://www.oasisgames.cl/products/ugin-the-spirit-dragon-promo-pack-core-set-2021.js. Esperando 1s...
2026-08-15 14:51:58 | WARNING  | src.extractors.shopify | Rate limit (429) en https://www.oasisgames.cl/products/ugin-eye-of-the-storms-art-card-47-54-tarkir-dragonstorm-art-series.js. Esperando 1s...
2026-08-15 14:51:58 | WARNING  | src.extractors.shopify | Rate limit (429) en https://www.oasisgames.cl/products/mtg-irencrag-feat-extended-artthrone-of-eldraine.js. Esperando 1s...
2026-08-15 14:51:59 | WARNING  | src.extractors.shopify | Rate limit (429) en https://www.oasisgames.cl/products/ugins-labyrinth-modern-horizons-3.js. Esperando 1s...
2026-08-15 14:51:59 | WARNING  | src.extractors.shopify | Rate limit (429) en https://www.paytowin.cl/products/ugin-eye-of-the-storms-borderless-tarkir-dragonstorm.js. Esperando 1s...
2026-08-15 14:51:59 | WARNING  | src.extractors.shopify | Rate limit (429) en https://www.paytowin.cl/products/tomb-of-the-spirit-dragon-commander-masters.js. Esperando 1s...
2026-08-15 14:51:59 | INFO     | src.extractors.woocommerce | [cardnexus.cl] Buscando (104/126): 'Ohran Frostfang'
2026-08-15 14:51:59 | WARNING  | src.extractors.shopify | Rate limit (429) en https://www.oasisgames.cl/products/ugin-the-spirit-dragon-promo-pack-core-set-2021.js. Esperando 2s...
2026-08-15 14:52:00 | WARNING  | src.extractors.shopify | Rate limit (429) en https://www.paytowin.cl/products/tomb-of-the-spirit-dragon-commander-masters.js. Esperando 2s...
2026-08-15 14:52:01 | WARNING  | src.extractors.shopify | Rate limit (429) en https://www.paytowin.cl/products/ugin-the-spirit-dragon-ugins-fate.js. Esperando 1s...
2026-08-15 14:52:01 | WARNING  | src.extractors.shopify | Rate limit (429) en https://www.oasisgames.cl/products/ugin-the-spirit-dragon-promo-pack-core-set-2021.js. Esperando 4s...
2026-08-15 14:52:01 | WARNING  | src.extractors.shopify | Rate limit (429) en https://www.oasisgames.cl/products/ugin-eye-of-the-storms-art-card-1-54-tarkir-dragonstorm-art-series.js. Esperando 1s...
2026-08-15 14:52:02 | WARNING  | src.extractors.shopify | Rate limit (429) en https://www.paytowin.cl/products/the-irencrag-promo-pack-wilds-of-eldraine-promos.js. Esperando 1s...
2026-08-15 14:52:02 | WARNING  | src.extractors.shopify | Rate limit (429) en https://www.oasisgames.cl/products/mtg-irencrag-pyromancer-extended-artthrone-of-eldraine.js. Esperando 1s...
2026-08-15 14:52:02 | WARNING  | src.extractors.shopify | Rate limit (429) en https://www.oasisgames.cl/products/ugins-labyrinth-modern-horizons-3-prerelese-promos.js. Esperando 1s...
2026-08-15 14:52:02 | WARNING  | src.extractors.shopify | Rate limit (429) en https://www.oasisgames.cl/products/mtg-solemn-simulacrumcommander-2016.js. Esperando 1s...
2026-08-15 14:52:02 | INFO     | src.extractors.woocommerce | [cardnexus.cl] Buscando (105/126): 'Patchwork Banner'
2026-08-15 14:52:02 | WARNING  | src.extractors.shopify | Rate limit (429) en https://www.paytowin.cl/products/tomb-of-the-spirit-dragon-commander-masters.js. Esperando 4s...
2026-08-15 14:52:02 | WARNING  | src.extractors.shopify | Rate limit (429) en https://www.paytowin.cl/products/ugin-the-spirit-dragon-ugins-fate.js. Esperando 2s...
2026-08-15 14:52:03 | WARNING  | src.extractors.shopify | Rate limit (429) en https://www.oasisgames.cl/products/ugin-eye-of-the-storms-art-card-1-54-tarkir-dragonstorm-art-series.js. Esperando 2s...
2026-08-15 14:52:03 | WARNING  | src.extractors.shopify | Rate limit (429) en https://www.oasisgames.cl/products/mtg-irencrag-pyromancer-extended-artthrone-of-eldraine.js. Esperando 2s...
2026-08-15 14:52:03 | WARNING  | src.extractors.shopify | Rate limit (429) en https://www.paytowin.cl/products/the-irencrag-promo-pack-wilds-of-eldraine-promos.js. Esperando 2s...
2026-08-15 14:52:03 | WARNING  | src.extractors.shopify | Rate limit (429) en https://www.oasisgames.cl/products/ugins-labyrinth-modern-horizons-3-prerelese-promos.js. Esperando 2s...
2026-08-15 14:52:03 | WARNING  | src.extractors.shopify | Rate limit (429) en https://www.oasisgames.cl/products/mtg-solemn-simulacrumcommander-2016.js. Esperando 2s...
2026-08-15 14:52:04 | WARNING  | src.extractors.shopify | Rate limit (429) en https://www.paytowin.cl/products/ugin-the-spirit-dragon-ugins-fate.js. Esperando 4s...
2026-08-15 14:52:05 | INFO     | src.extractors.woocommerce | [cardnexus.cl] Buscando (106/126): 'Primal Rage'
2026-08-15 14:52:05 | WARNING  | src.extractors.shopify | Rate limit (429) en https://www.paytowin.cl/products/the-irencrag-promo-pack-wilds-of-eldraine-promos.js. Esperando 4s...
2026-08-15 14:52:07 | WARNING  | src.extractors.shopify | Rate limit (429) en https://www.oasisgames.cl/products/ugin-eye-of-the-storms-art-card-48-54-tarkir-dragonstorm-art-series.js. Esperando 1s...
2026-08-15 14:52:07 | WARNING  | src.extractors.shopify | Rate limit (429) en https://www.oasisgames.cl/products/the-irencrag-art-card-wilds-of-eldraine-art-series.js. Esperando 1s...
2026-08-15 14:52:07 | WARNING  | src.extractors.shopify | Rate limit (429) en https://www.oasisgames.cl/products/ugins-labyrinth-edge-of-eternities-promo-pack.js. Esperando 1s...
2026-08-15 14:52:07 | WARNING  | src.extractors.shopify | Rate limit (429) en https://www.oasisgames.cl/products/mtg-solemn-simulacrumcommander-2011.js. Esperando 1s...
2026-08-15 14:52:07 | WARNING  | src.extractors.shopify | Rate limit (429) en https://www.oasisgames.cl/products/mtg-ugin-the-spirit-dragonugins-fate.js. Esperando 1s...
2026-08-15 14:52:07 | INFO     | src.extractors.woocommerce | [cardnexus.cl] Buscando (107/126): 'Quest for Renewal'
2026-08-15 14:52:08 | WARNING  | src.extractors.shopify | Rate limit (429) en https://www.oasisgames.cl/products/mtg-solemn-simulacrumcommander-2011.js. Esperando 2s...
2026-08-15 14:52:08 | INFO     | src.extractors.shopify | [paytowin.cl] Buscando (61/126): 'Ugin's Labyrinth'
2026-08-15 14:52:08 | INFO     | src.extractors.shopify | [oasisgames.cl] Buscando (62/126): 'Ulamog, the Ceaseless Hunger'
2026-08-15 14:52:08 | WARNING  | src.extractors.shopify | Rate limit (429) en https://www.oasisgames.cl/products/mtg-ugin-the-spirit-dragonugins-fate.js. Esperando 2s...
2026-08-15 14:52:08 | INFO     | src.extractors.shopify | [oasisgames.cl] Buscando (63/126): 'Ulamog, the Defiler'
2026-08-15 14:52:09 | WARNING  | src.extractors.shopify | Rate limit (429) en https://www.paytowin.cl/products/ugin-eye-of-the-storms-showcase-halo-foil-tarkir-dragonstorm.js. Esperando 1s...
2026-08-15 14:52:10 | WARNING  | src.extractors.shopify | Rate limit (429) en https://www.oasisgames.cl/products/ugin-eye-of-the-storms-art-card-47-54-gold-stamped-signature-tarkir-dragonstorm-art-series.js. Esperando 1s...
2026-08-15 14:52:10 | WARNING  | src.extractors.shopify | Rate limit (429) en https://www.paytowin.cl/products/tomb-of-the-spirit-dragon-ripple-foil-modern-horizons-3-commander.js. Esperando 1s...
2026-08-15 14:52:10 | INFO     | src.extractors.woocommerce | [cardnexus.cl] Buscando (108/126): 'Rootcast Apprenticeship'
2026-08-15 14:52:10 | WARNING  | src.extractors.shopify | Rate limit (429) en https://www.paytowin.cl/products/ugin-the-spirit-dragon-fate-reforged-2.js. Esperando 1s...
2026-08-15 14:52:10 | WARNING  | src.extractors.shopify | Rate limit (429) en https://www.oasisgames.cl/products/mtg-solemn-simulacrumcommander-2011.js. Esperando 4s...
2026-08-15 14:52:10 | WARNING  | src.extractors.shopify | Rate limit (429) en https://www.oasisgames.cl/products/mtg-ugin-the-spirit-dragonugins-fate.js. Esperando 4s...
2026-08-15 14:52:10 | WARNING  | src.extractors.shopify | Rate limit (429) en https://www.paytowin.cl/products/irencrag-feat-throne-of-eldraine.js. Esperando 1s...
2026-08-15 14:52:11 | INFO     | src.extractors.shopify | [oasisgames.cl] Buscando (64/126): 'Ulamog, the Infinite Gyre'
2026-08-15 14:52:11 | WARNING  | src.extractors.shopify | Rate limit (429) en https://www.paytowin.cl/products/ugin-the-spirit-dragon-fate-reforged-2.js. Esperando 2s...
2026-08-15 14:52:11 | INFO     | src.extractors.shopify | [paytowin.cl] Buscando (62/126): 'Ulamog, the Ceaseless Hunger'
2026-08-15 14:52:11 | WARNING  | src.extractors.shopify | Rate limit (429) en https://www.paytowin.cl/products/irencrag-feat-throne-of-eldraine.js. Esperando 2s...
2026-08-15 14:52:12 | WARNING  | src.extractors.shopify | Rate limit (429) en https://www.oasisgames.cl/products/ulamog-the-ceaseless-hunger-borderless-secret-lair-drop-series.js. Esperando 1s...
2026-08-15 14:52:12 | WARNING  | src.extractors.shopify | Rate limit (429) en https://www.paytowin.cl/products/ugins-labyrinth-modern-horizons-3.js. Esperando 1s...
2026-08-15 14:52:13 | INFO     | src.extractors.woocommerce | [cardnexus.cl] Buscando (109/126): 'Sakura-Tribe Elder'
2026-08-15 14:52:13 | WARNING  | src.extractors.shopify | Rate limit (429) en https://www.paytowin.cl/products/ugin-the-spirit-dragon-fate-reforged-2.js. Esperando 4s...
2026-08-15 14:52:13 | WARNING  | src.extractors.shopify | Rate limit (429) en https://www.paytowin.cl/products/irencrag-feat-throne-of-eldraine.js. Esperando 4s...
2026-08-15 14:52:14 | INFO     | src.extractors.shopify | [oasisgames.cl] Buscando (65/126): 'Ultima, Origin of Oblivion'
2026-08-15 14:52:14 | WARNING  | src.extractors.shopify | Rate limit (429) en https://www.paytowin.cl/products/ugin-eye-of-the-storms-art-card-48-54-tarkir-dragonstorm-art-series.js. Esperando 1s...
2026-08-15 14:52:14 | WARNING  | src.extractors.shopify | Rate limit (429) en https://www.oasisgames.cl/products/mtg-ulamog-the-infinite-gyrerise-of-the-eldrazi.js. Esperando 1s...
2026-08-15 14:52:15 | INFO     | src.extractors.woocommerce | [cardnexus.cl] Buscando (110/126): 'Scurrid Colony'
2026-08-15 14:52:15 | WARNING  | src.extractors.shopify | Rate limit (429) en https://www.paytowin.cl/products/ugin-eye-of-the-storms-art-card-48-54-tarkir-dragonstorm-art-series.js. Esperando 2s...
2026-08-15 14:52:16 | WARNING  | src.extractors.shopify | Rate limit (429) en https://www.oasisgames.cl/products/mtg-ulamog-the-infinite-gyrerise-of-the-eldrazi.js. Esperando 2s...
2026-08-15 14:52:16 | WARNING  | src.extractors.shopify | Rate limit (429) en https://www.oasisgames.cl/products/ulamog-the-ceaseless-hunger-commander-masters.js. Esperando 1s...
2026-08-15 14:52:17 | WARNING  | src.extractors.shopify | Rate limit (429) en https://www.oasisgames.cl/products/ulamog-the-ceaseless-hunger-commander-masters.js. Esperando 2s...
2026-08-15 14:52:17 | WARNING  | src.extractors.shopify | Rate limit (429) en https://www.oasisgames.cl/products/ulamog-the-defiler-foil-etched-modern-horizons-3.js. Esperando 1s...
2026-08-15 14:52:18 | WARNING  | src.extractors.shopify | Rate limit (429) en https://www.paytowin.cl/products/ugin-eye-of-the-storms-art-card-48-54-tarkir-dragonstorm-art-series.js. Esperando 4s...
2026-08-15 14:52:18 | INFO     | src.extractors.woocommerce | [cardnexus.cl] Buscando (111/126): 'Scurry of Squirrels'
2026-08-15 14:52:18 | WARNING  | src.extractors.shopify | Rate limit (429) en https://www.paytowin.cl/products/ugins-labyrinth-edge-of-eternities-promo-pack.js. Esperando 1s...
2026-08-15 14:52:19 | WARNING  | src.extractors.shopify | Rate limit (429) en https://www.oasisgames.cl/products/ulamog-the-defiler-foil-etched-modern-horizons-3.js. Esperando 2s...
2026-08-15 14:52:20 | WARNING  | src.extractors.shopify | Rate limit (429) en https://www.oasisgames.cl/products/ulamog-the-ceaseless-hunger-commander-masters.js. Esperando 4s...
2026-08-15 14:52:20 | WARNING  | src.extractors.shopify | Rate limit (429) en https://www.paytowin.cl/products/ugins-labyrinth-edge-of-eternities-promo-pack.js. Esperando 2s...
2026-08-15 14:52:20 | WARNING  | src.extractors.shopify | Rate limit (429) en https://www.oasisgames.cl/products/ulamog-the-infinite-gyre-double-masters-2022.js. Esperando 1s...
2026-08-15 14:52:20 | WARNING  | src.extractors.shopify | Rate limit (429) en https://www.oasisgames.cl/products/ultima-origin-of-oblivion-borderless-final-fantasy.js. Esperando 1s...
2026-08-15 14:52:20 | WARNING  | src.extractors.shopify | Rate limit (429) en https://www.oasisgames.cl/products/ugin-the-spirit-dragon-core-set-2021.js. Esperando 1s...
2026-08-15 14:52:21 | INFO     | src.extractors.woocommerce | [cardnexus.cl] Buscando (112/126): 'Search for Tomorrow'
2026-08-15 14:52:21 | WARNING  | src.extractors.shopify | Rate limit (429) en https://www.paytowin.cl/products/ulamog-the-ceaseless-hunger-battle-for-zendikar-4.js. Esperando 1s...
2026-08-15 14:52:21 | WARNING  | src.extractors.shopify | Rate limit (429) en https://www.paytowin.cl/products/ugin-the-spirit-dragon-showcase-core-set-2021.js. Esperando 1s...
2026-08-15 14:52:21 | WARNING  | src.extractors.shopify | Rate limit (429) en https://www.paytowin.cl/products/the-irencrag-art-card-wilds-of-eldraine-art-series.js. Esperando 1s...
2026-08-15 14:52:22 | INFO     | src.extractors.shopify | [paytowin.cl] Buscando (63/126): 'Ulamog, the Defiler'
2026-08-15 14:52:22 | WARNING  | src.extractors.shopify | Rate limit (429) en https://www.paytowin.cl/products/the-irencrag-art-card-wilds-of-eldraine-art-series.js. Esperando 2s...
2026-08-15 14:52:23 | WARNING  | src.extractors.shopify | Rate limit (429) en https://www.oasisgames.cl/products/ulamog-the-infinite-gyre-textured-foil-double-masters-2022.js. Esperando 1s...
2026-08-15 14:52:23 | WARNING  | src.extractors.shopify | Rate limit (429) en https://www.oasisgames.cl/products/ulamog-the-defiler-borderless-serialized-modern-horizons-3.js. Esperando 1s...
2026-08-15 14:52:23 | WARNING  | src.extractors.shopify | Rate limit (429) en https://www.oasisgames.cl/products/ultima-origin-of-oblivion-final-fantasy-prerelease-promo.js. Esperando 1s...
2026-08-15 14:52:23 | WARNING  | src.extractors.shopify | Rate limit (429) en https://www.oasisgames.cl/products/ugin-the-spirit-dragon-prerelease-core-set-2021.js. Esperando 1s...
2026-08-15 14:52:23 | WARNING  | src.extractors.shopify | Rate limit (429) en https://www.paytowin.cl/products/ugin-eye-of-the-storms-art-card-47-54-tarkir-dragonstorm-art-series.js. Esperando 1s...
2026-08-15 14:52:23 | INFO     | src.extractors.woocommerce | [cardnexus.cl] Buscando (113/126): 'Seedborn Muse'
2026-08-15 14:52:24 | WARNING  | src.extractors.shopify | Rate limit (429) en https://www.paytowin.cl/products/ulamog-the-ceaseless-hunger-battle-for-zendikar-1.js. Esperando 1s...
2026-08-15 14:52:24 | WARNING  | src.extractors.shopify | Rate limit (429) en https://www.oasisgames.cl/products/ulamog-the-infinite-gyre-textured-foil-double-masters-2022.js. Esperando 2s...
2026-08-15 14:52:24 | WARNING  | src.extractors.shopify | Rate limit (429) en https://www.oasisgames.cl/products/ulamog-the-defiler-borderless-serialized-modern-horizons-3.js. Esperando 2s...
2026-08-15 14:52:24 | WARNING  | src.extractors.shopify | Rate limit (429) en https://www.oasisgames.cl/products/ultima-origin-of-oblivion-final-fantasy-prerelease-promo.js. Esperando 2s...
2026-08-15 14:52:24 | WARNING  | src.extractors.shopify | Rate limit (429) en https://www.paytowin.cl/products/ugin-the-spirit-dragon-espanol-ugins-fate.js. Esperando 1s...
2026-08-15 14:52:24 | WARNING  | src.extractors.shopify | Rate limit (429) en https://www.oasisgames.cl/products/ugin-the-spirit-dragon-prerelease-core-set-2021.js. Esperando 2s...
2026-08-15 14:52:24 | WARNING  | src.extractors.shopify | Rate limit (429) en https://www.paytowin.cl/products/ugin-eye-of-the-storms-art-card-47-54-tarkir-dragonstorm-art-series.js. Esperando 2s...
2026-08-15 14:52:24 | WARNING  | src.extractors.shopify | Rate limit (429) en https://www.paytowin.cl/products/the-irencrag-art-card-wilds-of-eldraine-art-series.js. Esperando 4s...
2026-08-15 14:52:26 | WARNING  | src.extractors.shopify | Rate limit (429) en https://www.paytowin.cl/products/ulamog-the-defiler-modern-horizons-3-prerelese-promos.js. Esperando 1s...
2026-08-15 14:52:26 | INFO     | src.extractors.woocommerce | [cardnexus.cl] Buscando (114/126): 'Selfless Safewright'
2026-08-15 14:52:26 | WARNING  | src.extractors.shopify | Rate limit (429) en https://www.paytowin.cl/products/ugin-eye-of-the-storms-art-card-47-54-tarkir-dragonstorm-art-series.js. Esperando 4s...
2026-08-15 14:52:27 | WARNING  | src.extractors.shopify | Rate limit (429) en https://www.oasisgames.cl/products/ulamog-the-ceaseless-hunger-foil-etched-commander-masters.js. Esperando 1s...
2026-08-15 14:52:28 | WARNING  | src.extractors.shopify | Rate limit (429) en https://www.oasisgames.cl/products/ulamog-the-infinite-gyre-borderless-alternate-art-double-masters-2022.js. Esperando 1s...
2026-08-15 14:52:28 | WARNING  | src.extractors.shopify | Rate limit (429) en https://www.oasisgames.cl/products/ulamog-the-defiler-modern-horizons-3-prerelese-promos.js. Esperando 1s...
2026-08-15 14:52:28 | WARNING  | src.extractors.shopify | Rate limit (429) en https://www.oasisgames.cl/products/ultima-origin-of-oblivion-extended-art-final-fantasy.js. Esperando 1s...
2026-08-15 14:52:28 | WARNING  | src.extractors.shopify | Rate limit (429) en https://www.oasisgames.cl/products/ugin-the-spirit-dragon-showcase-core-set-2021.js. Esperando 1s...
2026-08-15 14:52:28 | WARNING  | src.extractors.shopify | Rate limit (429) en https://www.oasisgames.cl/products/ulamog-the-ceaseless-hunger-foil-etched-commander-masters.js. Esperando 2s...
2026-08-15 14:52:29 | WARNING  | src.extractors.shopify | Rate limit (429) en https://www.paytowin.cl/products/ulamog-the-defiler-modern-horizons-3.js. Esperando 1s...
2026-08-15 14:52:29 | WARNING  | src.extractors.shopify | Rate limit (429) en https://www.paytowin.cl/products/ulamog-the-ceaseless-hunger-commander-masters.js. Esperando 1s...
2026-08-15 14:52:29 | INFO     | src.extractors.woocommerce | [cardnexus.cl] Buscando (115/126): 'Shamanic Revelation'
2026-08-15 14:52:29 | WARNING  | src.extractors.shopify | Rate limit (429) en https://www.oasisgames.cl/products/ulamog-the-infinite-gyre-borderless-alternate-art-double-masters-2022.js. Esperando 2s...
2026-08-15 14:52:29 | WARNING  | src.extractors.shopify | Rate limit (429) en https://www.paytowin.cl/products/ugin-the-spirit-dragon-fate-reforged.js. Esperando 1s...
2026-08-15 14:52:29 | WARNING  | src.extractors.shopify | Rate limit (429) en https://www.oasisgames.cl/products/ulamog-the-defiler-modern-horizons-3-prerelese-promos.js. Esperando 2s...
2026-08-15 14:52:29 | WARNING  | src.extractors.shopify | Rate limit (429) en https://www.oasisgames.cl/products/ultima-origin-of-oblivion-extended-art-final-fantasy.js. Esperando 2s...
2026-08-15 14:52:29 | WARNING  | src.extractors.shopify | Rate limit (429) en https://www.oasisgames.cl/products/ugin-the-spirit-dragon-showcase-core-set-2021.js. Esperando 2s...
2026-08-15 14:52:30 | INFO     | src.extractors.shopify | [paytowin.cl] Buscando (64/126): 'Ulamog, the Infinite Gyre'
2026-08-15 14:52:31 | WARNING  | src.extractors.shopify | Rate limit (429) en https://www.oasisgames.cl/products/ugin-the-spirit-dragon-showcase-core-set-2021.js. Esperando 4s...
2026-08-15 14:52:31 | INFO     | src.extractors.shopify | [oasisgames.cl] Buscando (66/126): 'Urza's Cave'
2026-08-15 14:52:31 | INFO     | src.extractors.woocommerce | [cardnexus.cl] Buscando (116/126): 'Skullclamp'
2026-08-15 14:52:31 | INFO     | src.extractors.shopify | [oasisgames.cl] Buscando (67/126): 'Urza's Mine'
2026-08-15 14:52:32 | WARNING  | src.extractors.shopify | Rate limit (429) en https://www.paytowin.cl/products/ulamog-the-defiler-retro-modern-horizons-3.js. Esperando 1s...
2026-08-15 14:52:32 | WARNING  | src.extractors.shopify | Rate limit (429) en https://www.paytowin.cl/products/ulamog-the-ceaseless-hunger-borderless-secret-lair-drop-series.js. Esperando 1s...
2026-08-15 14:52:32 | WARNING  | src.extractors.shopify | Rate limit (429) en https://www.paytowin.cl/products/ugin-eye-of-the-storms-art-card-48-54-gold-stamped-signature-tarkir-dragonstorm-art-series.js. Esperando 1s...
2026-08-15 14:52:32 | WARNING  | src.extractors.shopify | Rate limit (429) en https://www.paytowin.cl/products/ugin-the-spirit-dragon-fate-reforged-1.js. Esperando 1s...
2026-08-15 14:52:32 | WARNING  | src.extractors.shopify | Rate limit (429) en https://www.oasisgames.cl/products/ulamog-the-ceaseless-hunger-borderless-profile-commander-masters.js. Esperando 1s...
2026-08-15 14:52:33 | WARNING  | src.extractors.shopify | Rate limit (429) en https://www.paytowin.cl/products/ulamog-the-defiler-retro-modern-horizons-3.js. Esperando 2s...
2026-08-15 14:52:33 | WARNING  | src.extractors.shopify | Rate limit (429) en https://www.oasisgames.cl/products/mtg-ulamog-the-infinite-gyreultimate-masters.js. Esperando 1s...
2026-08-15 14:52:33 | WARNING  | src.extractors.shopify | Rate limit (429) en https://www.paytowin.cl/products/ulamog-the-ceaseless-hunger-borderless-secret-lair-drop-series.js. Esperando 2s...
2026-08-15 14:52:33 | WARNING  | src.extractors.shopify | Rate limit (429) en https://www.paytowin.cl/products/ugin-the-spirit-dragon-fate-reforged-1.js. Esperando 2s...
2026-08-15 14:52:33 | WARNING  | src.extractors.shopify | Rate limit (429) en https://www.paytowin.cl/products/ugin-eye-of-the-storms-art-card-48-54-gold-stamped-signature-tarkir-dragonstorm-art-series.js. Esperando 2s...
2026-08-15 14:52:33 | WARNING  | src.extractors.shopify | Rate limit (429) en https://www.oasisgames.cl/products/ulamog-the-ceaseless-hunger-borderless-profile-commander-masters.js. Esperando 2s...
2026-08-15 14:52:34 | INFO     | src.extractors.woocommerce | [cardnexus.cl] Buscando (117/126): 'Skyshroud Claim'
2026-08-15 14:52:35 | WARNING  | src.extractors.shopify | Rate limit (429) en https://www.paytowin.cl/products/ugin-eye-of-the-storms-art-card-48-54-gold-stamped-signature-tarkir-dragonstorm-art-series.js. Esperando 4s...
2026-08-15 14:52:35 | WARNING  | src.extractors.shopify | Rate limit (429) en https://www.paytowin.cl/products/ugin-the-spirit-dragon-fate-reforged-1.js. Esperando 4s...
2026-08-15 14:52:35 | WARNING  | src.extractors.shopify | Rate limit (429) en https://www.oasisgames.cl/products/ulamog-the-ceaseless-hunger-borderless-profile-commander-masters.js. Esperando 4s...
2026-08-15 14:52:36 | WARNING  | src.extractors.shopify | Rate limit (429) en https://www.paytowin.cl/products/ulamog-the-infinite-gyre-rise-of-the-eldrazi.js. Esperando 1s...
2026-08-15 14:52:36 | WARNING  | src.extractors.shopify | Rate limit (429) en https://www.oasisgames.cl/products/urzas-mine-borderless-double-masters.js. Esperando 1s...
2026-08-15 14:52:37 | WARNING  | src.extractors.shopify | Rate limit (429) en https://www.paytowin.cl/products/ulamog-the-defiler-borderless-modern-horizons-3.js. Esperando 1s...
2026-08-15 14:52:37 | INFO     | src.extractors.woocommerce | [cardnexus.cl] Buscando (118/126): 'Squirrel Mob'
2026-08-15 14:52:37 | INFO     | src.extractors.shopify | [oasisgames.cl] Buscando (68/126): 'Urza's Power Plant'
2026-08-15 14:52:37 | WARNING  | src.extractors.shopify | Rate limit (429) en https://www.oasisgames.cl/products/urzas-mine-borderless-double-masters.js. Esperando 2s...
2026-08-15 14:52:37 | INFO     | src.extractors.shopify | [oasisgames.cl] Buscando (69/126): 'Urza's Tower'
2026-08-15 14:52:37 | INFO     | src.extractors.shopify | [paytowin.cl] Buscando (65/126): 'Ultima, Origin of Oblivion'
2026-08-15 14:52:37 | WARNING  | src.extractors.shopify | Rate limit (429) en https://www.oasisgames.cl/products/mtg-ulamog-the-infinite-gyremodern-masters-2015.js. Esperando 1s...
2026-08-15 14:52:38 | WARNING  | src.extractors.shopify | Rate limit (429) en https://www.paytowin.cl/products/ulamog-the-defiler-borderless-modern-horizons-3.js. Esperando 2s...
2026-08-15 14:52:38 | WARNING  | src.extractors.shopify | Rate limit (429) en https://www.oasisgames.cl/products/mtg-ulamog-the-infinite-gyremodern-masters-2015.js. Esperando 2s...
2026-08-15 14:52:39 | INFO     | src.extractors.shopify | [paytowin.cl] Buscando (66/126): 'Urza's Cave'
2026-08-15 14:52:39 | INFO     | src.extractors.woocommerce | [cardnexus.cl] Buscando (119/126): 'Squirrel Sovereign'
2026-08-15 14:52:41 | WARNING  | src.extractors.shopify | Rate limit (429) en https://www.oasisgames.cl/products/ulamog-the-ceaseless-hunger-borderless-textured-foil-frame-break-commander-masters.js. Esperando 1s...
2026-08-15 14:52:41 | WARNING  | src.extractors.shopify | Rate limit (429) en https://www.oasisgames.cl/products/mtg-urzas-mine-pulleyantiquities.js. Esperando 1s...
2026-08-15 14:52:42 | WARNING  | src.extractors.shopify | Rate limit (429) en https://www.paytowin.cl/products/ulamog-the-defiler-foil-etched-modern-horizons-3.js. Esperando 1s...
2026-08-15 14:52:42 | INFO     | src.extractors.woocommerce | [cardnexus.cl] Buscando (120/126): 'Studious First-Year / Rampant Growth'
2026-08-15 14:52:42 | WARNING  | src.extractors.shopify | Rate limit (429) en https://www.oasisgames.cl/products/ulamog-the-ceaseless-hunger-borderless-textured-foil-frame-break-commander-masters.js. Esperando 2s...
2026-08-15 14:52:42 | WARNING  | src.extractors.shopify | Rate limit (429) en https://www.oasisgames.cl/products/mtg-urzas-mine-pulleyantiquities.js. Esperando 2s...
2026-08-15 14:52:42 | WARNING  | src.extractors.shopify | Rate limit (429) en https://www.oasisgames.cl/products/mtg-ulamog-the-infinite-gyrefrom-the-vault-legends.js. Esperando 1s...
2026-08-15 14:52:43 | WARNING  | src.extractors.shopify | Rate limit (429) en https://www.paytowin.cl/products/ulamog-the-defiler-foil-etched-modern-horizons-3.js. Esperando 2s...
2026-08-15 14:52:43 | WARNING  | src.extractors.shopify | Rate limit (429) en https://www.paytowin.cl/products/urzas-cave-modern-horizons-3.js. Esperando 1s...
2026-08-15 14:52:43 | WARNING  | src.extractors.shopify | Rate limit (429) en https://www.paytowin.cl/products/ugin-the-spirit-dragon-core-set-2022.js. Esperando 1s...
2026-08-15 14:52:43 | WARNING  | src.extractors.shopify | Rate limit (429) en https://www.paytowin.cl/products/ultima-origin-of-oblivion-borderless-final-fantasy.js. Esperando 1s...
2026-08-15 14:52:43 | WARNING  | src.extractors.shopify | Rate limit (429) en https://www.paytowin.cl/products/ulamog-the-infinite-gyre-modern-masters-2015.js. Esperando 1s...
2026-08-15 14:52:44 | WARNING  | src.extractors.shopify | Rate limit (429) en https://www.oasisgames.cl/products/mtg-ulamog-the-infinite-gyrefrom-the-vault-legends.js. Esperando 2s...
2026-08-15 14:52:44 | INFO     | src.extractors.shopify | [paytowin.cl] Buscando (67/126): 'Urza's Mine'
2026-08-15 14:52:44 | WARNING  | src.extractors.shopify | Rate limit (429) en https://www.oasisgames.cl/products/ulamog-the-ceaseless-hunger-borderless-textured-foil-frame-break-commander-masters.js. Esperando 4s...
2026-08-15 14:52:44 | WARNING  | src.extractors.shopify | Rate limit (429) en https://www.oasisgames.cl/products/mtg-urzas-mine-pulleyantiquities.js. Esperando 4s...
2026-08-15 14:52:45 | WARNING  | src.extractors.shopify | Rate limit (429) en https://www.oasisgames.cl/products/mtg-urzas-power-plant-rock-in-potantiquities.js. Esperando 1s...
2026-08-15 14:52:45 | WARNING  | src.extractors.shopify | Rate limit (429) en https://www.paytowin.cl/products/ulamog-the-defiler-foil-etched-modern-horizons-3.js. Esperando 4s...
2026-08-15 14:52:45 | INFO     | src.extractors.woocommerce | [cardnexus.cl] Buscando (121/126): 'Swarmyard'
2026-08-15 14:52:46 | WARNING  | src.extractors.shopify | Rate limit (429) en https://www.paytowin.cl/products/cave-tiger-urzas-saga.js. Esperando 1s...
2026-08-15 14:52:46 | WARNING  | src.extractors.shopify | Rate limit (429) en https://www.paytowin.cl/products/ultima-origin-of-oblivion-extended-art-final-fantasy.js. Esperando 1s...
2026-08-15 14:52:46 | WARNING  | src.extractors.shopify | Rate limit (429) en https://www.paytowin.cl/products/ulamog-the-infinite-gyre-borderless-alternate-art-double-masters-2022.js. Esperando 1s...
2026-08-15 14:52:47 | WARNING  | src.extractors.shopify | Rate limit (429) en https://www.oasisgames.cl/products/mtg-urzas-tower-mountainschronicles.js. Esperando 1s...
2026-08-15 14:52:47 | WARNING  | src.extractors.shopify | Rate limit (429) en https://www.paytowin.cl/products/cave-tiger-urzas-saga.js. Esperando 2s...
2026-08-15 14:52:47 | WARNING  | src.extractors.shopify | Rate limit (429) en https://www.paytowin.cl/products/ultima-origin-of-oblivion-extended-art-final-fantasy.js. Esperando 2s...
2026-08-15 14:52:47 | WARNING  | src.extractors.shopify | Rate limit (429) en https://www.paytowin.cl/products/ulamog-the-infinite-gyre-borderless-alternate-art-double-masters-2022.js. Esperando 2s...
2026-08-15 14:52:47 | WARNING  | src.extractors.shopify | Rate limit (429) en https://www.oasisgames.cl/products/mtg-urzas-power-plant-bug-italian-centrale-energetica-di-urzarenaissance.js. Esperando 1s...
2026-08-15 14:52:47 | INFO     | src.extractors.woocommerce | [cardnexus.cl] Buscando (122/126): 'Three Tree City'
2026-08-15 14:52:48 | INFO     | src.extractors.shopify | [oasisgames.cl] Buscando (70/126): 'Urza's Workshop'
2026-08-15 14:52:48 | INFO     | src.extractors.shopify | [oasisgames.cl] Buscando (71/126): 'Vibranium Dynamo'
2026-08-15 14:52:48 | WARNING  | src.extractors.shopify | Rate limit (429) en https://www.oasisgames.cl/products/mtg-urzas-power-plant-bug-italian-centrale-energetica-di-urzarenaissance.js. Esperando 2s...
2026-08-15 14:52:49 | INFO     | src.extractors.shopify | [paytowin.cl] Buscando (68/126): 'Urza's Power Plant'
2026-08-15 14:52:49 | WARNING  | src.extractors.shopify | Rate limit (429) en https://www.paytowin.cl/products/ultima-origin-of-oblivion-extended-art-final-fantasy.js. Esperando 4s...
2026-08-15 14:52:49 | WARNING  | src.extractors.shopify | Rate limit (429) en https://www.paytowin.cl/products/ulamog-the-infinite-gyre-borderless-alternate-art-double-masters-2022.js. Esperando 4s...
2026-08-15 14:52:50 | WARNING  | src.extractors.shopify | Rate limit (429) en https://www.paytowin.cl/products/ulamog-the-defiler-borderless-serialized-modern-horizons-3.js. Esperando 1s...
2026-08-15 14:52:50 | INFO     | src.extractors.woocommerce | [cardnexus.cl] Buscando (123/126): 'Tippy-Toe, Terrific Partner'
2026-08-15 14:52:51 | WARNING  | src.extractors.shopify | Rate limit (429) en https://www.oasisgames.cl/products/mtg-urzas-power-plant-bug-italian-centrale-energetica-di-urzarenaissance.js. Esperando 4s...
2026-08-15 14:52:51 | WARNING  | src.extractors.shopify | Rate limit (429) en https://www.oasisgames.cl/products/urzas-workshop-the-brothers-war-commander.js. Esperando 1s...
2026-08-15 14:52:52 | INFO     | src.extractors.shopify | [paytowin.cl] Buscando (69/126): 'Urza's Tower'
2026-08-15 14:52:52 | WARNING  | src.extractors.shopify | Rate limit (429) en https://www.oasisgames.cl/products/urzas-workshop-the-brothers-war-commander.js. Esperando 2s...
2026-08-15 14:52:53 | INFO     | src.extractors.woocommerce | [cardnexus.cl] Buscando (124/126): 'Tribute to the World Tree'
2026-08-15 14:52:53 | WARNING  | src.extractors.shopify | Rate limit (429) en https://www.oasisgames.cl/products/urzas-tower-commander-masters.js. Esperando 1s...
2026-08-15 14:52:53 | WARNING  | src.extractors.shopify | Rate limit (429) en https://www.paytowin.cl/products/urzas-mine-clawed-sphere-antiquities.js. Esperando 1s...
2026-08-15 14:52:54 | WARNING  | src.extractors.shopify | Rate limit (429) en https://www.oasisgames.cl/products/vibranium-dynamo-thran-dynamo-surge-foil-marvel-super-heroes-commander.js. Esperando 1s...
2026-08-15 14:52:54 | WARNING  | src.extractors.shopify | Rate limit (429) en https://www.oasisgames.cl/products/mtg-urzas-mine-clawed-spherechronicles.js. Esperando 1s...
2026-08-15 14:52:55 | WARNING  | src.extractors.shopify | Rate limit (429) en https://www.oasisgames.cl/products/mtg-urzas-mine-clawed-spherechronicles.js. Esperando 2s...
2026-08-15 14:52:55 | INFO     | src.extractors.shopify | [paytowin.cl] Buscando (70/126): 'Urza's Workshop'
2026-08-15 14:52:55 | INFO     | src.extractors.shopify | [oasisgames.cl] Buscando (72/126): 'Void Winnower'
2026-08-15 14:52:55 | WARNING  | src.extractors.shopify | Rate limit (429) en https://www.paytowin.cl/products/urzas-tower-fifth-edition.js. Esperando 1s...
2026-08-15 14:52:56 | INFO     | src.extractors.woocommerce | [cardnexus.cl] Buscando (125/126): 'Triumph of the Hordes'
2026-08-15 14:52:56 | WARNING  | src.extractors.shopify | Rate limit (429) en https://www.oasisgames.cl/products/mtg-urzas-power-plant-rock-in-pot-italian-centrale-energetica-di-urzarenaissance.js. Esperando 1s...
2026-08-15 14:52:56 | WARNING  | src.extractors.shopify | Rate limit (429) en https://www.paytowin.cl/products/urzas-tower-fifth-edition.js. Esperando 2s...
2026-08-15 14:52:56 | WARNING  | src.extractors.shopify | Rate limit (429) en https://www.paytowin.cl/products/urzas-power-plant-borderless-double-masters.js. Esperando 1s...
2026-08-15 14:52:56 | WARNING  | src.extractors.shopify | Rate limit (429) en https://www.oasisgames.cl/products/mtg-urzas-tower-shoreantiquities.js. Esperando 1s...
2026-08-15 14:52:56 | WARNING  | src.extractors.shopify | Rate limit (429) en https://www.paytowin.cl/products/urzas-mine-ninth-edition.js. Esperando 1s...
2026-08-15 14:52:56 | WARNING  | src.extractors.shopify | Rate limit (429) en https://www.oasisgames.cl/products/urzas-workshop-extended-art-the-brothers-war-commander.js. Esperando 1s...
2026-08-15 14:52:57 | WARNING  | src.extractors.shopify | Rate limit (429) en https://www.paytowin.cl/products/ulamog-the-infinite-gyre-rise-of-the-eldrazi-1.js. Esperando 1s...
2026-08-15 14:52:57 | WARNING  | src.extractors.shopify | Rate limit (429) en https://www.oasisgames.cl/products/mtg-urzas-mine-clawed-spherechronicles.js. Esperando 4s...
2026-08-15 14:52:57 | WARNING  | src.extractors.shopify | Rate limit (429) en https://www.oasisgames.cl/products/mtg-urzas-power-plant-rock-in-pot-italian-centrale-energetica-di-urzarenaissance.js. Esperando 2s...
2026-08-15 14:52:57 | WARNING  | src.extractors.shopify | Rate limit (429) en https://www.paytowin.cl/products/urzas-power-plant-borderless-double-masters.js. Esperando 2s...
2026-08-15 14:52:58 | WARNING  | src.extractors.shopify | Rate limit (429) en https://www.oasisgames.cl/products/mtg-urzas-tower-shoreantiquities.js. Esperando 2s...
2026-08-15 14:52:58 | INFO     | src.extractors.shopify | [oasisgames.cl] Buscando (73/126): 'Volatile Fault'
2026-08-15 14:52:58 | WARNING  | src.extractors.shopify | Rate limit (429) en https://www.paytowin.cl/products/urzas-tower-fifth-edition.js. Esperando 4s...
2026-08-15 14:52:59 | INFO     | src.extractors.woocommerce | [cardnexus.cl] Buscando (126/126): 'Verdant Command'
2026-08-15 14:52:59 | WARNING  | src.extractors.shopify | Rate limit (429) en https://www.paytowin.cl/products/urzas-workshop-the-brothers-war-commander.js. Esperando 1s...
2026-08-15 14:52:59 | WARNING  | src.extractors.shopify | Rate limit (429) en https://www.oasisgames.cl/products/mtg-urzas-power-plant-rock-in-pot-italian-centrale-energetica-di-urzarenaissance.js. Esperando 4s...
2026-08-15 14:53:00 | WARNING  | src.extractors.shopify | Rate limit (429) en https://www.paytowin.cl/products/urzas-power-plant-borderless-double-masters.js. Esperando 4s...
2026-08-15 14:53:00 | WARNING  | src.extractors.shopify | Rate limit (429) en https://www.paytowin.cl/products/urzas-mine-tower-antiquities.js. Esperando 1s...
2026-08-15 14:53:00 | WARNING  | src.extractors.shopify | Rate limit (429) en https://www.paytowin.cl/products/urzas-workshop-the-brothers-war-commander.js. Esperando 2s...
2026-08-15 14:53:00 | WARNING  | src.extractors.shopify | Rate limit (429) en https://www.oasisgames.cl/products/mtg-urzas-tower-shoreantiquities.js. Esperando 4s...
2026-08-15 14:53:00 | WARNING  | src.extractors.shopify | Rate limit (429) en https://www.paytowin.cl/products/ulamog-the-infinite-gyre-textured-foil-double-masters-2022.js. Esperando 1s...
2026-08-15 14:53:00 | WARNING  | src.extractors.shopify | Rate limit (429) en https://www.oasisgames.cl/products/void-winnower-borderless-secret-lair-drop-series.js. Esperando 1s...
2026-08-15 14:53:02 | WARNING  | src.extractors.shopify | Rate limit (429) en https://www.paytowin.cl/products/urzas-workshop-the-brothers-war-commander.js. Esperando 4s...
2026-08-15 14:53:03 | INFO     | src.extractors.shopify | [paytowin.cl] Buscando (71/126): 'Vibranium Dynamo'
2026-08-15 14:53:03 | WARNING  | src.extractors.shopify | Rate limit (429) en https://www.oasisgames.cl/products/volatile-fault-modern-horizons-3-commander.js. Esperando 1s...
2026-08-15 14:53:03 | WARNING  | src.extractors.shopify | Rate limit (429) en https://www.oasisgames.cl/products/mtg-void-winnowerbattle-for-zendikar.js. Esperando 1s...
2026-08-15 14:53:04 | WARNING  | src.extractors.shopify | Rate limit (429) en https://www.paytowin.cl/products/urzas-tower-eighth-edition.js. Esperando 1s...
2026-08-15 14:53:05 | WARNING  | src.extractors.shopify | Rate limit (429) en https://www.paytowin.cl/products/urzas-mine-mouth-antiquities.js. Esperando 1s...
2026-08-15 14:53:05 | WARNING  | src.extractors.shopify | Rate limit (429) en https://www.paytowin.cl/products/urzas-power-plant-bug-antiquities.js. Esperando 1s...
2026-08-15 14:53:05 | WARNING  | src.extractors.shopify | Rate limit (429) en https://www.oasisgames.cl/products/mtg-urzas-towerninth-edition.js. Esperando 1s...
2026-08-15 14:53:06 | WARNING  | src.extractors.shopify | Rate limit (429) en https://www.paytowin.cl/products/urzas-power-plant-bug-antiquities.js. Esperando 2s...
2026-08-15 14:53:06 | WARNING  | src.extractors.shopify | Rate limit (429) en https://www.oasisgames.cl/products/mtg-urzas-towerninth-edition.js. Esperando 2s...
2026-08-15 14:53:06 | WARNING  | src.extractors.shopify | Rate limit (429) en https://www.oasisgames.cl/products/volatile-fault-ripple-foil-modern-horizons-3-commander.js. Esperando 1s...
2026-08-15 14:53:06 | WARNING  | src.extractors.shopify | Rate limit (429) en https://www.oasisgames.cl/products/mtg-urzas-mine-mouthantiquities.js. Esperando 1s...
2026-08-15 14:53:07 | WARNING  | src.extractors.shopify | Rate limit (429) en https://www.oasisgames.cl/products/void-winnower-world-championship-promos.js. Esperando 1s...
2026-08-15 14:53:07 | WARNING  | src.extractors.shopify | Rate limit (429) en https://www.oasisgames.cl/products/urzas-power-plant-double-masters.js. Esperando 1s...
2026-08-15 14:53:07 | INFO     | src.extractors.shopify | [paytowin.cl] Buscando (72/126): 'Void Winnower'
2026-08-15 14:53:07 | WARNING  | src.extractors.shopify | Rate limit (429) en https://www.paytowin.cl/products/urzas-workshop-extended-art-the-brothers-war-commander.js. Esperando 1s...
2026-08-15 14:53:07 | WARNING  | src.extractors.shopify | Rate limit (429) en https://www.paytowin.cl/products/urzas-mine-eighth-edition.js. Esperando 1s...
2026-08-15 14:53:08 | INFO     | src.extractors.shopify | [oasisgames.cl] Buscando (74/126): 'War Room'
2026-08-15 14:53:08 | WARNING  | src.extractors.shopify | Rate limit (429) en https://www.oasisgames.cl/products/urzas-power-plant-double-masters.js. Esperando 2s...
2026-08-15 14:53:08 | WARNING  | src.extractors.shopify | Rate limit (429) en https://www.oasisgames.cl/products/mtg-urzas-towerninth-edition.js. Esperando 4s...
2026-08-15 14:53:08 | WARNING  | src.extractors.shopify | Rate limit (429) en https://www.paytowin.cl/products/urzas-power-plant-bug-antiquities.js. Esperando 4s...
2026-08-15 14:53:08 | WARNING  | src.extractors.shopify | Rate limit (429) en https://www.paytowin.cl/products/urzas-workshop-extended-art-the-brothers-war-commander.js. Esperando 2s...
2026-08-15 14:53:09 | WARNING  | src.extractors.shopify | Rate limit (429) en https://www.oasisgames.cl/products/urzas-mine-commander-masters.js. Esperando 1s...
2026-08-15 14:53:10 | WARNING  | src.extractors.shopify | Rate limit (429) en https://www.oasisgames.cl/products/mtg-void-winnowerbattle-for-zendikar-promos.js. Esperando 1s...
2026-08-15 14:53:10 | WARNING  | src.extractors.shopify | Rate limit (429) en https://www.oasisgames.cl/products/urzas-power-plant-double-masters.js. Esperando 4s...
2026-08-15 14:53:11 | WARNING  | src.extractors.shopify | Rate limit (429) en https://www.paytowin.cl/products/urzas-workshop-extended-art-the-brothers-war-commander.js. Esperando 4s...
2026-08-15 14:53:11 | WARNING  | src.extractors.shopify | Rate limit (429) en https://www.paytowin.cl/products/urzas-mine-tower-chronicles.js. Esperando 1s...
2026-08-15 14:53:11 | WARNING  | src.extractors.shopify | Rate limit (429) en https://www.oasisgames.cl/products/war-room-borderless-fallout-promos.js. Esperando 1s...
2026-08-15 14:53:12 | WARNING  | src.extractors.shopify | Rate limit (429) en https://www.paytowin.cl/products/urzas-mine-tower-chronicles.js. Esperando 2s...
2026-08-15 14:53:12 | WARNING  | src.extractors.shopify | Rate limit (429) en https://www.oasisgames.cl/products/war-room-borderless-fallout-promos.js. Esperando 2s...
2026-08-15 14:53:12 | WARNING  | src.extractors.shopify | Rate limit (429) en https://www.paytowin.cl/products/urzas-tower-double-masters.js. Esperando 1s...
2026-08-15 14:53:13 | INFO     | src.extractors.shopify | [oasisgames.cl] Buscando (75/126): 'Warping Wail'
2026-08-15 14:53:13 | INFO     | src.extractors.shopify | [oasisgames.cl] Buscando (76/126): 'Wastes'
2026-08-15 14:53:14 | WARNING  | src.extractors.shopify | Rate limit (429) en https://www.paytowin.cl/products/urzas-tower-double-masters.js. Esperando 2s...
2026-08-15 14:53:14 | WARNING  | src.extractors.shopify | Rate limit (429) en https://www.oasisgames.cl/products/mtg-phyrexian-towerurzas-saga.js. Esperando 1s...
2026-08-15 14:53:14 | INFO     | src.extractors.shopify | [paytowin.cl] Buscando (73/126): 'Volatile Fault'
2026-08-15 14:53:15 | INFO     | src.extractors.shopify | [paytowin.cl] Buscando (74/126): 'War Room'
2026-08-15 14:53:15 | WARNING  | src.extractors.shopify | Rate limit (429) en https://www.paytowin.cl/products/void-winnower-battle-for-zendikar-2.js. Esperando 1s...
2026-08-15 14:53:15 | WARNING  | src.extractors.shopify | Rate limit (429) en https://www.oasisgames.cl/products/mtg-phyrexian-towerurzas-saga.js. Esperando 2s...
2026-08-15 14:53:16 | WARNING  | src.extractors.shopify | Rate limit (429) en https://www.paytowin.cl/products/void-winnower-battle-for-zendikar-2.js. Esperando 2s...
2026-08-15 14:53:16 | WARNING  | src.extractors.shopify | Rate limit (429) en https://www.paytowin.cl/products/urzas-power-plant-fifth-edition.js. Esperando 1s...
2026-08-15 14:53:16 | WARNING  | src.extractors.shopify | Rate limit (429) en https://www.oasisgames.cl/products/warping-wail-commander-masters.js. Esperando 1s...
2026-08-15 14:53:16 | WARNING  | src.extractors.shopify | Rate limit (429) en https://www.oasisgames.cl/products/war-room-commander-legends.js. Esperando 1s...
2026-08-15 14:53:17 | WARNING  | src.extractors.shopify | Rate limit (429) en https://www.oasisgames.cl/products/mtg-phyrexian-towerurzas-saga.js. Esperando 4s...
2026-08-15 14:53:17 | WARNING  | src.extractors.shopify | Rate limit (429) en https://www.oasisgames.cl/products/mtg-urzas-power-plant-sphereantiquities.js. Esperando 1s...
2026-08-15 14:53:17 | WARNING  | src.extractors.shopify | Rate limit (429) en https://www.paytowin.cl/products/urzas-tower-plains-chronicles.js. Esperando 1s...
2026-08-15 14:53:18 | WARNING  | src.extractors.shopify | Rate limit (429) en https://www.oasisgames.cl/products/warping-wail-commander-masters.js. Esperando 2s...
2026-08-15 14:53:18 | WARNING  | src.extractors.shopify | Rate limit (429) en https://www.paytowin.cl/products/void-winnower-battle-for-zendikar-2.js. Esperando 4s...
2026-08-15 14:53:18 | WARNING  | src.extractors.shopify | Rate limit (429) en https://www.paytowin.cl/products/war-room-commander-masters.js. Esperando 1s...
2026-08-15 14:53:18 | WARNING  | src.extractors.shopify | Rate limit (429) en https://www.oasisgames.cl/products/mtg-urzas-power-plant-sphereantiquities.js. Esperando 2s...
2026-08-15 14:53:19 | WARNING  | src.extractors.shopify | Rate limit (429) en https://www.paytowin.cl/products/urzas-power-plant-eighth-edition.js. Esperando 1s...
2026-08-15 14:53:19 | WARNING  | src.extractors.shopify | Rate limit (429) en https://www.paytowin.cl/products/war-room-commander-masters.js. Esperando 2s...
2026-08-15 14:53:19 | WARNING  | src.extractors.shopify | Rate limit (429) en https://www.oasisgames.cl/products/war-room-commander-masters.js. Esperando 1s...
2026-08-15 14:53:20 | WARNING  | src.extractors.shopify | Rate limit (429) en https://www.paytowin.cl/products/volatile-fault-the-lost-caverns-of-ixalan.js. Esperando 1s...
2026-08-15 14:53:21 | WARNING  | src.extractors.shopify | Rate limit (429) en https://www.oasisgames.cl/products/war-room-commander-masters.js. Esperando 2s...
2026-08-15 14:53:21 | WARNING  | src.extractors.shopify | Rate limit (429) en https://www.paytowin.cl/products/urzas-tower-borderless-double-masters.js. Esperando 1s...
2026-08-15 14:53:21 | INFO     | src.extractors.shopify | [oasisgames.cl] Buscando (77/126): 'Wayfarer's Bauble'
2026-08-15 14:53:21 | WARNING  | src.extractors.shopify | Rate limit (429) en https://www.paytowin.cl/products/war-room-commander-masters.js. Esperando 4s...
2026-08-15 14:53:22 | WARNING  | src.extractors.shopify | Rate limit (429) en https://www.oasisgames.cl/products/warping-wail-modern-horizons-3-commander.js. Esperando 1s...
2026-08-15 14:53:22 | WARNING  | src.extractors.shopify | Rate limit (429) en https://www.paytowin.cl/products/urzas-power-plant-sphere-antiquities.js. Esperando 1s...
2026-08-15 14:53:22 | WARNING  | src.extractors.shopify | Rate limit (429) en https://www.oasisgames.cl/products/mtg-urzas-power-plant-rock-in-potchronicles.js. Esperando 1s...
2026-08-15 14:53:23 | WARNING  | src.extractors.shopify | Rate limit (429) en https://www.paytowin.cl/products/volatile-fault-ripple-foil-modern-horizons-3-commander.js. Esperando 1s...
2026-08-15 14:53:24 | WARNING  | src.extractors.shopify | Rate limit (429) en https://www.oasisgames.cl/products/mtg-urzas-power-plant-rock-in-potchronicles.js. Esperando 2s...
2026-08-15 14:53:24 | INFO     | src.extractors.shopify | [paytowin.cl] Buscando (75/126): 'Warping Wail'
2026-08-15 14:53:24 | WARNING  | src.extractors.shopify | Rate limit (429) en https://www.oasisgames.cl/products/war-room-doctor-who.js. Esperando 1s...
2026-08-15 14:53:25 | WARNING  | src.extractors.shopify | Rate limit (429) en https://www.oasisgames.cl/products/mtg-warping-wailoath-of-the-gatewatch.js. Esperando 1s...
2026-08-15 14:53:25 | WARNING  | src.extractors.shopify | Rate limit (429) en https://www.oasisgames.cl/products/encroaching-wastes-commander-legends.js. Esperando 1s...
2026-08-15 14:53:25 | WARNING  | src.extractors.shopify | Rate limit (429) en https://www.paytowin.cl/products/urzas-power-plant-columns-antiquities.js. Esperando 1s...
2026-08-15 14:53:26 | WARNING  | src.extractors.shopify | Rate limit (429) en https://www.paytowin.cl/products/void-winnower-battle-for-zendikar-promos.js. Esperando 1s...
2026-08-15 14:53:26 | WARNING  | src.extractors.shopify | Rate limit (429) en https://www.paytowin.cl/products/urzas-tower-mountains-chronicles.js. Esperando 1s...
2026-08-15 14:53:26 | WARNING  | src.extractors.shopify | Rate limit (429) en https://www.oasisgames.cl/products/war-room-doctor-who.js. Esperando 2s...
2026-08-15 14:53:26 | WARNING  | src.extractors.shopify | Rate limit (429) en https://www.oasisgames.cl/products/encroaching-wastes-commander-legends.js. Esperando 2s...
2026-08-15 14:53:26 | WARNING  | src.extractors.shopify | Rate limit (429) en https://www.oasisgames.cl/products/mtg-warping-wailoath-of-the-gatewatch.js. Esperando 2s...
2026-08-15 14:53:26 | WARNING  | src.extractors.shopify | Rate limit (429) en https://www.oasisgames.cl/products/mtg-urzas-power-plant-rock-in-potchronicles.js. Esperando 4s...
2026-08-15 14:53:26 | WARNING  | src.extractors.shopify | Rate limit (429) en https://www.paytowin.cl/products/urzas-power-plant-columns-antiquities.js. Esperando 2s...
2026-08-15 14:53:27 | INFO     | src.extractors.shopify | [paytowin.cl] Buscando (76/126): 'Wastes'
2026-08-15 14:53:27 | WARNING  | src.extractors.shopify | Rate limit (429) en https://www.paytowin.cl/products/warping-wail-oath-of-the-gatewatch.js. Esperando 1s...
2026-08-15 14:53:28 | WARNING  | src.extractors.shopify | Rate limit (429) en https://www.paytowin.cl/products/urzas-power-plant-columns-antiquities.js. Esperando 4s...
2026-08-15 14:53:29 | WARNING  | src.extractors.shopify | Rate limit (429) en https://www.paytowin.cl/products/warping-wail-oath-of-the-gatewatch.js. Esperando 2s...
2026-08-15 14:53:29 | WARNING  | src.extractors.shopify | Rate limit (429) en https://www.paytowin.cl/products/void-winnower-kaldheim-promo-pack.js. Esperando 1s...
2026-08-15 14:53:29 | WARNING  | src.extractors.shopify | Rate limit (429) en https://www.oasisgames.cl/products/wayfarers-bauble-fallout.js. Esperando 1s...
2026-08-15 14:53:29 | WARNING  | src.extractors.shopify | Rate limit (429) en https://www.paytowin.cl/products/war-room-secrets-of-strixhaven-commander.js. Esperando 1s...
2026-08-15 14:53:29 | WARNING  | src.extractors.shopify | Rate limit (429) en https://www.oasisgames.cl/products/war-room-secret-lair-angels.js. Esperando 1s...
2026-08-15 14:53:30 | WARNING  | src.extractors.shopify | Rate limit (429) en https://www.oasisgames.cl/products/warping-wail-borderless-edge-of-eternities-special-guests.js. Esperando 1s...
2026-08-15 14:53:30 | INFO     | src.extractors.shopify | [oasisgames.cl] Buscando (78/126): 'Worn Powerstone'
2026-08-15 14:53:30 | WARNING  | src.extractors.shopify | Rate limit (429) en https://www.oasisgames.cl/products/mtg-encroaching-wastesmagic-2014.js. Esperando 1s...
2026-08-15 14:53:30 | WARNING  | src.extractors.shopify | Rate limit (429) en https://www.oasisgames.cl/products/wayfarers-bauble-fallout.js. Esperando 2s...
2026-08-15 14:53:30 | WARNING  | src.extractors.shopify | Rate limit (429) en https://www.paytowin.cl/products/war-room-secrets-of-strixhaven-commander.js. Esperando 2s...
2026-08-15 14:53:32 | WARNING  | src.extractors.shopify | Rate limit (429) en https://www.paytowin.cl/products/void-winnower-battle-for-zendikar-1.js. Esperando 1s...
2026-08-15 14:53:32 | WARNING  | src.extractors.shopify | Rate limit (429) en https://www.oasisgames.cl/products/wayfarers-bauble-fallout.js. Esperando 4s...
2026-08-15 14:53:32 | WARNING  | src.extractors.shopify | Rate limit (429) en https://www.paytowin.cl/products/war-room-secrets-of-strixhaven-commander.js. Esperando 4s...
2026-08-15 14:53:32 | WARNING  | src.extractors.shopify | Rate limit (429) en https://www.oasisgames.cl/products/war-room-mkc-the-list.js. Esperando 1s...
2026-08-15 14:53:33 | WARNING  | src.extractors.shopify | Rate limit (429) en https://www.oasisgames.cl/products/warping-wail-ripple-foil-modern-horizons-3-commander.js. Esperando 1s...
2026-08-15 14:53:33 | WARNING  | src.extractors.shopify | Rate limit (429) en https://www.oasisgames.cl/products/mtg-map-the-wastesfate-reforged.js. Esperando 1s...
2026-08-15 14:53:33 | WARNING  | src.extractors.shopify | Rate limit (429) en https://www.oasisgames.cl/products/worn-powerstone-the-list.js. Esperando 1s...
2026-08-15 14:53:34 | WARNING  | src.extractors.shopify | Rate limit (429) en https://www.paytowin.cl/products/urzas-power-plant-rock-in-pot-chronicles.js. Esperando 1s...
2026-08-15 14:53:34 | WARNING  | src.extractors.shopify | Rate limit (429) en https://www.oasisgames.cl/products/mtg-map-the-wastesfate-reforged.js. Esperando 2s...
2026-08-15 14:53:34 | INFO     | src.extractors.shopify | [oasisgames.cl] Buscando (79/126): 'Zhalfirin Void'
2026-08-15 14:53:34 | WARNING  | src.extractors.shopify | Rate limit (429) en https://www.oasisgames.cl/products/worn-powerstone-the-list.js. Esperando 2s...
2026-08-15 14:53:34 | WARNING  | src.extractors.shopify | Rate limit (429) en https://www.paytowin.cl/products/warping-wail-commander-masters.js. Esperando 1s...
2026-08-15 14:53:35 | WARNING  | src.extractors.shopify | Rate limit (429) en https://www.paytowin.cl/products/void-winnower-winner-store-championship-2025.js. Esperando 1s...
2026-08-15 14:53:35 | WARNING  | src.extractors.shopify | Rate limit (429) en https://www.paytowin.cl/products/llanowar-wastes-borderless-alternate-art-the-brothers-war.js. Esperando 1s...
2026-08-15 14:53:35 | WARNING  | src.extractors.shopify | Rate limit (429) en https://www.paytowin.cl/products/urzas-power-plant-rock-in-pot-chronicles.js. Esperando 2s...
2026-08-15 14:53:35 | WARNING  | src.extractors.shopify | Rate limit (429) en https://www.oasisgames.cl/products/war-room-extended-art-doctor-who.js. Esperando 1s...
2026-08-15 14:53:37 | WARNING  | src.extractors.shopify | Rate limit (429) en https://www.oasisgames.cl/products/war-room-extended-art-doctor-who.js. Esperando 2s...
2026-08-15 14:53:37 | WARNING  | src.extractors.shopify | Rate limit (429) en https://www.paytowin.cl/products/urzas-power-plant-rock-in-pot-chronicles.js. Esperando 4s...
2026-08-15 14:53:37 | WARNING  | src.extractors.shopify | Rate limit (429) en https://www.oasisgames.cl/products/wayfarers-bauble-commander-masters.js. Esperando 1s...
2026-08-15 14:53:37 | WARNING  | src.extractors.shopify | Rate limit (429) en https://www.paytowin.cl/products/warping-wail-modern-horizons-3-commander.js. Esperando 1s...
2026-08-15 14:53:38 | WARNING  | src.extractors.shopify | Rate limit (429) en https://www.paytowin.cl/products/void-winnower-battle-for-zendikar-promos-1.js. Esperando 1s...
2026-08-15 14:53:38 | WARNING  | src.extractors.shopify | Rate limit (429) en https://www.paytowin.cl/products/war-room-extended-art-commander-legends.js. Esperando 1s...
2026-08-15 14:53:38 | WARNING  | src.extractors.shopify | Rate limit (429) en https://www.paytowin.cl/products/wastes-183-full-art-oath-of-the-gatewatch.js. Esperando 1s...
2026-08-15 14:53:38 | WARNING  | src.extractors.shopify | Rate limit (429) en https://www.oasisgames.cl/products/reclaim-the-wastes-zendikar-rising.js. Esperando 1s...
2026-08-15 14:53:38 | WARNING  | src.extractors.shopify | Rate limit (429) en https://www.oasisgames.cl/products/mtg-worn-powerstonecommander-2015.js. Esperando 1s...
2026-08-15 14:53:39 | WARNING  | src.extractors.shopify | Rate limit (429) en https://www.paytowin.cl/products/wastes-183-full-art-oath-of-the-gatewatch.js. Esperando 2s...
2026-08-15 14:53:39 | INFO     | src.extractors.shopify | [paytowin.cl] Buscando (77/126): 'Wayfarer's Bauble'
2026-08-15 14:53:39 | WARNING  | src.extractors.shopify | Rate limit (429) en https://www.oasisgames.cl/products/reclaim-the-wastes-zendikar-rising.js. Esperando 2s...
2026-08-15 14:53:39 | WARNING  | src.extractors.shopify | Rate limit (429) en https://www.oasisgames.cl/products/mtg-worn-powerstonecommander-2015.js. Esperando 2s...
2026-08-15 14:53:40 | WARNING  | src.extractors.shopify | Rate limit (429) en https://www.oasisgames.cl/products/zhalfirin-void-the-list.js. Esperando 1s...
2026-08-15 14:53:41 | WARNING  | src.extractors.shopify | Rate limit (429) en https://www.paytowin.cl/products/warping-wail-oath-of-the-gatewatch-1.js. Esperando 1s...
2026-08-15 14:53:41 | WARNING  | src.extractors.shopify | Rate limit (429) en https://www.oasisgames.cl/products/mtg-wayfarers-baublecommander-2014.js. Esperando 1s...
2026-08-15 14:53:41 | WARNING  | src.extractors.shopify | Rate limit (429) en https://www.paytowin.cl/products/war-room-doctor-who.js. Esperando 1s...
2026-08-15 14:53:41 | INFO     | src.extractors.shopify | [paytowin.cl] Buscando (78/126): 'Worn Powerstone'
2026-08-15 14:53:41 | WARNING  | src.extractors.shopify | Rate limit (429) en https://www.oasisgames.cl/products/reclaim-the-wastes-zendikar-rising.js. Esperando 4s...
2026-08-15 14:53:41 | WARNING  | src.extractors.shopify | Rate limit (429) en https://www.paytowin.cl/products/wastes-183-full-art-oath-of-the-gatewatch.js. Esperando 4s...
2026-08-15 14:53:41 | WARNING  | src.extractors.shopify | Rate limit (429) en https://www.oasisgames.cl/products/mtg-worn-powerstonecommander-2015.js. Esperando 4s...
2026-08-15 14:53:42 | WARNING  | src.extractors.shopify | Rate limit (429) en https://www.oasisgames.cl/products/mtg-wayfarers-baublecommander-2014.js. Esperando 2s...
2026-08-15 14:53:42 | WARNING  | src.extractors.shopify | Rate limit (429) en https://www.paytowin.cl/products/war-room-doctor-who.js. Esperando 2s...
2026-08-15 14:53:43 | WARNING  | src.extractors.shopify | Rate limit (429) en https://www.paytowin.cl/products/warping-wail-ripple-foil-modern-horizons-3-commander.js. Esperando 1s...
2026-08-15 14:53:44 | WARNING  | src.extractors.shopify | Rate limit (429) en https://www.oasisgames.cl/products/mtg-wayfarers-baublecommander-2014.js. Esperando 4s...
2026-08-15 14:53:44 | WARNING  | src.extractors.shopify | Rate limit (429) en https://www.oasisgames.cl/products/war-room-surge-foil-doctor-who.js. Esperando 1s...
2026-08-15 14:53:45 | WARNING  | src.extractors.shopify | Rate limit (429) en https://www.paytowin.cl/products/warping-wail-ripple-foil-modern-horizons-3-commander.js. Esperando 2s...
2026-08-15 14:53:45 | INFO     | src.extractors.shopify | [oasisgames.cl] Buscando (80/126): 'Acorn Harvest'
2026-08-15 14:53:46 | WARNING  | src.extractors.shopify | Rate limit (429) en https://www.oasisgames.cl/products/war-room-surge-foil-doctor-who.js. Esperando 2s...
2026-08-15 14:53:46 | WARNING  | src.extractors.shopify | Rate limit (429) en https://www.paytowin.cl/products/war-room-extended-art-doctor-who.js. Esperando 1s...
2026-08-15 14:53:47 | INFO     | src.extractors.shopify | [paytowin.cl] Buscando (79/126): 'Zhalfirin Void'
2026-08-15 14:53:47 | WARNING  | src.extractors.shopify | Rate limit (429) en https://www.paytowin.cl/products/snow-covered-wastes-retro-modern-horizons-3.js. Esperando 1s...
2026-08-15 14:53:47 | WARNING  | src.extractors.shopify | Rate limit (429) en https://www.paytowin.cl/products/war-room-extended-art-doctor-who.js. Esperando 2s...
2026-08-15 14:53:48 | INFO     | src.extractors.shopify | [oasisgames.cl] Buscando (81/126): 'Avatar Sanctuary'
2026-08-15 14:53:48 | WARNING  | src.extractors.shopify | Rate limit (429) en https://www.paytowin.cl/products/snow-covered-wastes-retro-modern-horizons-3.js. Esperando 2s...
2026-08-15 14:53:49 | WARNING  | src.extractors.shopify | Rate limit (429) en https://www.paytowin.cl/products/worn-powerstone-eternal-masters.js. Esperando 1s...
2026-08-15 14:53:49 | WARNING  | src.extractors.shopify | Rate limit (429) en https://www.paytowin.cl/products/wayfarers-bauble-modern-masters-2015.js. Esperando 1s...
2026-08-15 14:53:49 | INFO     | src.extractors.shopify | [oasisgames.cl] Buscando (82/126): 'Banner of Kinship'
2026-08-15 14:53:49 | WARNING  | src.extractors.shopify | Rate limit (429) en https://www.paytowin.cl/products/war-room-extended-art-doctor-who.js. Esperando 4s...
2026-08-15 14:53:49 | INFO     | src.extractors.shopify | [oasisgames.cl] Buscando (83/126): 'Beastmaster Ascension'
2026-08-15 14:53:49 | WARNING  | src.extractors.shopify | Rate limit (429) en https://www.oasisgames.cl/products/wayfarers-bauble-doctor-who.js. Esperando 1s...
2026-08-15 14:53:49 | WARNING  | src.extractors.shopify | Rate limit (429) en https://www.oasisgames.cl/products/worn-powerstone-commander-masters.js. Esperando 1s...
2026-08-15 14:53:50 | INFO     | src.extractors.shopify | [oasisgames.cl] Buscando (84/126): 'Champion of Lambholt'
2026-08-15 14:53:50 | WARNING  | src.extractors.shopify | Rate limit (429) en https://www.paytowin.cl/products/zhalfirin-void-dominaria.js. Esperando 1s...
2026-08-15 14:53:50 | WARNING  | src.extractors.shopify | Rate limit (429) en https://www.oasisgames.cl/products/wayfarers-bauble-doctor-who.js. Esperando 2s...
2026-08-15 14:53:51 | WARNING  | src.extractors.shopify | Rate limit (429) en https://www.paytowin.cl/products/zhalfirin-void-dominaria.js. Esperando 2s...
2026-08-15 14:53:52 | WARNING  | src.extractors.shopify | Rate limit (429) en https://www.paytowin.cl/products/worn-powerstone-commander-2015.js. Esperando 1s...
2026-08-15 14:53:52 | WARNING  | src.extractors.shopify | Rate limit (429) en https://www.paytowin.cl/products/wayfarers-bauble-surge-foil-fallout.js. Esperando 1s...
2026-08-15 14:53:52 | WARNING  | src.extractors.shopify | Rate limit (429) en https://www.paytowin.cl/products/wastes-jumpstart-2022.js. Esperando 1s...
2026-08-15 14:53:53 | WARNING  | src.extractors.shopify | Rate limit (429) en https://www.paytowin.cl/products/wastes-jumpstart-2022.js. Esperando 2s...
2026-08-15 14:53:53 | WARNING  | src.extractors.shopify | Rate limit (429) en https://www.oasisgames.cl/products/champion-of-lambholt-innistrad-midnight-hunt-commander.js. Esperando 1s...
2026-08-15 14:53:53 | WARNING  | src.extractors.shopify | Rate limit (429) en https://www.paytowin.cl/products/zhalfirin-void-dominaria.js. Esperando 4s...
2026-08-15 14:53:54 | WARNING  | src.extractors.shopify | Rate limit (429) en https://www.oasisgames.cl/products/banner-of-kinship-foundations-prerelease-promos.js. Esperando 1s...
2026-08-15 14:53:54 | WARNING  | src.extractors.shopify | Rate limit (429) en https://www.oasisgames.cl/products/mtg-wayfarers-baublecommander-2017.js. Esperando 1s...
2026-08-15 14:53:54 | WARNING  | src.extractors.shopify | Rate limit (429) en https://www.oasisgames.cl/products/mtg-worn-powerstoneeternal-masters.js. Esperando 1s...
2026-08-15 14:53:55 | WARNING  | src.extractors.shopify | Rate limit (429) en https://www.oasisgames.cl/products/champion-of-lambholt-innistrad-midnight-hunt-commander.js. Esperando 2s...
2026-08-15 14:53:55 | WARNING  | src.extractors.shopify | Rate limit (429) en https://www.oasisgames.cl/products/mtg-beastmaster-ascension-mystery-booster.js. Esperando 1s...
2026-08-15 14:53:55 | WARNING  | src.extractors.shopify | Rate limit (429) en https://www.paytowin.cl/products/wastes-jumpstart-2022.js. Esperando 4s...
2026-08-15 14:53:55 | WARNING  | src.extractors.shopify | Rate limit (429) en https://www.oasisgames.cl/products/banner-of-kinship-foundations-prerelease-promos.js. Esperando 2s...
2026-08-15 14:53:55 | WARNING  | src.extractors.shopify | Rate limit (429) en https://www.oasisgames.cl/products/mtg-wayfarers-baublecommander-2017.js. Esperando 2s...
2026-08-15 14:53:56 | WARNING  | src.extractors.shopify | Rate limit (429) en https://www.oasisgames.cl/products/mtg-worn-powerstoneeternal-masters.js. Esperando 2s...
2026-08-15 14:53:56 | WARNING  | src.extractors.shopify | Rate limit (429) en https://www.paytowin.cl/products/war-room-secret-lair-angels.js. Esperando 1s...
2026-08-15 14:53:57 | WARNING  | src.extractors.shopify | Rate limit (429) en https://www.paytowin.cl/products/worn-powerstone-modern-horizons-3.js. Esperando 1s...
2026-08-15 14:53:57 | WARNING  | src.extractors.shopify | Rate limit (429) en https://www.paytowin.cl/products/wayfarers-bauble-commander-legends-battle-for-baldurs-gate.js. Esperando 1s...
2026-08-15 14:53:58 | WARNING  | src.extractors.shopify | Rate limit (429) en https://www.oasisgames.cl/products/banner-of-kinship-foundations-prerelease-promos.js. Esperando 4s...
2026-08-15 14:53:58 | WARNING  | src.extractors.shopify | Rate limit (429) en https://www.paytowin.cl/products/wayfarers-bauble-commander-legends-battle-for-baldurs-gate.js. Esperando 2s...
2026-08-15 14:53:58 | WARNING  | src.extractors.shopify | Rate limit (429) en https://www.oasisgames.cl/products/mtg-champion-of-lambholtcommander-2016.js. Esperando 1s...
2026-08-15 14:53:59 | WARNING  | src.extractors.shopify | Rate limit (429) en https://www.paytowin.cl/products/zhalfirin-void-dominaria-promos.js. Esperando 1s...
2026-08-15 14:54:00 | WARNING  | src.extractors.shopify | Rate limit (429) en https://www.paytowin.cl/products/war-room-borderless-fallout-promos.js. Esperando 1s...
2026-08-15 14:54:00 | WARNING  | src.extractors.shopify | Rate limit (429) en https://www.oasisgames.cl/products/mtg-wayfarers-baublefifth-dawn.js. Esperando 1s...
2026-08-15 14:54:00 | WARNING  | src.extractors.shopify | Rate limit (429) en https://www.oasisgames.cl/products/mtg-champion-of-lambholtcommander-2016.js. Esperando 2s...
2026-08-15 14:54:00 | WARNING  | src.extractors.shopify | Rate limit (429) en https://www.oasisgames.cl/products/mtg-worn-powerstoneurzas-saga.js. Esperando 1s...
2026-08-15 14:54:00 | WARNING  | src.extractors.shopify | Rate limit (429) en https://www.oasisgames.cl/products/beastmaster-ascension-bloomburrow-commander.js. Esperando 1s...
2026-08-15 14:54:00 | WARNING  | src.extractors.shopify | Rate limit (429) en https://www.paytowin.cl/products/zhalfirin-void-dominaria-promos.js. Esperando 2s...
2026-08-15 14:54:00 | WARNING  | src.extractors.shopify | Rate limit (429) en https://www.paytowin.cl/products/wayfarers-bauble-commander-legends-battle-for-baldurs-gate.js. Esperando 4s...
2026-08-15 14:54:02 | WARNING  | src.extractors.shopify | Rate limit (429) en https://www.oasisgames.cl/products/mtg-champion-of-lambholtcommander-2016.js. Esperando 4s...
2026-08-15 14:54:02 | WARNING  | src.extractors.shopify | Rate limit (429) en https://www.paytowin.cl/products/worn-powerstone-duel-decks-phyrexia-vs-the-coalition.js. Esperando 1s...
2026-08-15 14:54:02 | WARNING  | src.extractors.shopify | Rate limit (429) en https://www.paytowin.cl/products/zhalfirin-void-dominaria-promos.js. Esperando 4s...
2026-08-15 14:54:03 | WARNING  | src.extractors.shopify | Rate limit (429) en https://www.oasisgames.cl/products/wayfarers-bauble-magicfest-2026.js. Esperando 1s...
2026-08-15 14:54:03 | WARNING  | src.extractors.shopify | Rate limit (429) en https://www.oasisgames.cl/products/mtg-worn-powerstonecommander-2017.js. Esperando 1s...
2026-08-15 14:54:03 | INFO     | src.extractors.shopify | [paytowin.cl] Buscando (80/126): 'Acorn Harvest'
2026-08-15 14:54:03 | WARNING  | src.extractors.shopify | Rate limit (429) en https://www.oasisgames.cl/products/mtg-beastmaster-ascensioncommander-anthology.js. Esperando 1s...
2026-08-15 14:54:03 | WARNING  | src.extractors.shopify | Rate limit (429) en https://www.oasisgames.cl/products/banner-of-kinship-borderless-mana-foil-foundations.js. Esperando 1s...
2026-08-15 14:54:04 | WARNING  | src.extractors.shopify | Rate limit (429) en https://www.oasisgames.cl/products/mtg-beastmaster-ascensioncommander-anthology.js. Esperando 2s...
2026-08-15 14:54:04 | WARNING  | src.extractors.shopify | Rate limit (429) en https://www.oasisgames.cl/products/banner-of-kinship-borderless-mana-foil-foundations.js. Esperando 2s...
2026-08-15 14:54:05 | WARNING  | src.extractors.shopify | Rate limit (429) en https://www.paytowin.cl/products/llanowar-wastes-magic-2015.js. Esperando 1s...
2026-08-15 14:54:05 | WARNING  | src.extractors.shopify | Rate limit (429) en https://www.paytowin.cl/products/worn-powerstone-commander-2018.js. Esperando 1s...
2026-08-15 14:54:06 | WARNING  | src.extractors.shopify | Rate limit (429) en https://www.oasisgames.cl/products/mtg-wayfarers-baublecommander-2015.js. Esperando 1s...
2026-08-15 14:54:06 | WARNING  | src.extractors.shopify | Rate limit (429) en https://www.oasisgames.cl/products/banner-of-kinship-borderless-mana-foil-foundations.js. Esperando 4s...
2026-08-15 14:54:06 | WARNING  | src.extractors.shopify | Rate limit (429) en https://www.paytowin.cl/products/acorn-harvest-torment.js. Esperando 1s...
2026-08-15 14:54:07 | WARNING  | src.extractors.shopify | Rate limit (429) en https://www.oasisgames.cl/products/mtg-wayfarers-baublecommander-2015.js. Esperando 2s...
2026-08-15 14:54:07 | WARNING  | src.extractors.shopify | Rate limit (429) en https://www.oasisgames.cl/products/mtg-champion-of-lambholt-jumpstart.js. Esperando 1s...
2026-08-15 14:54:07 | WARNING  | src.extractors.shopify | Rate limit (429) en https://www.paytowin.cl/products/acorn-harvest-torment.js. Esperando 2s...
2026-08-15 14:54:08 | WARNING  | src.extractors.shopify | Rate limit (429) en https://www.paytowin.cl/products/llanowar-wastes-ninth-edition.js. Esperando 1s...
2026-08-15 14:54:08 | WARNING  | src.extractors.shopify | Rate limit (429) en https://www.paytowin.cl/products/worn-powerstone-commander-masters.js. Esperando 1s...
2026-08-15 14:54:08 | WARNING  | src.extractors.shopify | Rate limit (429) en https://www.paytowin.cl/products/wayfarers-bauble-commander-2013.js. Esperando 1s...
2026-08-15 14:54:08 | WARNING  | src.extractors.shopify | Rate limit (429) en https://www.paytowin.cl/products/zhalfirin-void-the-list.js. Esperando 1s...
2026-08-15 14:54:08 | INFO     | src.extractors.shopify | [oasisgames.cl] Buscando (85/126): 'Chatter of the Squirrel'
2026-08-15 14:54:08 | WARNING  | src.extractors.shopify | Rate limit (429) en https://www.oasisgames.cl/products/mtg-beastmaster-ascensioncommander-2016.js. Esperando 1s...
2026-08-15 14:54:08 | WARNING  | src.extractors.shopify | Rate limit (429) en https://www.oasisgames.cl/products/mtg-champion-of-lambholt-jumpstart.js. Esperando 2s...
2026-08-15 14:54:09 | INFO     | src.extractors.shopify | [oasisgames.cl] Buscando (86/126): 'Chitterspitter'
2026-08-15 14:54:09 | INFO     | src.extractors.shopify | [paytowin.cl] Buscando (81/126): 'Avatar Sanctuary'
2026-08-15 14:54:09 | INFO     | src.extractors.shopify | [paytowin.cl] Buscando (82/126): 'Banner of Kinship'
2026-08-15 14:54:09 | WARNING  | src.extractors.shopify | Rate limit (429) en https://www.oasisgames.cl/products/mtg-beastmaster-ascensioncommander-2016.js. Esperando 2s...
2026-08-15 14:54:09 | WARNING  | src.extractors.shopify | Rate limit (429) en https://www.paytowin.cl/products/acorn-harvest-torment.js. Esperando 4s...
2026-08-15 14:54:11 | WARNING  | src.extractors.shopify | Rate limit (429) en https://www.paytowin.cl/products/wayfarers-bauble-the-list.js. Esperando 1s...
2026-08-15 14:54:11 | WARNING  | src.extractors.shopify | Rate limit (429) en https://www.paytowin.cl/products/zhalfirin-void-dungeons-dragons-adventures-in-the-forgotten-realms-commander.js. Esperando 1s...
2026-08-15 14:54:12 | WARNING  | src.extractors.shopify | Rate limit (429) en https://www.paytowin.cl/products/wayfarers-bauble-the-list.js. Esperando 2s...
2026-08-15 14:54:12 | WARNING  | src.extractors.shopify | Rate limit (429) en https://www.paytowin.cl/products/zhalfirin-void-dungeons-dragons-adventures-in-the-forgotten-realms-commander.js. Esperando 2s...
2026-08-15 14:54:12 | WARNING  | src.extractors.shopify | Rate limit (429) en https://www.oasisgames.cl/products/mtg-champion-of-lambholtavacyn-restored.js. Esperando 1s...
2026-08-15 14:54:13 | WARNING  | src.extractors.shopify | Rate limit (429) en https://www.oasisgames.cl/products/chitterspitter-modern-horizons-2.js. Esperando 1s...
2026-08-15 14:54:13 | WARNING  | src.extractors.shopify | Rate limit (429) en https://www.oasisgames.cl/products/mtg-beastmaster-ascensioncommander-2015.js. Esperando 1s...
2026-08-15 14:54:13 | WARNING  | src.extractors.shopify | Rate limit (429) en https://www.oasisgames.cl/products/mtg-champion-of-lambholtavacyn-restored.js. Esperando 2s...
2026-08-15 14:54:13 | INFO     | src.extractors.shopify | [paytowin.cl] Buscando (83/126): 'Beastmaster Ascension'
2026-08-15 14:54:14 | WARNING  | src.extractors.shopify | Rate limit (429) en https://www.paytowin.cl/products/wayfarers-bauble-the-list.js. Esperando 4s...
2026-08-15 14:54:14 | WARNING  | src.extractors.shopify | Rate limit (429) en https://www.paytowin.cl/products/zhalfirin-void-dungeons-dragons-adventures-in-the-forgotten-realms-commander.js. Esperando 4s...
2026-08-15 14:54:14 | WARNING  | src.extractors.shopify | Rate limit (429) en https://www.oasisgames.cl/products/mtg-beastmaster-ascensioncommander-2015.js. Esperando 2s...
2026-08-15 14:54:15 | WARNING  | src.extractors.shopify | Rate limit (429) en https://www.paytowin.cl/products/avatar-sanctuary-cryptolith-rite-rainbow-foil-secret-lair-drop-series.js. Esperando 1s...
2026-08-15 14:54:15 | WARNING  | src.extractors.shopify | Rate limit (429) en https://www.oasisgames.cl/products/mtg-champion-of-lambholtavacyn-restored.js. Esperando 4s...
2026-08-15 14:54:16 | WARNING  | src.extractors.shopify | Rate limit (429) en https://www.oasisgames.cl/products/chatter-of-the-squirrel-the-list.js. Esperando 1s...
2026-08-15 14:54:16 | WARNING  | src.extractors.shopify | Rate limit (429) en https://www.oasisgames.cl/products/banner-of-kinship-promo-pack-foundations-promos.js. Esperando 1s...
2026-08-15 14:54:16 | WARNING  | src.extractors.shopify | Rate limit (429) en https://www.oasisgames.cl/products/chitterspitter-extended-modern-horizons-2.js. Esperando 1s...
2026-08-15 14:54:16 | INFO     | src.extractors.shopify | [paytowin.cl] Buscando (84/126): 'Champion of Lambholt'
2026-08-15 14:54:16 | WARNING  | src.extractors.shopify | Rate limit (429) en https://www.oasisgames.cl/products/mtg-beastmaster-ascensioncommander-2015.js. Esperando 4s...
2026-08-15 14:54:17 | WARNING  | src.extractors.shopify | Rate limit (429) en https://www.paytowin.cl/products/beastmaster-ascension-zendikar.js. Esperando 1s...
2026-08-15 14:54:17 | INFO     | src.extractors.shopify | [oasisgames.cl] Buscando (87/126): 'Deep Forest Hermit'
2026-08-15 14:54:18 | INFO     | src.extractors.shopify | [paytowin.cl] Buscando (85/126): 'Chatter of the Squirrel'
2026-08-15 14:54:18 | INFO     | src.extractors.shopify | [paytowin.cl] Buscando (86/126): 'Chitterspitter'
2026-08-15 14:54:19 | WARNING  | src.extractors.shopify | Rate limit (429) en https://www.oasisgames.cl/products/chatter-of-the-squirrel-double-masters.js. Esperando 1s...
2026-08-15 14:54:19 | WARNING  | src.extractors.shopify | Rate limit (429) en https://www.oasisgames.cl/products/chitterspitter-bloomburrow-commander.js. Esperando 1s...
2026-08-15 14:54:19 | WARNING  | src.extractors.shopify | Rate limit (429) en https://www.paytowin.cl/products/champion-of-lambholt-avacyn-restored.js. Esperando 1s...
2026-08-15 14:54:20 | INFO     | src.extractors.shopify | [oasisgames.cl] Buscando (88/126): 'Druid's Call'
2026-08-15 14:54:20 | WARNING  | src.extractors.shopify | Rate limit (429) en https://www.oasisgames.cl/products/chitterspitter-bloomburrow-commander.js. Esperando 2s...
2026-08-15 14:54:21 | WARNING  | src.extractors.shopify | Rate limit (429) en https://www.paytowin.cl/products/banner-of-kinship-promo-pack-foundations-promos.js. Esperando 1s...
2026-08-15 14:54:21 | WARNING  | src.extractors.shopify | Rate limit (429) en https://www.paytowin.cl/products/champion-of-lambholt-avacyn-restored.js. Esperando 2s...
2026-08-15 14:54:22 | WARNING  | src.extractors.shopify | Rate limit (429) en https://www.oasisgames.cl/products/chitterspitter-bloomburrow-commander.js. Esperando 4s...
2026-08-15 14:54:22 | WARNING  | src.extractors.shopify | Rate limit (429) en https://www.oasisgames.cl/products/beastmaster-ascension-zen-the-list.js. Esperando 1s...
2026-08-15 14:54:22 | WARNING  | src.extractors.shopify | Rate limit (429) en https://www.paytowin.cl/products/beastmaster-ascension-commander-2015.js. Esperando 1s...
2026-08-15 14:54:23 | WARNING  | src.extractors.shopify | Rate limit (429) en https://www.paytowin.cl/products/champion-of-lambholt-avacyn-restored.js. Esperando 4s...
2026-08-15 14:54:23 | WARNING  | src.extractors.shopify | Rate limit (429) en https://www.paytowin.cl/products/beastmaster-ascension-commander-2015.js. Esperando 2s...
2026-08-15 14:54:23 | WARNING  | src.extractors.shopify | Rate limit (429) en https://www.oasisgames.cl/products/beastmaster-ascension-zen-the-list.js. Esperando 2s...
2026-08-15 14:54:23 | WARNING  | src.extractors.shopify | Rate limit (429) en https://www.oasisgames.cl/products/mtg-druids-callodyssey-1.js. Esperando 1s...
2026-08-15 14:54:24 | WARNING  | src.extractors.shopify | Rate limit (429) en https://www.paytowin.cl/products/banner-of-kinship-borderless-mana-foil-foundations.js. Esperando 1s...
2026-08-15 14:54:25 | WARNING  | src.extractors.shopify | Rate limit (429) en https://www.oasisgames.cl/products/mtg-druids-callodyssey-1.js. Esperando 2s...
2026-08-15 14:54:25 | WARNING  | src.extractors.shopify | Rate limit (429) en https://www.paytowin.cl/products/banner-of-kinship-borderless-mana-foil-foundations.js. Esperando 2s...
2026-08-15 14:54:25 | WARNING  | src.extractors.shopify | Rate limit (429) en https://www.paytowin.cl/products/beastmaster-ascension-commander-2015.js. Esperando 4s...
2026-08-15 14:54:27 | WARNING  | src.extractors.shopify | Rate limit (429) en https://www.oasisgames.cl/products/mtg-druids-callodyssey-1.js. Esperando 4s...
2026-08-15 14:54:27 | WARNING  | src.extractors.shopify | Rate limit (429) en https://www.paytowin.cl/products/banner-of-kinship-borderless-mana-foil-foundations.js. Esperando 4s...
2026-08-15 14:54:27 | WARNING  | src.extractors.shopify | Rate limit (429) en https://www.oasisgames.cl/products/deep-forest-hermit-retro-etched-foil-modern-horizons-2.js. Esperando 1s...
2026-08-15 14:54:27 | WARNING  | src.extractors.shopify | Rate limit (429) en https://www.oasisgames.cl/products/mtg-champion-of-lambholtcommander-anthology-volume-ii.js. Esperando 1s...
2026-08-15 14:54:27 | WARNING  | src.extractors.shopify | Rate limit (429) en https://www.oasisgames.cl/products/beastmaster-ascension-secret-lair-drop-series.js. Esperando 1s...
2026-08-15 14:54:28 | WARNING  | src.extractors.shopify | Rate limit (429) en https://www.paytowin.cl/products/chatter-of-the-squirrel-secret-lair-drop.js. Esperando 1s...
2026-08-15 14:54:28 | INFO     | src.extractors.shopify | [oasisgames.cl] Buscando (89/126): 'Emerald Medallion'
2026-08-15 14:54:28 | WARNING  | src.extractors.shopify | Rate limit (429) en https://www.oasisgames.cl/products/mtg-champion-of-lambholtcommander-anthology-volume-ii.js. Esperando 2s...
2026-08-15 14:54:28 | INFO     | src.extractors.shopify | [oasisgames.cl] Buscando (90/126): 'Enduring Vitality'
2026-08-15 14:54:28 | INFO     | src.extractors.shopify | [paytowin.cl] Buscando (87/126): 'Deep Forest Hermit'
2026-08-15 14:54:28 | WARNING  | src.extractors.shopify | Rate limit (429) en https://www.paytowin.cl/products/champion-of-lambholt-march-of-the-machine-commander.js. Esperando 1s...
2026-08-15 14:54:28 | WARNING  | src.extractors.shopify | Rate limit (429) en https://www.oasisgames.cl/products/beastmaster-ascension-secret-lair-drop-series.js. Esperando 2s...
2026-08-15 14:54:29 | INFO     | src.extractors.shopify | [paytowin.cl] Buscando (88/126): 'Druid's Call'
2026-08-15 14:54:29 | WARNING  | src.extractors.shopify | Rate limit (429) en https://www.paytowin.cl/products/champion-of-lambholt-march-of-the-machine-commander.js. Esperando 2s...
2026-08-15 14:54:30 | WARNING  | src.extractors.shopify | Rate limit (429) en https://www.oasisgames.cl/products/beastmaster-ascension-secret-lair-drop-series.js. Esperando 4s...
2026-08-15 14:54:31 | INFO     | src.extractors.shopify | [paytowin.cl] Buscando (89/126): 'Emerald Medallion'
2026-08-15 14:54:32 | WARNING  | src.extractors.shopify | Rate limit (429) en https://www.paytowin.cl/products/druids-call-odyssey.js. Esperando 1s...
2026-08-15 14:54:33 | WARNING  | src.extractors.shopify | Rate limit (429) en https://www.paytowin.cl/products/champion-of-lambholt-streets-of-new-capenna-commander.js. Esperando 1s...
2026-08-15 14:54:33 | WARNING  | src.extractors.shopify | Rate limit (429) en https://www.oasisgames.cl/products/emerald-medallion-commander-masters.js. Esperando 1s...
2026-08-15 14:54:34 | WARNING  | src.extractors.shopify | Rate limit (429) en https://www.oasisgames.cl/products/enduring-vitality-duskmourn-house-of-horror.js. Esperando 1s...
2026-08-15 14:54:34 | WARNING  | src.extractors.shopify | Rate limit (429) en https://www.oasisgames.cl/products/champion-of-lambholt-kamigawa-neon-dynasty-commander.js. Esperando 1s...
2026-08-15 14:54:34 | WARNING  | src.extractors.shopify | Rate limit (429) en https://www.oasisgames.cl/products/druids-call-the-list.js. Esperando 1s...
2026-08-15 14:54:34 | WARNING  | src.extractors.shopify | Rate limit (429) en https://www.paytowin.cl/products/emerald-medallion-tempest.js. Esperando 1s...
2026-08-15 14:54:34 | WARNING  | src.extractors.shopify | Rate limit (429) en https://www.paytowin.cl/products/champion-of-lambholt-streets-of-new-capenna-commander.js. Esperando 2s...
2026-08-15 14:54:35 | WARNING  | src.extractors.shopify | Rate limit (429) en https://www.paytowin.cl/products/beastmaster-ascension-mystery-booster.js. Esperando 1s...
2026-08-15 14:54:35 | WARNING  | src.extractors.shopify | Rate limit (429) en https://www.oasisgames.cl/products/champion-of-lambholt-kamigawa-neon-dynasty-commander.js. Esperando 2s...
2026-08-15 14:54:35 | WARNING  | src.extractors.shopify | Rate limit (429) en https://www.oasisgames.cl/products/druids-call-the-list.js. Esperando 2s...
2026-08-15 14:54:35 | WARNING  | src.extractors.shopify | Rate limit (429) en https://www.paytowin.cl/products/emerald-medallion-tempest.js. Esperando 2s...
2026-08-15 14:54:36 | WARNING  | src.extractors.shopify | Rate limit (429) en https://www.oasisgames.cl/products/beastmaster-ascension-streets-of-new-capenna-commander.js. Esperando 1s...
2026-08-15 14:54:36 | INFO     | src.extractors.shopify | [paytowin.cl] Buscando (90/126): 'Enduring Vitality'
2026-08-15 14:54:36 | WARNING  | src.extractors.shopify | Rate limit (429) en https://www.paytowin.cl/products/champion-of-lambholt-streets-of-new-capenna-commander.js. Esperando 4s...
2026-08-15 14:54:37 | WARNING  | src.extractors.shopify | Rate limit (429) en https://www.oasisgames.cl/products/enduring-vitality-extended-art-duskmourn-house-of-horror.js. Esperando 1s...
2026-08-15 14:54:37 | WARNING  | src.extractors.shopify | Rate limit (429) en https://www.oasisgames.cl/products/beastmaster-ascension-streets-of-new-capenna-commander.js. Esperando 2s...
2026-08-15 14:54:37 | WARNING  | src.extractors.shopify | Rate limit (429) en https://www.oasisgames.cl/products/champion-of-lambholt-kamigawa-neon-dynasty-commander.js. Esperando 4s...
2026-08-15 14:54:37 | WARNING  | src.extractors.shopify | Rate limit (429) en https://www.oasisgames.cl/products/druids-call-the-list.js. Esperando 4s...
2026-08-15 14:54:37 | WARNING  | src.extractors.shopify | Rate limit (429) en https://www.paytowin.cl/products/emerald-medallion-tempest.js. Esperando 4s...
2026-08-15 14:54:38 | WARNING  | src.extractors.shopify | Rate limit (429) en https://www.paytowin.cl/products/deep-forest-hermit-retro-etched-foil-modern-horizons-2.js. Esperando 1s...
2026-08-15 14:54:38 | WARNING  | src.extractors.shopify | Rate limit (429) en https://www.paytowin.cl/products/beastmaster-ascension-commander-anthology.js. Esperando 1s...
2026-08-15 14:54:39 | WARNING  | src.extractors.shopify | Rate limit (429) en https://www.oasisgames.cl/products/beastmaster-ascension-streets-of-new-capenna-commander.js. Esperando 4s...
2026-08-15 14:54:39 | INFO     | src.extractors.shopify | [paytowin.cl] Buscando (91/126): 'Essence Warden'
2026-08-15 14:54:40 | WARNING  | src.extractors.shopify | Rate limit (429) en https://www.paytowin.cl/products/enduring-vitality-duskmourn-house-of-horror.js. Esperando 1s...
2026-08-15 14:54:41 | WARNING  | src.extractors.shopify | Rate limit (429) en https://www.oasisgames.cl/products/emerald-medallion-foil-etched-commander-masters.js. Esperando 1s...
2026-08-15 14:54:41 | WARNING  | src.extractors.shopify | Rate limit (429) en https://www.paytowin.cl/products/beastmaster-ascension-bloomburrow-commander.js. Esperando 1s...
2026-08-15 14:54:41 | INFO     | src.extractors.shopify | [oasisgames.cl] Buscando (91/126): 'Essence Warden'
2026-08-15 14:54:41 | INFO     | src.extractors.shopify | [oasisgames.cl] Buscando (92/126): 'Firdoch Core'
2026-08-15 14:54:43 | WARNING  | src.extractors.shopify | Rate limit (429) en https://www.paytowin.cl/products/enduring-vitality-japan-showcase-japanese-duskmourn-house-of-horror.js. Esperando 1s...
2026-08-15 14:54:43 | WARNING  | src.extractors.shopify | Rate limit (429) en https://www.paytowin.cl/products/essence-warden-planar-chaos.js. Esperando 1s...
2026-08-15 14:54:43 | INFO     | src.extractors.shopify | [oasisgames.cl] Buscando (93/126): 'Fog'
2026-08-15 14:54:43 | WARNING  | src.extractors.shopify | Rate limit (429) en https://www.paytowin.cl/products/emerald-medallion-commander-masters.js. Esperando 1s...
2026-08-15 14:54:44 | WARNING  | src.extractors.shopify | Rate limit (429) en https://www.paytowin.cl/products/champion-of-lambholt-commander-2016.js. Esperando 1s...
2026-08-15 14:54:44 | WARNING  | src.extractors.shopify | Rate limit (429) en https://www.paytowin.cl/products/beastmaster-ascension-streets-of-new-capenna-commander.js. Esperando 1s...
2026-08-15 14:54:44 | WARNING  | src.extractors.shopify | Rate limit (429) en https://www.paytowin.cl/products/emerald-medallion-commander-masters.js. Esperando 2s...
2026-08-15 14:54:45 | WARNING  | src.extractors.shopify | Rate limit (429) en https://www.paytowin.cl/products/champion-of-lambholt-commander-2016.js. Esperando 2s...
2026-08-15 14:54:45 | WARNING  | src.extractors.shopify | Rate limit (429) en https://www.oasisgames.cl/products/firdoch-core-lorwyn-eclipsed.js. Esperando 1s...
2026-08-15 14:54:45 | WARNING  | src.extractors.shopify | Rate limit (429) en https://www.paytowin.cl/products/beastmaster-ascension-streets-of-new-capenna-commander.js. Esperando 2s...
2026-08-15 14:54:45 | WARNING  | src.extractors.shopify | Rate limit (429) en https://www.oasisgames.cl/products/emerald-medallion-borderless-modern-horizons-3.js. Esperando 1s...
2026-08-15 14:54:46 | WARNING  | src.extractors.shopify | Rate limit (429) en https://www.paytowin.cl/products/emerald-medallion-commander-masters.js. Esperando 4s...
2026-08-15 14:54:46 | WARNING  | src.extractors.shopify | Rate limit (429) en https://www.oasisgames.cl/products/firdoch-core-lorwyn-eclipsed.js. Esperando 2s...
2026-08-15 14:54:46 | WARNING  | src.extractors.shopify | Rate limit (429) en https://www.oasisgames.cl/products/emerald-medallion-borderless-modern-horizons-3.js. Esperando 2s...
2026-08-15 14:54:47 | WARNING  | src.extractors.shopify | Rate limit (429) en https://www.paytowin.cl/products/champion-of-lambholt-commander-2016.js. Esperando 4s...
2026-08-15 14:54:47 | WARNING  | src.extractors.shopify | Rate limit (429) en https://www.paytowin.cl/products/beastmaster-ascension-streets-of-new-capenna-commander.js. Esperando 4s...
2026-08-15 14:54:48 | WARNING  | src.extractors.shopify | Rate limit (429) en https://www.oasisgames.cl/products/enduring-vitality-japan-showcase-japanese-fracture-foil-duskmourn-house-of-horror.js. Esperando 1s...
2026-08-15 14:54:48 | WARNING  | src.extractors.shopify | Rate limit (429) en https://www.oasisgames.cl/products/firdoch-core-lorwyn-eclipsed.js. Esperando 4s...
2026-08-15 14:54:49 | INFO     | src.extractors.shopify | [oasisgames.cl] Buscando (94/126): 'Frog-Squirrels'
2026-08-15 14:54:49 | INFO     | src.extractors.shopify | [oasisgames.cl] Buscando (95/126): 'Go Nuts!'
2026-08-15 14:54:50 | WARNING  | src.extractors.shopify | Rate limit (429) en https://www.oasisgames.cl/products/essence-warden-mystery-booster.js. Esperando 1s...
2026-08-15 14:54:50 | WARNING  | src.extractors.shopify | Rate limit (429) en https://www.oasisgames.cl/products/mtg-fog-elementalweatherlight.js. Esperando 1s...
2026-08-15 14:54:52 | WARNING  | src.extractors.shopify | Rate limit (429) en https://www.oasisgames.cl/products/essence-warden-mystery-booster.js. Esperando 2s...
2026-08-15 14:54:52 | WARNING  | src.extractors.shopify | Rate limit (429) en https://www.oasisgames.cl/products/mtg-fog-elementalweatherlight.js. Esperando 2s...
2026-08-15 14:54:52 | INFO     | src.extractors.shopify | [oasisgames.cl] Buscando (96/126): 'Growing Rites of Itlimoc / Itlimoc, Cradle of the Sun'
2026-08-15 14:54:52 | WARNING  | src.extractors.shopify | Rate limit (429) en https://www.oasisgames.cl/products/frog-squirrels-avatar-the-last-airbender-eternal-legal.js. Esperando 1s...
2026-08-15 14:54:53 | WARNING  | src.extractors.shopify | Rate limit (429) en https://www.paytowin.cl/products/champion-of-lambholt-starter-commander-decks.js. Esperando 1s...
2026-08-15 14:54:53 | WARNING  | src.extractors.shopify | Rate limit (429) en https://www.paytowin.cl/products/beastmaster-ascension-secret-lair-drop-series.js. Esperando 1s...
2026-08-15 14:54:53 | INFO     | src.extractors.shopify | [oasisgames.cl] Buscando (97/126): 'Guardian Project'
2026-08-15 14:54:54 | WARNING  | src.extractors.shopify | Rate limit (429) en https://www.oasisgames.cl/products/frog-squirrels-avatar-the-last-airbender-eternal-legal.js. Esperando 2s...
2026-08-15 14:54:54 | WARNING  | src.extractors.shopify | Rate limit (429) en https://www.paytowin.cl/products/enduring-vitality-duskmourn-house-of-horror-promos.js. Esperando 1s...
2026-08-15 14:54:54 | WARNING  | src.extractors.shopify | Rate limit (429) en https://www.paytowin.cl/products/essence-warden-the-lord-of-the-rings-tales-of-middle-earth-commander.js. Esperando 1s...
2026-08-15 14:54:54 | WARNING  | src.extractors.shopify | Rate limit (429) en https://www.paytowin.cl/products/emerald-medallion-tempest-1.js. Esperando 1s...
2026-08-15 14:54:54 | WARNING  | src.extractors.shopify | Rate limit (429) en https://www.paytowin.cl/products/champion-of-lambholt-starter-commander-decks.js. Esperando 2s...
2026-08-15 14:54:54 | WARNING  | src.extractors.shopify | Rate limit (429) en https://www.paytowin.cl/products/beastmaster-ascension-secret-lair-drop-series.js. Esperando 2s...
2026-08-15 14:54:55 | INFO     | src.extractors.shopify | [paytowin.cl] Buscando (92/126): 'Firdoch Core'
2026-08-15 14:54:56 | WARNING  | src.extractors.shopify | Rate limit (429) en https://www.oasisgames.cl/products/mtg-blinding-fogixalan.js. Esperando 1s...
2026-08-15 14:54:56 | INFO     | src.extractors.shopify | [oasisgames.cl] Buscando (98/126): 'Honored Dreyleader'
2026-08-15 14:54:56 | WARNING  | src.extractors.shopify | Rate limit (429) en https://www.paytowin.cl/products/champion-of-lambholt-starter-commander-decks.js. Esperando 4s...
2026-08-15 14:54:56 | WARNING  | src.extractors.shopify | Rate limit (429) en https://www.oasisgames.cl/products/growing-rites-of-itlimoc-itlimoc-cradle-of-the-sun-the-lost-caverns-of-ixalan.js. Esperando 1s...
2026-08-15 14:54:56 | WARNING  | src.extractors.shopify | Rate limit (429) en https://www.paytowin.cl/products/beastmaster-ascension-secret-lair-drop-series.js. Esperando 4s...
2026-08-15 14:54:57 | WARNING  | src.extractors.shopify | Rate limit (429) en https://www.oasisgames.cl/products/mtg-blinding-fogixalan.js. Esperando 2s...
2026-08-15 14:54:57 | WARNING  | src.extractors.shopify | Rate limit (429) en https://www.paytowin.cl/products/enduring-vitality-japan-showcase-fracture-foil-duskmourn-house-of-horror.js. Esperando 1s...
2026-08-15 14:54:57 | WARNING  | src.extractors.shopify | Rate limit (429) en https://www.oasisgames.cl/products/mtg-guardian-projectravnica-allegiance-1.js. Esperando 1s...
2026-08-15 14:54:57 | WARNING  | src.extractors.shopify | Rate limit (429) en https://www.paytowin.cl/products/emerald-medallion-commander-2014.js. Esperando 1s...
2026-08-15 14:54:57 | WARNING  | src.extractors.shopify | Rate limit (429) en https://www.oasisgames.cl/products/growing-rites-of-itlimoc-itlimoc-cradle-of-the-sun-the-lost-caverns-of-ixalan.js. Esperando 2s...
2026-08-15 14:54:58 | WARNING  | src.extractors.shopify | Rate limit (429) en https://www.oasisgames.cl/products/mtg-essence-wardenduel-decks-ajani-vs-nicol-bolas.js. Esperando 1s...
2026-08-15 14:54:58 | INFO     | src.extractors.shopify | [paytowin.cl] Buscando (93/126): 'Fog'
2026-08-15 14:54:58 | WARNING  | src.extractors.shopify | Rate limit (429) en https://www.paytowin.cl/products/emerald-medallion-commander-2014.js. Esperando 2s...
2026-08-15 14:54:59 | INFO     | src.extractors.shopify | [paytowin.cl] Buscando (94/126): 'Frog-Squirrels'
2026-08-15 14:54:59 | WARNING  | src.extractors.shopify | Rate limit (429) en https://www.oasisgames.cl/products/growing-rites-of-itlimoc-itlimoc-cradle-of-the-sun-the-lost-caverns-of-ixalan.js. Esperando 4s...
2026-08-15 14:54:59 | WARNING  | src.extractors.shopify | Rate limit (429) en https://www.oasisgames.cl/products/honored-dreyleader-bloomburrow.js. Esperando 1s...
2026-08-15 14:55:00 | WARNING  | src.extractors.shopify | Rate limit (429) en https://www.oasisgames.cl/products/guardian-project-anime-borderless-ravnica-remastered.js. Esperando 1s...
2026-08-15 14:55:00 | INFO     | src.extractors.shopify | [paytowin.cl] Buscando (95/126): 'Go Nuts!'
2026-08-15 14:55:00 | WARNING  | src.extractors.shopify | Rate limit (429) en https://www.paytowin.cl/products/emerald-medallion-commander-2014.js. Esperando 4s...
2026-08-15 14:55:01 | WARNING  | src.extractors.shopify | Rate limit (429) en https://www.oasisgames.cl/products/essence-warden-the-lord-of-the-rings-tales-of-middle-earth-commander.js. Esperando 1s...
2026-08-15 14:55:01 | WARNING  | src.extractors.shopify | Rate limit (429) en https://www.oasisgames.cl/products/guardian-project-anime-borderless-ravnica-remastered.js. Esperando 2s...
2026-08-15 14:55:02 | WARNING  | src.extractors.shopify | Rate limit (429) en https://www.oasisgames.cl/products/essence-warden-the-lord-of-the-rings-tales-of-middle-earth-commander.js. Esperando 2s...
2026-08-15 14:55:03 | INFO     | src.extractors.shopify | [paytowin.cl] Buscando (96/126): 'Growing Rites of Itlimoc / Itlimoc, Cradle of the Sun'
2026-08-15 14:55:03 | WARNING  | src.extractors.shopify | Rate limit (429) en https://www.oasisgames.cl/products/guardian-project-anime-borderless-ravnica-remastered.js. Esperando 4s...
2026-08-15 14:55:03 | WARNING  | src.extractors.shopify | Rate limit (429) en https://www.paytowin.cl/products/champion-of-lambholt-kamigawa-neon-dynasty-commander.js. Esperando 1s...
2026-08-15 14:55:04 | WARNING  | src.extractors.shopify | Rate limit (429) en https://www.oasisgames.cl/products/essence-warden-the-lord-of-the-rings-tales-of-middle-earth-commander.js. Esperando 4s...
2026-08-15 14:55:04 | INFO     | src.extractors.shopify | [paytowin.cl] Buscando (97/126): 'Guardian Project'
2026-08-15 14:55:04 | WARNING  | src.extractors.shopify | Rate limit (429) en https://www.paytowin.cl/products/champion-of-lambholt-kamigawa-neon-dynasty-commander.js. Esperando 2s...
2026-08-15 14:55:05 | WARNING  | src.extractors.shopify | Rate limit (429) en https://www.oasisgames.cl/products/honored-dreyleader-art-card-gold-stamped-signature-bloomburrow-art-series.js. Esperando 1s...
2026-08-15 14:55:05 | WARNING  | src.extractors.shopify | Rate limit (429) en https://www.oasisgames.cl/products/fog-of-war-the-brothers-war.js. Esperando 1s...
2026-08-15 14:55:06 | INFO     | src.extractors.shopify | [oasisgames.cl] Buscando (99/126): 'Idol of Oblivion'
2026-08-15 14:55:07 | WARNING  | src.extractors.shopify | Rate limit (429) en https://www.paytowin.cl/products/growing-rites-of-itlimoc-ixalan.js. Esperando 1s...
2026-08-15 14:55:07 | WARNING  | src.extractors.shopify | Rate limit (429) en https://www.paytowin.cl/products/champion-of-lambholt-kamigawa-neon-dynasty-commander.js. Esperando 4s...
2026-08-15 14:55:07 | WARNING  | src.extractors.shopify | Rate limit (429) en https://www.oasisgames.cl/products/growing-rites-of-itlimoc-itlimoc-cradle-of-the-sun-extended-art-the-lost-caverns-of-ixalan.js. Esperando 1s...
2026-08-15 14:55:07 | WARNING  | src.extractors.shopify | Rate limit (429) en https://www.paytowin.cl/products/fog-bank-urzas-saga.js. Esperando 1s...
2026-08-15 14:55:08 | INFO     | src.extractors.shopify | [oasisgames.cl] Buscando (100/126): 'Jaheira, Friend of the Forest'
2026-08-15 14:55:09 | WARNING  | src.extractors.shopify | Rate limit (429) en https://www.paytowin.cl/products/fog-bank-urzas-saga.js. Esperando 2s...
2026-08-15 14:55:09 | WARNING  | src.extractors.shopify | Rate limit (429) en https://www.oasisgames.cl/products/mtg-guardian-projectravnica-allegiance.js. Esperando 1s...
2026-08-15 14:55:09 | WARNING  | src.extractors.shopify | Rate limit (429) en https://www.oasisgames.cl/products/fog-crawler-showcase-surge-foil-fallout.js. Esperando 1s...
2026-08-15 14:55:10 | WARNING  | src.extractors.shopify | Rate limit (429) en https://www.paytowin.cl/products/growing-rites-of-itlimoc-itlimoc-cradle-of-the-sun-judge-gift-cards-2022.js. Esperando 1s...
2026-08-15 14:55:10 | WARNING  | src.extractors.shopify | Rate limit (429) en https://www.paytowin.cl/products/emerald-medallion-borderless-modern-horizons-3.js. Esperando 1s...
2026-08-15 14:55:10 | WARNING  | src.extractors.shopify | Rate limit (429) en https://www.paytowin.cl/products/guardian-project-extended-art-fallout.js. Esperando 1s...
2026-08-15 14:55:11 | WARNING  | src.extractors.shopify | Rate limit (429) en https://www.oasisgames.cl/products/fog-crawler-showcase-surge-foil-fallout.js. Esperando 2s...
2026-08-15 14:55:11 | WARNING  | src.extractors.shopify | Rate limit (429) en https://www.paytowin.cl/products/guardian-project-extended-art-fallout.js. Esperando 2s...
2026-08-15 14:55:11 | WARNING  | src.extractors.shopify | Rate limit (429) en https://www.oasisgames.cl/products/jaheira-friend-of-the-forest-commander-legends-battle-for-baldurs-gate.js. Esperando 1s...
2026-08-15 14:55:11 | INFO     | src.extractors.shopify | [paytowin.cl] Buscando (98/126): 'Honored Dreyleader'
2026-08-15 14:55:11 | WARNING  | src.extractors.shopify | Rate limit (429) en https://www.oasisgames.cl/products/idol-of-oblivion-bloomburrow-commander.js. Esperando 1s...
2026-08-15 14:55:12 | WARNING  | src.extractors.shopify | Rate limit (429) en https://www.oasisgames.cl/products/guardian-project-fallout.js. Esperando 1s...
2026-08-15 14:55:12 | WARNING  | src.extractors.shopify | Rate limit (429) en https://www.oasisgames.cl/products/growing-rites-of-itlimoc-itlimoc-cradle-of-the-sun-lci-the-lost-caverns-of-ixalan-prerelease-cards.js. Esperando 1s...
2026-08-15 14:55:12 | WARNING  | src.extractors.shopify | Rate limit (429) en https://www.paytowin.cl/products/champion-of-lambholt-commander-anthology-volume-ii.js. Esperando 1s...
2026-08-15 14:55:12 | WARNING  | src.extractors.shopify | Rate limit (429) en https://www.oasisgames.cl/products/jaheira-friend-of-the-forest-commander-legends-battle-for-baldurs-gate.js. Esperando 2s...
2026-08-15 14:55:13 | WARNING  | src.extractors.shopify | Rate limit (429) en https://www.paytowin.cl/products/fog-bank-iconic-masters.js. Esperando 1s...
2026-08-15 14:55:13 | WARNING  | src.extractors.shopify | Rate limit (429) en https://www.paytowin.cl/products/growing-rites-of-itlimoc-xln-treasure-chest.js. Esperando 1s...
2026-08-15 14:55:13 | WARNING  | src.extractors.shopify | Rate limit (429) en https://www.oasisgames.cl/products/growing-rites-of-itlimoc-itlimoc-cradle-of-the-sun-lci-the-lost-caverns-of-ixalan-prerelease-cards.js. Esperando 2s...
2026-08-15 14:55:13 | WARNING  | src.extractors.shopify | Rate limit (429) en https://www.paytowin.cl/products/guardian-project-extended-art-fallout.js. Esperando 4s...
2026-08-15 14:55:13 | WARNING  | src.extractors.shopify | Rate limit (429) en https://www.paytowin.cl/products/champion-of-lambholt-commander-anthology-volume-ii.js. Esperando 2s...
2026-08-15 14:55:14 | WARNING  | src.extractors.shopify | Rate limit (429) en https://www.oasisgames.cl/products/jaheira-friend-of-the-forest-commander-legends-battle-for-baldurs-gate.js. Esperando 4s...
2026-08-15 14:55:14 | WARNING  | src.extractors.shopify | Rate limit (429) en https://www.oasisgames.cl/products/idol-of-oblivion-commander-2021.js. Esperando 1s...
2026-08-15 14:55:15 | WARNING  | src.extractors.shopify | Rate limit (429) en https://www.oasisgames.cl/products/fog-on-the-barrow-downs-the-lord-of-the-rings-tales-of-middle-earth.js. Esperando 1s...
2026-08-15 14:55:15 | WARNING  | src.extractors.shopify | Rate limit (429) en https://www.paytowin.cl/products/honored-dreyleader-bloomburrow.js. Esperando 1s...
2026-08-15 14:55:15 | WARNING  | src.extractors.shopify | Rate limit (429) en https://www.oasisgames.cl/products/guardian-project-ravnica-remastered.js. Esperando 1s...
2026-08-15 14:55:15 | WARNING  | src.extractors.shopify | Rate limit (429) en https://www.oasisgames.cl/products/growing-rites-of-itlimoc-itlimoc-cradle-of-the-sun-lci-the-lost-caverns-of-ixalan-prerelease-cards.js. Esperando 4s...
2026-08-15 14:55:15 | WARNING  | src.extractors.shopify | Rate limit (429) en https://www.paytowin.cl/products/champion-of-lambholt-commander-anthology-volume-ii.js. Esperando 4s...
2026-08-15 14:55:16 | WARNING  | src.extractors.shopify | Rate limit (429) en https://www.paytowin.cl/products/fog-of-war-the-brothers-war.js. Esperando 1s...
2026-08-15 14:55:16 | WARNING  | src.extractors.shopify | Rate limit (429) en https://www.oasisgames.cl/products/guardian-project-ravnica-remastered.js. Esperando 2s...
2026-08-15 14:55:16 | INFO     | src.extractors.shopify | [oasisgames.cl] Buscando (101/126): 'Mana Reflection'
2026-08-15 14:55:17 | WARNING  | src.extractors.shopify | Rate limit (429) en https://www.paytowin.cl/products/fog-of-war-the-brothers-war.js. Esperando 2s...
2026-08-15 14:55:17 | WARNING  | src.extractors.shopify | Rate limit (429) en https://www.oasisgames.cl/products/idol-of-oblivion-commander-masters.js. Esperando 1s...
2026-08-15 14:55:18 | WARNING  | src.extractors.shopify | Rate limit (429) en https://www.paytowin.cl/products/growing-rites-of-itlimoc-itlimoc-cradle-of-the-sun-the-lost-caverns-of-ixalan.js. Esperando 1s...
2026-08-15 14:55:19 | WARNING  | src.extractors.shopify | Rate limit (429) en https://www.oasisgames.cl/products/idol-of-oblivion-commander-masters.js. Esperando 2s...
2026-08-15 14:55:19 | INFO     | src.extractors.shopify | [oasisgames.cl] Buscando (102/126): 'Nature's Lore'
2026-08-15 14:55:20 | WARNING  | src.extractors.shopify | Rate limit (429) en https://www.paytowin.cl/products/honored-dreyleader-art-card-gold-stamped-signature-bloomburrow-art-series.js. Esperando 1s...
2026-08-15 14:55:20 | WARNING  | src.extractors.shopify | Rate limit (429) en https://www.paytowin.cl/products/growing-rites-of-itlimoc-ixalan-2.js. Esperando 1s...
2026-08-15 14:55:21 | WARNING  | src.extractors.shopify | Rate limit (429) en https://www.oasisgames.cl/products/idol-of-oblivion-commander-masters.js. Esperando 4s...
2026-08-15 14:55:21 | WARNING  | src.extractors.shopify | Rate limit (429) en https://www.paytowin.cl/products/fog-crawler-showcase-fallout.js. Esperando 1s...
2026-08-15 14:55:21 | WARNING  | src.extractors.shopify | Rate limit (429) en https://www.paytowin.cl/products/guardian-project-ravnica-allegiance-promos-1.js. Esperando 1s...
2026-08-15 14:55:21 | WARNING  | src.extractors.shopify | Rate limit (429) en https://www.paytowin.cl/products/champion-of-lambholt-innistrad-midnight-hunt-commander.js. Esperando 1s...
2026-08-15 14:55:21 | WARNING  | src.extractors.shopify | Rate limit (429) en https://www.paytowin.cl/products/honored-dreyleader-art-card-gold-stamped-signature-bloomburrow-art-series.js. Esperando 2s...
2026-08-15 14:55:21 | WARNING  | src.extractors.shopify | Rate limit (429) en https://www.oasisgames.cl/products/mana-reflection-double-masters.js. Esperando 1s...
2026-08-15 14:55:22 | WARNING  | src.extractors.shopify | Rate limit (429) en https://www.paytowin.cl/products/champion-of-lambholt-innistrad-midnight-hunt-commander.js. Esperando 2s...
2026-08-15 14:55:22 | WARNING  | src.extractors.shopify | Rate limit (429) en https://www.oasisgames.cl/products/mana-reflection-double-masters.js. Esperando 2s...
2026-08-15 14:55:23 | WARNING  | src.extractors.shopify | Rate limit (429) en https://www.oasisgames.cl/products/mtg-natures-loreportal.js. Esperando 1s...
2026-08-15 14:55:23 | WARNING  | src.extractors.shopify | Rate limit (429) en https://www.paytowin.cl/products/honored-dreyleader-art-card-gold-stamped-signature-bloomburrow-art-series.js. Esperando 4s...
2026-08-15 14:55:24 | WARNING  | src.extractors.shopify | Rate limit (429) en https://www.paytowin.cl/products/growing-rites-of-itlimoc-itlimoc-cradle-of-the-sun-extended-art-the-lost-caverns-of-ixalan.js. Esperando 1s...
2026-08-15 14:55:24 | WARNING  | src.extractors.shopify | Rate limit (429) en https://www.paytowin.cl/products/fog-on-the-barrow-downs-the-lord-of-the-rings-tales-of-middle-earth.js. Esperando 1s...
2026-08-15 14:55:24 | WARNING  | src.extractors.shopify | Rate limit (429) en https://www.paytowin.cl/products/guardian-project-secret-lair-from-cute-to-brute.js. Esperando 1s...
2026-08-15 14:55:24 | INFO     | src.extractors.shopify | [oasisgames.cl] Buscando (103/126): 'Noxious Newt'
2026-08-15 14:55:24 | WARNING  | src.extractors.shopify | Rate limit (429) en https://www.paytowin.cl/products/champion-of-lambholt-innistrad-midnight-hunt-commander.js. Esperando 4s...
2026-08-15 14:55:25 | WARNING  | src.extractors.shopify | Rate limit (429) en https://www.oasisgames.cl/products/mana-reflection-double-masters.js. Esperando 4s...
2026-08-15 14:55:26 | WARNING  | src.extractors.shopify | Rate limit (429) en https://www.oasisgames.cl/products/natures-lore-commander-legends-battle-for-baldurs-gate.js. Esperando 1s...
2026-08-15 14:55:26 | WARNING  | src.extractors.shopify | Rate limit (429) en https://www.oasisgames.cl/products/guardian-project-retro-frame-ravnica-remastered.js. Esperando 1s...
2026-08-15 14:55:26 | WARNING  | src.extractors.shopify | Rate limit (429) en https://www.oasisgames.cl/products/idol-of-oblivion-tarkir-dragonstorm-commander.js. Esperando 1s...
2026-08-15 14:55:27 | WARNING  | src.extractors.shopify | Rate limit (429) en https://www.paytowin.cl/products/growing-rites-of-itlimoc-itlimoc-cradle-of-the-sun-lci-the-lost-caverns-of-ixalan-prerelease-cards.js. Esperando 1s...
2026-08-15 14:55:27 | WARNING  | src.extractors.shopify | Rate limit (429) en https://www.paytowin.cl/products/fog-magic-2014.js. Esperando 1s...
2026-08-15 14:55:27 | WARNING  | src.extractors.shopify | Rate limit (429) en https://www.paytowin.cl/products/guardian-project-rainbow-foil-secret-lair-drop-series.js. Esperando 1s...
2026-08-15 14:55:27 | INFO     | src.extractors.shopify | [paytowin.cl] Buscando (99/126): 'Idol of Oblivion'
2026-08-15 14:55:27 | WARNING  | src.extractors.shopify | Rate limit (429) en https://www.oasisgames.cl/products/idol-of-oblivion-tarkir-dragonstorm-commander.js. Esperando 2s...
2026-08-15 14:55:28 | WARNING  | src.extractors.shopify | Rate limit (429) en https://www.oasisgames.cl/products/noxious-newt-secrets-of-strixhaven.js. Esperando 1s...
2026-08-15 14:55:28 | INFO     | src.extractors.shopify | [paytowin.cl] Buscando (100/126): 'Jaheira, Friend of the Forest'
2026-08-15 14:55:28 | WARNING  | src.extractors.shopify | Rate limit (429) en https://www.paytowin.cl/products/guardian-project-rainbow-foil-secret-lair-drop-series.js. Esperando 2s...
2026-08-15 14:55:28 | INFO     | src.extractors.shopify | [paytowin.cl] Buscando (101/126): 'Mana Reflection'
2026-08-15 14:55:29 | INFO     | src.extractors.shopify | [oasisgames.cl] Buscando (104/126): 'Ohran Frostfang'
2026-08-15 14:55:29 | INFO     | src.extractors.shopify | [oasisgames.cl] Buscando (105/126): 'Patchwork Banner'
2026-08-15 14:55:29 | WARNING  | src.extractors.shopify | Rate limit (429) en https://www.oasisgames.cl/products/idol-of-oblivion-tarkir-dragonstorm-commander.js. Esperando 4s...
2026-08-15 14:55:30 | INFO     | src.extractors.shopify | [paytowin.cl] Buscando (102/126): 'Nature's Lore'
2026-08-15 14:55:30 | WARNING  | src.extractors.shopify | Rate limit (429) en https://www.oasisgames.cl/products/mana-reflection-modern-horizons-3-commander.js. Esperando 1s...
2026-08-15 14:55:30 | WARNING  | src.extractors.shopify | Rate limit (429) en https://www.paytowin.cl/products/guardian-project-rainbow-foil-secret-lair-drop-series.js. Esperando 4s...
2026-08-15 14:55:31 | WARNING  | src.extractors.shopify | Rate limit (429) en https://www.oasisgames.cl/products/natures-lore-dominaria-remastered.js. Esperando 1s...
2026-08-15 14:55:31 | WARNING  | src.extractors.shopify | Rate limit (429) en https://www.oasisgames.cl/products/mana-reflection-modern-horizons-3-commander.js. Esperando 2s...
2026-08-15 14:55:32 | WARNING  | src.extractors.shopify | Rate limit (429) en https://www.paytowin.cl/products/idol-of-oblivion-commander-masters.js. Esperando 1s...
2026-08-15 14:55:33 | WARNING  | src.extractors.shopify | Rate limit (429) en https://www.oasisgames.cl/products/mana-reflection-modern-horizons-3-commander.js. Esperando 4s...
2026-08-15 14:55:33 | WARNING  | src.extractors.shopify | Rate limit (429) en https://www.paytowin.cl/products/jaheira-friend-of-the-forest-showcase-commander-legends-battle-for-baldurs-gate.js. Esperando 1s...
2026-08-15 14:55:34 | WARNING  | src.extractors.shopify | Rate limit (429) en https://www.paytowin.cl/products/idol-of-oblivion-commander-masters.js. Esperando 2s...
2026-08-15 14:55:34 | WARNING  | src.extractors.shopify | Rate limit (429) en https://www.oasisgames.cl/products/mtg-natures-lore-mystery-booster.js. Esperando 1s...
2026-08-15 14:55:35 | WARNING  | src.extractors.shopify | Rate limit (429) en https://www.paytowin.cl/products/jaheira-friend-of-the-forest-showcase-commander-legends-battle-for-baldurs-gate.js. Esperando 2s...
2026-08-15 14:55:35 | WARNING  | src.extractors.shopify | Rate limit (429) en https://www.oasisgames.cl/products/mtg-idol-of-oblivioncommander-2019.js. Esperando 1s...
2026-08-15 14:55:36 | WARNING  | src.extractors.shopify | Rate limit (429) en https://www.paytowin.cl/products/natures-lore-dominaria-remastered.js. Esperando 1s...
2026-08-15 14:55:36 | WARNING  | src.extractors.shopify | Rate limit (429) en https://www.oasisgames.cl/products/mtg-idol-of-oblivioncommander-2019.js. Esperando 2s...
2026-08-15 14:55:37 | WARNING  | src.extractors.shopify | Rate limit (429) en https://www.oasisgames.cl/products/mtg-natures-lorestarter-1999.js. Esperando 1s...
2026-08-15 14:55:37 | WARNING  | src.extractors.shopify | Rate limit (429) en https://www.paytowin.cl/products/natures-lore-dominaria-remastered.js. Esperando 2s...
2026-08-15 14:55:37 | WARNING  | src.extractors.shopify | Rate limit (429) en https://www.paytowin.cl/products/jaheira-friend-of-the-forest-showcase-commander-legends-battle-for-baldurs-gate.js. Esperando 4s...
2026-08-15 14:55:37 | WARNING  | src.extractors.shopify | Rate limit (429) en https://www.oasisgames.cl/products/ohran-frostfang-the-list.js. Esperando 1s...
2026-08-15 14:55:37 | WARNING  | src.extractors.shopify | Rate limit (429) en https://www.oasisgames.cl/products/patchwork-banner-secrets-of-strixhaven-commander.js. Esperando 1s...
2026-08-15 14:55:38 | WARNING  | src.extractors.shopify | Rate limit (429) en https://www.paytowin.cl/products/idol-of-oblivion-commander-2021.js. Esperando 1s...
2026-08-15 14:55:38 | WARNING  | src.extractors.shopify | Rate limit (429) en https://www.paytowin.cl/products/mana-reflection-ripple-foil-modern-horizons-3-commander.js. Esperando 1s...
2026-08-15 14:55:38 | WARNING  | src.extractors.shopify | Rate limit (429) en https://www.paytowin.cl/products/guardian-project-surge-foil-fallout.js. Esperando 1s...
2026-08-15 14:55:38 | WARNING  | src.extractors.shopify | Rate limit (429) en https://www.oasisgames.cl/products/mtg-idol-of-oblivioncommander-2019.js. Esperando 4s...
2026-08-15 14:55:39 | WARNING  | src.extractors.shopify | Rate limit (429) en https://www.oasisgames.cl/products/mana-reflection-ripple-foil-modern-horizons-3-commander.js. Esperando 1s...
2026-08-15 14:55:39 | INFO     | src.extractors.shopify | [paytowin.cl] Buscando (103/126): 'Noxious Newt'
2026-08-15 14:55:40 | WARNING  | src.extractors.shopify | Rate limit (429) en https://www.oasisgames.cl/products/mtg-natures-lorefifth-edition.js. Esperando 1s...
2026-08-15 14:55:40 | WARNING  | src.extractors.shopify | Rate limit (429) en https://www.oasisgames.cl/products/ohran-frostfang-foil-etched-commander-masters.js. Esperando 1s...
2026-08-15 14:55:40 | WARNING  | src.extractors.shopify | Rate limit (429) en https://www.oasisgames.cl/products/patchwork-banner-marvel-super-heroes-commander.js. Esperando 1s...
2026-08-15 14:55:40 | WARNING  | src.extractors.shopify | Rate limit (429) en https://www.oasisgames.cl/products/mana-reflection-ripple-foil-modern-horizons-3-commander.js. Esperando 2s...
2026-08-15 14:55:41 | WARNING  | src.extractors.shopify | Rate limit (429) en https://www.paytowin.cl/products/idol-of-oblivion-commander-2019.js. Esperando 1s...
2026-08-15 14:55:41 | WARNING  | src.extractors.shopify | Rate limit (429) en https://www.paytowin.cl/products/natures-lore-retro-dominaria-remastered.js. Esperando 1s...
2026-08-15 14:55:41 | WARNING  | src.extractors.shopify | Rate limit (429) en https://www.paytowin.cl/products/guardian-project-ravnica-remastered.js. Esperando 1s...
2026-08-15 14:55:42 | WARNING  | src.extractors.shopify | Rate limit (429) en https://www.paytowin.cl/products/idol-of-oblivion-commander-2019.js. Esperando 2s...
2026-08-15 14:55:42 | WARNING  | src.extractors.shopify | Rate limit (429) en https://www.paytowin.cl/products/natures-lore-retro-dominaria-remastered.js. Esperando 2s...
2026-08-15 14:55:42 | WARNING  | src.extractors.shopify | Rate limit (429) en https://www.paytowin.cl/products/guardian-project-ravnica-remastered.js. Esperando 2s...
2026-08-15 14:55:42 | WARNING  | src.extractors.shopify | Rate limit (429) en https://www.oasisgames.cl/products/mana-reflection-ripple-foil-modern-horizons-3-commander.js. Esperando 4s...
2026-08-15 14:55:42 | WARNING  | src.extractors.shopify | Rate limit (429) en https://www.paytowin.cl/products/jaheira-friend-of-the-forest-commander-legends-battle-for-baldurs-gate-prerelease-promos.js. Esperando 1s...
2026-08-15 14:55:43 | WARNING  | src.extractors.shopify | Rate limit (429) en https://www.oasisgames.cl/products/mtg-natures-loreice-age.js. Esperando 1s...
2026-08-15 14:55:43 | WARNING  | src.extractors.shopify | Rate limit (429) en https://www.oasisgames.cl/products/ohran-frostfang-secret-lair-drop-series.js. Esperando 1s...
2026-08-15 14:55:43 | WARNING  | src.extractors.shopify | Rate limit (429) en https://www.oasisgames.cl/products/patchwork-banner-surge-foil-marvel-super-heroes-commander.js. Esperando 1s...
2026-08-15 14:55:43 | INFO     | src.extractors.shopify | [paytowin.cl] Buscando (104/126): 'Ohran Frostfang'
2026-08-15 14:55:43 | WARNING  | src.extractors.shopify | Rate limit (429) en https://www.paytowin.cl/products/jaheira-friend-of-the-forest-commander-legends-battle-for-baldurs-gate-prerelease-promos.js. Esperando 2s...
2026-08-15 14:55:44 | WARNING  | src.extractors.shopify | Rate limit (429) en https://www.oasisgames.cl/products/patchwork-banner-surge-foil-marvel-super-heroes-commander.js. Esperando 2s...
2026-08-15 14:55:44 | WARNING  | src.extractors.shopify | Rate limit (429) en https://www.paytowin.cl/products/guardian-project-ravnica-remastered.js. Esperando 4s...
2026-08-15 14:55:45 | WARNING  | src.extractors.shopify | Rate limit (429) en https://www.paytowin.cl/products/jaheira-friend-of-the-forest-commander-legends-battle-for-baldurs-gate-prerelease-promos.js. Esperando 4s...
2026-08-15 14:55:46 | WARNING  | src.extractors.shopify | Rate limit (429) en https://www.oasisgames.cl/products/idol-of-oblivion-outlaws-of-thunder-junction-commander.js. Esperando 1s...
2026-08-15 14:55:46 | WARNING  | src.extractors.shopify | Rate limit (429) en https://www.oasisgames.cl/products/natures-lore-cmm-the-list.js. Esperando 1s...
2026-08-15 14:55:46 | WARNING  | src.extractors.shopify | Rate limit (429) en https://www.oasisgames.cl/products/ohran-frostfang-outlaws-of-thunder-junction-commander.js. Esperando 1s...
2026-08-15 14:55:46 | INFO     | src.extractors.shopify | [oasisgames.cl] Buscando (106/126): 'Primal Rage'
2026-08-15 14:55:46 | WARNING  | src.extractors.shopify | Rate limit (429) en https://www.oasisgames.cl/products/patchwork-banner-surge-foil-marvel-super-heroes-commander.js. Esperando 4s...
2026-08-15 14:55:47 | WARNING  | src.extractors.shopify | Rate limit (429) en https://www.paytowin.cl/products/ohran-frostfang-commander-masters.js. Esperando 1s...
2026-08-15 14:55:48 | WARNING  | src.extractors.shopify | Rate limit (429) en https://www.paytowin.cl/products/idol-of-oblivion-bloomburrow-commander.js. Esperando 1s...
2026-08-15 14:55:49 | WARNING  | src.extractors.shopify | Rate limit (429) en https://www.paytowin.cl/products/idol-of-oblivion-bloomburrow-commander.js. Esperando 2s...
2026-08-15 14:55:49 | WARNING  | src.extractors.shopify | Rate limit (429) en https://www.oasisgames.cl/products/natures-lore-dmr-the-list.js. Esperando 1s...
2026-08-15 14:55:49 | WARNING  | src.extractors.shopify | Rate limit (429) en https://www.oasisgames.cl/products/idol-of-oblivion-modern-horizons-3-commander.js. Esperando 1s...
2026-08-15 14:55:49 | WARNING  | src.extractors.shopify | Rate limit (429) en https://www.oasisgames.cl/products/ohran-frostfang-murders-at-karlov-manor-commander.js. Esperando 1s...
2026-08-15 14:55:50 | INFO     | src.extractors.shopify | [paytowin.cl] Buscando (105/126): 'Patchwork Banner'
2026-08-15 14:55:50 | INFO     | src.extractors.shopify | [oasisgames.cl] Buscando (107/126): 'Quest for Renewal'
2026-08-15 14:55:50 | INFO     | src.extractors.shopify | [oasisgames.cl] Buscando (108/126): 'Rootcast Apprenticeship'
2026-08-15 14:55:51 | WARNING  | src.extractors.shopify | Rate limit (429) en https://www.paytowin.cl/products/idol-of-oblivion-bloomburrow-commander.js. Esperando 4s...
2026-08-15 14:55:51 | WARNING  | src.extractors.shopify | Rate limit (429) en https://www.paytowin.cl/products/jaheira-friend-of-the-forest-foil-etched-commander-legends-battle-for-baldurs-gate.js. Esperando 1s...
2026-08-15 14:55:52 | WARNING  | src.extractors.shopify | Rate limit (429) en https://www.oasisgames.cl/products/mtg-primal-ragestronghold.js. Esperando 1s...
2026-08-15 14:55:52 | WARNING  | src.extractors.shopify | Rate limit (429) en https://www.oasisgames.cl/products/idol-of-oblivion-retro-the-brothers-war-commander.js. Esperando 1s...
2026-08-15 14:55:52 | WARNING  | src.extractors.shopify | Rate limit (429) en https://www.paytowin.cl/products/ohran-frostfang-commander-2019.js. Esperando 1s...
2026-08-15 14:55:52 | WARNING  | src.extractors.shopify | Rate limit (429) en https://www.paytowin.cl/products/natures-lore-duel-decks-anthology-garruk-vs-liliana.js. Esperando 1s...
2026-08-15 14:55:52 | WARNING  | src.extractors.shopify | Rate limit (429) en https://www.oasisgames.cl/products/ohran-frostfang-secrets-of-strixhaven-commander.js. Esperando 1s...
2026-08-15 14:55:52 | WARNING  | src.extractors.shopify | Rate limit (429) en https://www.paytowin.cl/products/jaheira-friend-of-the-forest-foil-etched-commander-legends-battle-for-baldurs-gate.js. Esperando 2s...
2026-08-15 14:55:53 | WARNING  | src.extractors.shopify | Rate limit (429) en https://www.oasisgames.cl/products/mtg-primal-ragestronghold.js. Esperando 2s...
2026-08-15 14:55:53 | WARNING  | src.extractors.shopify | Rate limit (429) en https://www.oasisgames.cl/products/idol-of-oblivion-retro-the-brothers-war-commander.js. Esperando 2s...
2026-08-15 14:55:53 | WARNING  | src.extractors.shopify | Rate limit (429) en https://www.oasisgames.cl/products/ohran-frostfang-secrets-of-strixhaven-commander.js. Esperando 2s...
2026-08-15 14:55:54 | WARNING  | src.extractors.shopify | Rate limit (429) en https://www.paytowin.cl/products/patchwork-banner-bloomburrow.js. Esperando 1s...
2026-08-15 14:55:54 | INFO     | src.extractors.shopify | [oasisgames.cl] Buscando (109/126): 'Sakura-Tribe Elder'
2026-08-15 14:55:54 | WARNING  | src.extractors.shopify | Rate limit (429) en https://www.paytowin.cl/products/jaheira-friend-of-the-forest-foil-etched-commander-legends-battle-for-baldurs-gate.js. Esperando 4s...
2026-08-15 14:55:54 | INFO     | src.extractors.shopify | [oasisgames.cl] Buscando (110/126): 'Scurrid Colony'
2026-08-15 14:55:55 | WARNING  | src.extractors.shopify | Rate limit (429) en https://www.oasisgames.cl/products/mtg-primal-ragestronghold.js. Esperando 4s...
2026-08-15 14:55:55 | WARNING  | src.extractors.shopify | Rate limit (429) en https://www.oasisgames.cl/products/idol-of-oblivion-retro-the-brothers-war-commander.js. Esperando 4s...
2026-08-15 14:55:55 | WARNING  | src.extractors.shopify | Rate limit (429) en https://www.oasisgames.cl/products/ohran-frostfang-secrets-of-strixhaven-commander.js. Esperando 4s...
2026-08-15 14:55:56 | WARNING  | src.extractors.shopify | Rate limit (429) en https://www.paytowin.cl/products/idol-of-oblivion-starter-commander-decks.js. Esperando 1s...
2026-08-15 14:55:57 | WARNING  | src.extractors.shopify | Rate limit (429) en https://www.paytowin.cl/products/patchwork-banner-secret-lair-drop-series.js. Esperando 1s...
2026-08-15 14:55:57 | WARNING  | src.extractors.shopify | Rate limit (429) en https://www.paytowin.cl/products/ohran-frostfang-secrets-of-strixhaven-commander.js. Esperando 1s...
2026-08-15 14:55:57 | WARNING  | src.extractors.shopify | Rate limit (429) en https://www.paytowin.cl/products/natures-lore-portal.js. Esperando 1s...
2026-08-15 14:55:57 | WARNING  | src.extractors.shopify | Rate limit (429) en https://www.paytowin.cl/products/idol-of-oblivion-starter-commander-decks.js. Esperando 2s...
2026-08-15 14:55:58 | INFO     | src.extractors.shopify | [oasisgames.cl] Buscando (111/126): 'Scurry of Squirrels'
2026-08-15 14:55:58 | INFO     | src.extractors.shopify | [paytowin.cl] Buscando (106/126): 'Primal Rage'
2026-08-15 14:55:59 | INFO     | src.extractors.shopify | [oasisgames.cl] Buscando (112/126): 'Search for Tomorrow'
2026-08-15 14:55:59 | WARNING  | src.extractors.shopify | Rate limit (429) en https://www.paytowin.cl/products/idol-of-oblivion-starter-commander-decks.js. Esperando 4s...
2026-08-15 14:56:00 | WARNING  | src.extractors.shopify | Rate limit (429) en https://www.paytowin.cl/products/patchwork-banner-media-promos.js. Esperando 1s...
2026-08-15 14:56:00 | WARNING  | src.extractors.shopify | Rate limit (429) en https://www.paytowin.cl/products/ohran-frostfang-murders-at-karlov-manor-commander.js. Esperando 1s...
2026-08-15 14:56:00 | WARNING  | src.extractors.shopify | Rate limit (429) en https://www.paytowin.cl/products/natures-lore-starter-1999.js. Esperando 1s...
2026-08-15 14:56:01 | INFO     | src.extractors.shopify | [oasisgames.cl] Buscando (113/126): 'Seedborn Muse'
2026-08-15 14:56:01 | WARNING  | src.extractors.shopify | Rate limit (429) en https://www.paytowin.cl/products/natures-lore-starter-1999.js. Esperando 2s...
2026-08-15 14:56:02 | WARNING  | src.extractors.shopify | Rate limit (429) en https://www.paytowin.cl/products/primal-rage-stronghold.js. Esperando 1s...
2026-08-15 14:56:02 | INFO     | src.extractors.shopify | [oasisgames.cl] Buscando (114/126): 'Selfless Safewright'
2026-08-15 14:56:02 | WARNING  | src.extractors.shopify | Rate limit (429) en https://www.oasisgames.cl/products/primal-rage-premium-foil-tenth-edition.js. Esperando 1s...
2026-08-15 14:56:02 | WARNING  | src.extractors.shopify | Rate limit (429) en https://www.oasisgames.cl/products/mtg-search-for-tomorrowtime-spiral.js. Esperando 1s...
2026-08-15 14:56:03 | WARNING  | src.extractors.shopify | Rate limit (429) en https://www.paytowin.cl/products/natures-lore-starter-1999.js. Esperando 4s...
2026-08-15 14:56:04 | WARNING  | src.extractors.shopify | Rate limit (429) en https://www.paytowin.cl/products/patchwork-banner-marvel-super-heroes-commander.js. Esperando 1s...
2026-08-15 14:56:05 | WARNING  | src.extractors.shopify | Rate limit (429) en https://www.paytowin.cl/products/primal-rage-the-list-reprints.js. Esperando 1s...
2026-08-15 14:56:05 | WARNING  | src.extractors.shopify | Rate limit (429) en https://www.oasisgames.cl/products/mtg-seedborn-muselegions.js. Esperando 1s...
2026-08-15 14:56:05 | WARNING  | src.extractors.shopify | Rate limit (429) en https://www.paytowin.cl/products/ohran-frostfang-secret-lair-drop-series.js. Esperando 1s...
2026-08-15 14:56:05 | WARNING  | src.extractors.shopify | Rate limit (429) en https://www.paytowin.cl/products/idol-of-oblivion-retro-the-brothers-war-commander.js. Esperando 1s...
2026-08-15 14:56:05 | WARNING  | src.extractors.shopify | Rate limit (429) en https://www.oasisgames.cl/products/commander-2019.js. Esperando 1s...
2026-08-15 14:56:05 | WARNING  | src.extractors.shopify | Rate limit (429) en https://www.oasisgames.cl/products/mtg-sakuratribe-eldercommander-2011.js. Esperando 1s...
2026-08-15 14:56:05 | WARNING  | src.extractors.shopify | Rate limit (429) en https://www.oasisgames.cl/products/selfless-safewright-lorwyn-eclipsed.js. Esperando 1s...
2026-08-15 14:56:05 | WARNING  | src.extractors.shopify | Rate limit (429) en https://www.oasisgames.cl/products/search-for-tomorrow-time-spiral-remastered.js. Esperando 1s...
2026-08-15 14:56:06 | INFO     | src.extractors.shopify | [paytowin.cl] Buscando (107/126): 'Quest for Renewal'
2026-08-15 14:56:06 | WARNING  | src.extractors.shopify | Rate limit (429) en https://www.paytowin.cl/products/ohran-frostfang-secret-lair-drop-series.js. Esperando 2s...
2026-08-15 14:56:06 | WARNING  | src.extractors.shopify | Rate limit (429) en https://www.paytowin.cl/products/idol-of-oblivion-retro-the-brothers-war-commander.js. Esperando 2s...
2026-08-15 14:56:06 | WARNING  | src.extractors.shopify | Rate limit (429) en https://www.oasisgames.cl/products/mtg-sakuratribe-eldercommander-2011.js. Esperando 2s...
2026-08-15 14:56:06 | WARNING  | src.extractors.shopify | Rate limit (429) en https://www.oasisgames.cl/products/commander-2019.js. Esperando 2s...
2026-08-15 14:56:06 | WARNING  | src.extractors.shopify | Rate limit (429) en https://www.oasisgames.cl/products/selfless-safewright-lorwyn-eclipsed.js. Esperando 2s...
2026-08-15 14:56:06 | WARNING  | src.extractors.shopify | Rate limit (429) en https://www.oasisgames.cl/products/search-for-tomorrow-time-spiral-remastered.js. Esperando 2s...
2026-08-15 14:56:07 | INFO     | src.extractors.shopify | [paytowin.cl] Buscando (108/126): 'Rootcast Apprenticeship'
2026-08-15 14:56:08 | WARNING  | src.extractors.shopify | Rate limit (429) en https://www.paytowin.cl/products/idol-of-oblivion-retro-the-brothers-war-commander.js. Esperando 4s...
2026-08-15 14:56:09 | INFO     | src.extractors.shopify | [oasisgames.cl] Buscando (115/126): 'Shamanic Revelation'
2026-08-15 14:56:09 | WARNING  | src.extractors.shopify | Rate limit (429) en https://www.paytowin.cl/products/quest-for-renewal-worldwake.js. Esperando 1s...
2026-08-15 14:56:10 | WARNING  | src.extractors.shopify | Rate limit (429) en https://www.oasisgames.cl/products/seedborn-muse-the-list.js. Esperando 1s...
2026-08-15 14:56:10 | INFO     | src.extractors.shopify | [paytowin.cl] Buscando (109/126): 'Sakura-Tribe Elder'
2026-08-15 14:56:10 | WARNING  | src.extractors.shopify | Rate limit (429) en https://www.oasisgames.cl/products/mtg-sakuratribe-eldercommander-anthology.js. Esperando 1s...
2026-08-15 14:56:10 | WARNING  | src.extractors.shopify | Rate limit (429) en https://www.oasisgames.cl/products/selfless-safewright-lorwyn-eclipsed-promos.js. Esperando 1s...
2026-08-15 14:56:10 | INFO     | src.extractors.shopify | [paytowin.cl] Buscando (110/126): 'Scurrid Colony'
2026-08-15 14:56:10 | WARNING  | src.extractors.shopify | Rate limit (429) en https://www.paytowin.cl/products/quest-for-renewal-worldwake.js. Esperando 2s...
2026-08-15 14:56:11 | WARNING  | src.extractors.shopify | Rate limit (429) en https://www.oasisgames.cl/products/mtg-search-for-tomorrowiconic-masters.js. Esperando 1s...
2026-08-15 14:56:11 | WARNING  | src.extractors.shopify | Rate limit (429) en https://www.paytowin.cl/products/rootcast-apprenticeship-bloomburrow-commander.js. Esperando 1s...
2026-08-15 14:56:11 | WARNING  | src.extractors.shopify | Rate limit (429) en https://www.oasisgames.cl/products/seedborn-muse-the-list.js. Esperando 2s...
2026-08-15 14:56:11 | WARNING  | src.extractors.shopify | Rate limit (429) en https://www.oasisgames.cl/products/mtg-sakuratribe-eldercommander-anthology.js. Esperando 2s...
2026-08-15 14:56:11 | WARNING  | src.extractors.shopify | Rate limit (429) en https://www.oasisgames.cl/products/selfless-safewright-lorwyn-eclipsed-promos.js. Esperando 2s...
2026-08-15 14:56:12 | WARNING  | src.extractors.shopify | Rate limit (429) en https://www.oasisgames.cl/products/mtg-shamanic-revelationcommander-2016.js. Esperando 1s...
2026-08-15 14:56:13 | WARNING  | src.extractors.shopify | Rate limit (429) en https://www.paytowin.cl/products/quest-for-renewal-worldwake.js. Esperando 4s...
2026-08-15 14:56:13 | WARNING  | src.extractors.shopify | Rate limit (429) en https://www.oasisgames.cl/products/mtg-shamanic-revelationcommander-2016.js. Esperando 2s...
2026-08-15 14:56:13 | WARNING  | src.extractors.shopify | Rate limit (429) en https://www.oasisgames.cl/products/mtg-sakuratribe-eldercommander-anthology.js. Esperando 4s...
2026-08-15 14:56:14 | INFO     | src.extractors.shopify | [paytowin.cl] Buscando (111/126): 'Scurry of Squirrels'
2026-08-15 14:56:14 | INFO     | src.extractors.shopify | [paytowin.cl] Buscando (112/126): 'Search for Tomorrow'
2026-08-15 14:56:15 | WARNING  | src.extractors.shopify | Rate limit (429) en https://www.oasisgames.cl/products/mtg-seedborn-musecommander-2019.js. Esperando 1s...
2026-08-15 14:56:15 | WARNING  | src.extractors.shopify | Rate limit (429) en https://www.oasisgames.cl/products/selfless-safewright-showcase-lorwyn-eclipsed.js. Esperando 1s...
2026-08-15 14:56:16 | WARNING  | src.extractors.shopify | Rate limit (429) en https://www.paytowin.cl/products/idol-of-oblivion-modern-horizons-3-commander.js. Esperando 1s...
2026-08-15 14:56:16 | WARNING  | src.extractors.shopify | Rate limit (429) en https://www.paytowin.cl/products/sakura-tribe-elder-commander-2015.js. Esperando 1s...
2026-08-15 14:56:16 | WARNING  | src.extractors.shopify | Rate limit (429) en https://www.oasisgames.cl/products/mtg-seedborn-musecommander-2019.js. Esperando 2s...
2026-08-15 14:56:17 | INFO     | src.extractors.shopify | [paytowin.cl] Buscando (113/126): 'Seedborn Muse'
2026-08-15 14:56:17 | WARNING  | src.extractors.shopify | Rate limit (429) en https://www.oasisgames.cl/products/selfless-safewright-showcase-lorwyn-eclipsed.js. Esperando 2s...
2026-08-15 14:56:17 | INFO     | src.extractors.shopify | [paytowin.cl] Buscando (114/126): 'Selfless Safewright'
2026-08-15 14:56:17 | WARNING  | src.extractors.shopify | Rate limit (429) en https://www.paytowin.cl/products/scurry-of-squirrels-extended-art-bloomburrow-commander.js. Esperando 1s...
2026-08-15 14:56:17 | WARNING  | src.extractors.shopify | Rate limit (429) en https://www.oasisgames.cl/products/mtg-shamanic-revelationfate-reforged.js. Esperando 1s...
2026-08-15 14:56:18 | WARNING  | src.extractors.shopify | Rate limit (429) en https://www.paytowin.cl/products/search-for-tomorrow-commander-legends.js. Esperando 1s...
2026-08-15 14:56:19 | WARNING  | src.extractors.shopify | Rate limit (429) en https://www.oasisgames.cl/products/mtg-shamanic-revelationfate-reforged.js. Esperando 2s...
2026-08-15 14:56:19 | WARNING  | src.extractors.shopify | Rate limit (429) en https://www.oasisgames.cl/products/selfless-safewright-showcase-lorwyn-eclipsed.js. Esperando 4s...
2026-08-15 14:56:19 | WARNING  | src.extractors.shopify | Rate limit (429) en https://www.oasisgames.cl/products/mtg-sakura-tribe-elder-commander-2020.js. Esperando 1s...
2026-08-15 14:56:20 | WARNING  | src.extractors.shopify | Rate limit (429) en https://www.paytowin.cl/products/seedborn-muse-legions.js. Esperando 1s...
2026-08-15 14:56:20 | WARNING  | src.extractors.shopify | Rate limit (429) en https://www.oasisgames.cl/products/mtg-sakura-tribe-elder-commander-2020.js. Esperando 2s...
2026-08-15 14:56:20 | WARNING  | src.extractors.shopify | Rate limit (429) en https://www.paytowin.cl/products/scurry-of-squirrels-bloomburrow-commander.js. Esperando 1s...
2026-08-15 14:56:21 | WARNING  | src.extractors.shopify | Rate limit (429) en https://www.paytowin.cl/products/sakura-tribe-elder-champions-of-kamigawa.js. Esperando 1s...
2026-08-15 14:56:21 | WARNING  | src.extractors.shopify | Rate limit (429) en https://www.paytowin.cl/products/selfless-safewright-showcase-lorwyn-eclipsed.js. Esperando 1s...
2026-08-15 14:56:21 | WARNING  | src.extractors.shopify | Rate limit (429) en https://www.oasisgames.cl/products/mtg-shamanic-revelationfate-reforged.js. Esperando 4s...
2026-08-15 14:56:21 | WARNING  | src.extractors.shopify | Rate limit (429) en https://www.paytowin.cl/products/search-for-tomorrow-iconic-masters.js. Esperando 1s...
2026-08-15 14:56:21 | WARNING  | src.extractors.shopify | Rate limit (429) en https://www.paytowin.cl/products/seedborn-muse-legions.js. Esperando 2s...
2026-08-15 14:56:22 | INFO     | src.extractors.shopify | [paytowin.cl] Buscando (115/126): 'Shamanic Revelation'
2026-08-15 14:56:22 | WARNING  | src.extractors.shopify | Rate limit (429) en https://www.paytowin.cl/products/search-for-tomorrow-iconic-masters.js. Esperando 2s...
2026-08-15 14:56:22 | WARNING  | src.extractors.shopify | Rate limit (429) en https://www.oasisgames.cl/products/mtg-sakura-tribe-elder-commander-2020.js. Esperando 4s...
2026-08-15 14:56:23 | WARNING  | src.extractors.shopify | Rate limit (429) en https://www.paytowin.cl/products/seedborn-muse-legions.js. Esperando 4s...
2026-08-15 14:56:24 | WARNING  | src.extractors.shopify | Rate limit (429) en https://www.paytowin.cl/products/sakura-tribe-elder-starter-commander-decks.js. Esperando 1s...
2026-08-15 14:56:24 | WARNING  | src.extractors.shopify | Rate limit (429) en https://www.paytowin.cl/products/selfless-safewright-lorwyn-eclipsed.js. Esperando 1s...
2026-08-15 14:56:24 | WARNING  | src.extractors.shopify | Rate limit (429) en https://www.paytowin.cl/products/search-for-tomorrow-iconic-masters.js. Esperando 4s...
2026-08-15 14:56:24 | WARNING  | src.extractors.shopify | Rate limit (429) en https://www.oasisgames.cl/products/selfless-safewright-extended-art-lorwyn-eclipsed.js. Esperando 1s...
2026-08-15 14:56:25 | WARNING  | src.extractors.shopify | Rate limit (429) en https://www.oasisgames.cl/products/selfless-safewright-extended-art-lorwyn-eclipsed.js. Esperando 2s...
2026-08-15 14:56:26 | WARNING  | src.extractors.shopify | Rate limit (429) en https://www.paytowin.cl/products/shamanic-revelation-mystery-booster.js. Esperando 1s...
2026-08-15 14:56:26 | INFO     | src.extractors.shopify | [oasisgames.cl] Buscando (116/126): 'Skullclamp'
2026-08-15 14:56:26 | WARNING  | src.extractors.shopify | Rate limit (429) en https://www.oasisgames.cl/products/shamanic-revelation-double-masters.js. Esperando 1s...
2026-08-15 14:56:27 | WARNING  | src.extractors.shopify | Rate limit (429) en https://www.oasisgames.cl/products/shamanic-revelation-double-masters.js. Esperando 2s...
2026-08-15 14:56:27 | WARNING  | src.extractors.shopify | Rate limit (429) en https://www.oasisgames.cl/products/selfless-safewright-extended-art-lorwyn-eclipsed.js. Esperando 4s...
2026-08-15 14:56:28 | WARNING  | src.extractors.shopify | Rate limit (429) en https://www.paytowin.cl/products/shamanic-revelation-bloomburrow-commander.js. Esperando 1s...
2026-08-15 14:56:29 | WARNING  | src.extractors.shopify | Rate limit (429) en https://www.paytowin.cl/products/sakura-tribe-elder-kamigawa-neon-dynasty-commander.js. Esperando 1s...
2026-08-15 14:56:29 | WARNING  | src.extractors.shopify | Rate limit (429) en https://www.paytowin.cl/products/selfless-safewright-lorwyn-eclipsed-promos.js. Esperando 1s...
2026-08-15 14:56:29 | WARNING  | src.extractors.shopify | Rate limit (429) en https://www.paytowin.cl/products/seedborn-muse-legions-2.js. Esperando 1s...
2026-08-15 14:56:29 | WARNING  | src.extractors.shopify | Rate limit (429) en https://www.oasisgames.cl/products/shamanic-revelation-double-masters.js. Esperando 4s...
2026-08-15 14:56:30 | WARNING  | src.extractors.shopify | Rate limit (429) en https://www.oasisgames.cl/products/skullclamp-the-list.js. Esperando 1s...
2026-08-15 14:56:30 | WARNING  | src.extractors.shopify | Rate limit (429) en https://www.oasisgames.cl/products/seedborn-muse-rainbow-foil-secret-lair-drop-series.js. Esperando 1s...
2026-08-15 14:56:30 | WARNING  | src.extractors.shopify | Rate limit (429) en https://www.oasisgames.cl/products/mtg-sakuratribe-eldercommander-2015.js. Esperando 1s...
2026-08-15 14:56:30 | WARNING  | src.extractors.shopify | Rate limit (429) en https://www.paytowin.cl/products/seedborn-muse-legions-2.js. Esperando 2s...
2026-08-15 14:56:31 | INFO     | src.extractors.shopify | [oasisgames.cl] Buscando (117/126): 'Skyshroud Claim'
2026-08-15 14:56:31 | WARNING  | src.extractors.shopify | Rate limit (429) en https://www.paytowin.cl/products/shamanic-revelation-double-masters.js. Esperando 1s...
2026-08-15 14:56:32 | WARNING  | src.extractors.shopify | Rate limit (429) en https://www.paytowin.cl/products/search-for-tomorrow-modern-masters.js. Esperando 1s...
2026-08-15 14:56:32 | WARNING  | src.extractors.shopify | Rate limit (429) en https://www.paytowin.cl/products/sakura-tribe-elder-modern-horizons-3-commander.js. Esperando 1s...
2026-08-15 14:56:32 | WARNING  | src.extractors.shopify | Rate limit (429) en https://www.paytowin.cl/products/selfless-safewright-showcase-fracture-foil-lorwyn-eclipsed.js. Esperando 1s...
2026-08-15 14:56:32 | WARNING  | src.extractors.shopify | Rate limit (429) en https://www.paytowin.cl/products/seedborn-muse-legions-2.js. Esperando 4s...
2026-08-15 14:56:33 | WARNING  | src.extractors.shopify | Rate limit (429) en https://www.paytowin.cl/products/shamanic-revelation-double-masters.js. Esperando 2s...
2026-08-15 14:56:33 | WARNING  | src.extractors.shopify | Rate limit (429) en https://www.oasisgames.cl/products/mtg-skullclampdarksteel.js. Esperando 1s...
2026-08-15 14:56:33 | WARNING  | src.extractors.shopify | Rate limit (429) en https://www.paytowin.cl/products/search-for-tomorrow-modern-masters.js. Esperando 2s...
2026-08-15 14:56:33 | WARNING  | src.extractors.shopify | Rate limit (429) en https://www.paytowin.cl/products/sakura-tribe-elder-modern-horizons-3-commander.js. Esperando 2s...
2026-08-15 14:56:33 | WARNING  | src.extractors.shopify | Rate limit (429) en https://www.paytowin.cl/products/selfless-safewright-showcase-fracture-foil-lorwyn-eclipsed.js. Esperando 2s...
2026-08-15 14:56:33 | WARNING  | src.extractors.shopify | Rate limit (429) en https://www.oasisgames.cl/products/mtg-sakuratribe-eldercommander-2018.js. Esperando 1s...
2026-08-15 14:56:33 | WARNING  | src.extractors.shopify | Rate limit (429) en https://www.oasisgames.cl/products/selfless-safewright-showcase-fracture-foil-lorwyn-eclipsed.js. Esperando 1s...
2026-08-15 14:56:34 | INFO     | src.extractors.shopify | [oasisgames.cl] Buscando (118/126): 'Squirrel Mob'
2026-08-15 14:56:35 | INFO     | src.extractors.shopify | [oasisgames.cl] Buscando (119/126): 'Squirrel Sovereign'
2026-08-15 14:56:35 | WARNING  | src.extractors.shopify | Rate limit (429) en https://www.oasisgames.cl/products/mtg-shamanic-revelation-mystery-booster.js. Esperando 1s...
2026-08-15 14:56:35 | WARNING  | src.extractors.shopify | Rate limit (429) en https://www.oasisgames.cl/products/skyshroud-claim-commander-masters.js. Esperando 1s...
2026-08-15 14:56:35 | INFO     | src.extractors.shopify | [paytowin.cl] Buscando (116/126): 'Skullclamp'
2026-08-15 14:56:36 | WARNING  | src.extractors.shopify | Rate limit (429) en https://www.oasisgames.cl/products/skullclamp-fallout.js. Esperando 1s...
2026-08-15 14:56:36 | WARNING  | src.extractors.shopify | Rate limit (429) en https://www.oasisgames.cl/products/mtg-shamanic-revelation-mystery-booster.js. Esperando 2s...
2026-08-15 14:56:36 | WARNING  | src.extractors.shopify | Rate limit (429) en https://www.oasisgames.cl/products/skyshroud-claim-commander-masters.js. Esperando 2s...
2026-08-15 14:56:37 | WARNING  | src.extractors.shopify | Rate limit (429) en https://www.paytowin.cl/products/shamanic-revelation-commander-2019.js. Esperando 1s...
2026-08-15 14:56:37 | WARNING  | src.extractors.shopify | Rate limit (429) en https://www.paytowin.cl/products/search-for-tomorrow-time-spiral.js. Esperando 1s...
2026-08-15 14:56:37 | WARNING  | src.extractors.shopify | Rate limit (429) en https://www.paytowin.cl/products/sakura-tribe-elder-friday-night-magic-2009.js. Esperando 1s...
2026-08-15 14:56:39 | WARNING  | src.extractors.shopify | Rate limit (429) en https://www.oasisgames.cl/products/mtg-skullclamp-commander-2020.js. Esperando 1s...
2026-08-15 14:56:39 | WARNING  | src.extractors.shopify | Rate limit (429) en https://www.paytowin.cl/products/skullclamp-darksteel.js. Esperando 1s...
2026-08-15 14:56:40 | WARNING  | src.extractors.shopify | Rate limit (429) en https://www.paytowin.cl/products/shamanic-revelation-dungeons-dragons-adventures-in-the-forgotten-realms-commander.js. Esperando 1s...
2026-08-15 14:56:40 | WARNING  | src.extractors.shopify | Rate limit (429) en https://www.oasisgames.cl/products/mtg-skullclamp-commander-2020.js. Esperando 2s...
2026-08-15 14:56:40 | WARNING  | src.extractors.shopify | Rate limit (429) en https://www.paytowin.cl/products/seedborn-muse-commander-collection-green.js. Esperando 1s...
2026-08-15 14:56:40 | WARNING  | src.extractors.shopify | Rate limit (429) en https://www.oasisgames.cl/products/mtg-squirrel-mobodyssey.js. Esperando 1s...
2026-08-15 14:56:40 | WARNING  | src.extractors.shopify | Rate limit (429) en https://www.paytowin.cl/products/search-for-tomorrow-dominaria-united-commander.js. Esperando 1s...
2026-08-15 14:56:40 | WARNING  | src.extractors.shopify | Rate limit (429) en https://www.paytowin.cl/products/sakura-tribe-elder-white-border-mystery-booster-2.js. Esperando 1s...
2026-08-15 14:56:40 | WARNING  | src.extractors.shopify | Rate limit (429) en https://www.paytowin.cl/products/skullclamp-darksteel.js. Esperando 2s...
2026-08-15 14:56:40 | WARNING  | src.extractors.shopify | Rate limit (429) en https://www.oasisgames.cl/products/mtg-shamanic-revelationcommander-2019.js. Esperando 1s...
2026-08-15 14:56:40 | WARNING  | src.extractors.shopify | Rate limit (429) en https://www.oasisgames.cl/products/mtg-skyshroud-claimnemesis.js. Esperando 1s...
2026-08-15 14:56:40 | WARNING  | src.extractors.shopify | Rate limit (429) en https://www.oasisgames.cl/products/squirrel-sovereign-timeshifted-modern-horizons-2.js. Esperando 1s...
2026-08-15 14:56:41 | WARNING  | src.extractors.shopify | Rate limit (429) en https://www.paytowin.cl/products/shamanic-revelation-dungeons-dragons-adventures-in-the-forgotten-realms-commander.js. Esperando 2s...
2026-08-15 14:56:41 | WARNING  | src.extractors.shopify | Rate limit (429) en https://www.paytowin.cl/products/seedborn-muse-commander-collection-green.js. Esperando 2s...
2026-08-15 14:56:41 | WARNING  | src.extractors.shopify | Rate limit (429) en https://www.oasisgames.cl/products/mtg-squirrel-mobodyssey.js. Esperando 2s...
2026-08-15 14:56:41 | WARNING  | src.extractors.shopify | Rate limit (429) en https://www.paytowin.cl/products/search-for-tomorrow-dominaria-united-commander.js. Esperando 2s...
2026-08-15 14:56:41 | WARNING  | src.extractors.shopify | Rate limit (429) en https://www.paytowin.cl/products/sakura-tribe-elder-white-border-mystery-booster-2.js. Esperando 2s...
2026-08-15 14:56:41 | WARNING  | src.extractors.shopify | Rate limit (429) en https://www.oasisgames.cl/products/mtg-shamanic-revelationcommander-2019.js. Esperando 2s...
2026-08-15 14:56:41 | WARNING  | src.extractors.shopify | Rate limit (429) en https://www.oasisgames.cl/products/mtg-skyshroud-claimnemesis.js. Esperando 2s...
2026-08-15 14:56:41 | WARNING  | src.extractors.shopify | Rate limit (429) en https://www.oasisgames.cl/products/squirrel-sovereign-timeshifted-modern-horizons-2.js. Esperando 2s...
2026-08-15 14:56:43 | WARNING  | src.extractors.shopify | Rate limit (429) en https://www.paytowin.cl/products/sakura-tribe-elder-white-border-mystery-booster-2.js. Esperando 4s...
2026-08-15 14:56:43 | WARNING  | src.extractors.shopify | Rate limit (429) en https://www.oasisgames.cl/products/squirrel-sovereign-timeshifted-modern-horizons-2.js. Esperando 4s...
2026-08-15 14:56:44 | WARNING  | src.extractors.shopify | Rate limit (429) en https://www.oasisgames.cl/products/skullclamp-mystery-booster.js. Esperando 1s...
2026-08-15 14:56:44 | WARNING  | src.extractors.shopify | Rate limit (429) en https://www.paytowin.cl/products/skullclamp-commander-2014.js. Esperando 1s...
2026-08-15 14:56:45 | WARNING  | src.extractors.shopify | Rate limit (429) en https://www.paytowin.cl/products/shamanic-revelation-streets-of-new-capenna-commander.js. Esperando 1s...
2026-08-15 14:56:45 | WARNING  | src.extractors.shopify | Rate limit (429) en https://www.oasisgames.cl/products/skullclamp-mystery-booster.js. Esperando 2s...
2026-08-15 14:56:45 | WARNING  | src.extractors.shopify | Rate limit (429) en https://www.paytowin.cl/products/seedborn-muse-ninth-edition.js. Esperando 1s...
2026-08-15 14:56:45 | WARNING  | src.extractors.shopify | Rate limit (429) en https://www.oasisgames.cl/products/squirrel-mob-the-list.js. Esperando 1s...
2026-08-15 14:56:45 | WARNING  | src.extractors.shopify | Rate limit (429) en https://www.paytowin.cl/products/search-for-tomorrow-mystery-booster.js. Esperando 1s...
2026-08-15 14:56:45 | WARNING  | src.extractors.shopify | Rate limit (429) en https://www.paytowin.cl/products/skullclamp-commander-2014.js. Esperando 2s...
2026-08-15 14:56:45 | WARNING  | src.extractors.shopify | Rate limit (429) en https://www.oasisgames.cl/products/mtg-skyshroud-claimbattlebond.js. Esperando 1s...
2026-08-15 14:56:45 | WARNING  | src.extractors.shopify | Rate limit (429) en https://www.oasisgames.cl/products/shamanic-revelation-bloomburrow-commander.js. Esperando 1s...
2026-08-15 14:56:46 | WARNING  | src.extractors.shopify | Rate limit (429) en https://www.oasisgames.cl/products/mtg-skyshroud-claimbattlebond.js. Esperando 2s...
2026-08-15 14:56:46 | WARNING  | src.extractors.shopify | Rate limit (429) en https://www.oasisgames.cl/products/shamanic-revelation-bloomburrow-commander.js. Esperando 2s...
2026-08-15 14:56:47 | INFO     | src.extractors.shopify | [paytowin.cl] Buscando (117/126): 'Skyshroud Claim'
2026-08-15 14:56:47 | WARNING  | src.extractors.shopify | Rate limit (429) en https://www.paytowin.cl/products/skullclamp-commander-2014.js. Esperando 4s...
2026-08-15 14:56:48 | WARNING  | src.extractors.shopify | Rate limit (429) en https://www.paytowin.cl/products/shamanic-revelation-japanese-secrets-of-strixhaven-mystical-archive.js. Esperando 1s...
2026-08-15 14:56:48 | WARNING  | src.extractors.shopify | Rate limit (429) en https://www.paytowin.cl/products/seedborn-muse-japanese-ninth-edition.js. Esperando 1s...
2026-08-15 14:56:48 | WARNING  | src.extractors.shopify | Rate limit (429) en https://www.paytowin.cl/products/search-for-tomorrow-time-spiral-remastered.js. Esperando 1s...
2026-08-15 14:56:48 | WARNING  | src.extractors.shopify | Rate limit (429) en https://www.oasisgames.cl/products/mtg-skyshroud-claimbattlebond.js. Esperando 4s...
2026-08-15 14:56:49 | WARNING  | src.extractors.shopify | Rate limit (429) en https://www.oasisgames.cl/products/squirrel-sovereign-bloomburrow-commander.js. Esperando 1s...
2026-08-15 14:56:50 | WARNING  | src.extractors.shopify | Rate limit (429) en https://www.oasisgames.cl/products/squirrel-mob-secret-lair-drop-series.js. Esperando 1s...
2026-08-15 14:56:50 | WARNING  | src.extractors.shopify | Rate limit (429) en https://www.oasisgames.cl/products/squirrel-sovereign-bloomburrow-commander.js. Esperando 2s...
2026-08-15 14:56:51 | WARNING  | src.extractors.shopify | Rate limit (429) en https://www.oasisgames.cl/products/shamanic-revelation-commander-2021.js. Esperando 1s...
2026-08-15 14:56:51 | WARNING  | src.extractors.shopify | Rate limit (429) en https://www.paytowin.cl/products/shamanic-revelation-kamigawa-neon-dynasty-commander.js. Esperando 1s...
2026-08-15 14:56:51 | WARNING  | src.extractors.shopify | Rate limit (429) en https://www.paytowin.cl/products/skyshroud-claim-nemesis.js. Esperando 1s...
2026-08-15 14:56:51 | WARNING  | src.extractors.shopify | Rate limit (429) en https://www.paytowin.cl/products/seedborn-muse-murders-at-karlov-manor-commander.js. Esperando 1s...
2026-08-15 14:56:51 | WARNING  | src.extractors.shopify | Rate limit (429) en https://www.paytowin.cl/products/search-for-tomorrow-commander-legends-battle-for-baldurs-gate.js. Esperando 1s...
2026-08-15 14:56:52 | WARNING  | src.extractors.shopify | Rate limit (429) en https://www.oasisgames.cl/products/shamanic-revelation-commander-2021.js. Esperando 2s...
2026-08-15 14:56:52 | WARNING  | src.extractors.shopify | Rate limit (429) en https://www.oasisgames.cl/products/squirrel-sovereign-bloomburrow-commander.js. Esperando 4s...
2026-08-15 14:56:53 | WARNING  | src.extractors.shopify | Rate limit (429) en https://www.paytowin.cl/products/skullclamp-commander-2011.js. Esperando 1s...
2026-08-15 14:56:53 | INFO     | src.extractors.shopify | [oasisgames.cl] Buscando (120/126): 'Studious First-Year / Rampant Growth'
2026-08-15 14:56:54 | WARNING  | src.extractors.shopify | Rate limit (429) en https://www.oasisgames.cl/products/shamanic-revelation-commander-2021.js. Esperando 4s...
2026-08-15 14:56:54 | WARNING  | src.extractors.shopify | Rate limit (429) en https://www.paytowin.cl/products/shamanic-revelation-innistrad-midnight-hunt-commander.js. Esperando 1s...
2026-08-15 14:56:54 | WARNING  | src.extractors.shopify | Rate limit (429) en https://www.paytowin.cl/products/skyshroud-claim-battlebond.js. Esperando 1s...
2026-08-15 14:56:54 | WARNING  | src.extractors.shopify | Rate limit (429) en https://www.paytowin.cl/products/skullclamp-commander-2011.js. Esperando 2s...
2026-08-15 14:56:54 | WARNING  | src.extractors.shopify | Rate limit (429) en https://www.oasisgames.cl/products/skyshroud-claim-the-list-reprints.js. Esperando 1s...
2026-08-15 14:56:54 | WARNING  | src.extractors.shopify | Rate limit (429) en https://www.paytowin.cl/products/seedborn-muse-the-list.js. Esperando 1s...
2026-08-15 14:56:54 | WARNING  | src.extractors.shopify | Rate limit (429) en https://www.paytowin.cl/products/search-for-tomorrow-doctor-who.js. Esperando 1s...
2026-08-15 14:56:55 | WARNING  | src.extractors.shopify | Rate limit (429) en https://www.paytowin.cl/products/shamanic-revelation-innistrad-midnight-hunt-commander.js. Esperando 2s...
2026-08-15 14:56:55 | WARNING  | src.extractors.shopify | Rate limit (429) en https://www.paytowin.cl/products/skyshroud-claim-battlebond.js. Esperando 2s...
2026-08-15 14:56:55 | WARNING  | src.extractors.shopify | Rate limit (429) en https://www.oasisgames.cl/products/skyshroud-claim-the-list-reprints.js. Esperando 2s...
2026-08-15 14:56:55 | WARNING  | src.extractors.shopify | Rate limit (429) en https://www.paytowin.cl/products/seedborn-muse-the-list.js. Esperando 2s...
2026-08-15 14:56:55 | INFO     | src.extractors.shopify | [oasisgames.cl] Buscando (121/126): 'Swarmyard'
2026-08-15 14:56:55 | WARNING  | src.extractors.shopify | Rate limit (429) en https://www.paytowin.cl/products/search-for-tomorrow-doctor-who.js. Esperando 2s...
2026-08-15 14:56:57 | INFO     | src.extractors.shopify | [oasisgames.cl] Buscando (122/126): 'Three Tree City'
2026-08-15 14:56:57 | WARNING  | src.extractors.shopify | Rate limit (429) en https://www.paytowin.cl/products/seedborn-muse-the-list.js. Esperando 4s...
2026-08-15 14:56:57 | WARNING  | src.extractors.shopify | Rate limit (429) en https://www.paytowin.cl/products/search-for-tomorrow-doctor-who.js. Esperando 4s...
2026-08-15 14:56:58 | WARNING  | src.extractors.shopify | Rate limit (429) en https://www.paytowin.cl/products/skullclamp-borderless-secret-lair-drop-series.js. Esperando 1s...
2026-08-15 14:56:59 | WARNING  | src.extractors.shopify | Rate limit (429) en https://www.oasisgames.cl/products/skyshroud-claim-edge-of-eternities-commander.js. Esperando 1s...
2026-08-15 14:56:59 | WARNING  | src.extractors.shopify | Rate limit (429) en https://www.oasisgames.cl/products/shamanic-revelation-promo-pack-core-set-2021.js. Esperando 1s...
2026-08-15 14:56:59 | INFO     | src.extractors.shopify | [paytowin.cl] Buscando (118/126): 'Squirrel Mob'
2026-08-15 14:57:00 | WARNING  | src.extractors.shopify | Rate limit (429) en https://www.oasisgames.cl/products/squirrel-sovereign-art-card-modern-horizons-2-art-series.js. Esperando 1s...
2026-08-15 14:57:00 | WARNING  | src.extractors.shopify | Rate limit (429) en https://www.oasisgames.cl/products/skyshroud-claim-edge-of-eternities-commander.js. Esperando 2s...
2026-08-15 14:57:00 | WARNING  | src.extractors.shopify | Rate limit (429) en https://www.oasisgames.cl/products/shamanic-revelation-promo-pack-core-set-2021.js. Esperando 2s...
2026-08-15 14:57:00 | WARNING  | src.extractors.shopify | Rate limit (429) en https://www.oasisgames.cl/products/three-tree-city-promo-pack-bloomburrow-promos.js. Esperando 1s...
2026-08-15 14:57:01 | INFO     | src.extractors.shopify | [paytowin.cl] Buscando (119/126): 'Squirrel Sovereign'
2026-08-15 14:57:02 | WARNING  | src.extractors.shopify | Rate limit (429) en https://www.oasisgames.cl/products/three-tree-city-promo-pack-bloomburrow-promos.js. Esperando 2s...
2026-08-15 14:57:02 | WARNING  | src.extractors.shopify | Rate limit (429) en https://www.oasisgames.cl/products/skyshroud-claim-edge-of-eternities-commander.js. Esperando 4s...
2026-08-15 14:57:03 | WARNING  | src.extractors.shopify | Rate limit (429) en https://www.oasisgames.cl/products/shamanic-revelation-promo-pack-core-set-2021.js. Esperando 4s...
2026-08-15 14:57:03 | INFO     | src.extractors.shopify | [oasisgames.cl] Buscando (123/126): 'Tippy-Toe, Terrific Partner'
2026-08-15 14:57:04 | WARNING  | src.extractors.shopify | Rate limit (429) en https://www.oasisgames.cl/products/three-tree-city-promo-pack-bloomburrow-promos.js. Esperando 4s...
2026-08-15 14:57:05 | WARNING  | src.extractors.shopify | Rate limit (429) en https://www.oasisgames.cl/products/swarmyard-massacre-bloomburrow-commander.js. Esperando 1s...
2026-08-15 14:57:05 | WARNING  | src.extractors.shopify | Rate limit (429) en https://www.paytowin.cl/products/skullclamp-commander-legends-battle-for-baldurs-gate.js. Esperando 1s...
2026-08-15 14:57:05 | WARNING  | src.extractors.shopify | Rate limit (429) en https://www.paytowin.cl/products/skyshroud-claim-edge-of-eternities-commander.js. Esperando 1s...
2026-08-15 14:57:05 | WARNING  | src.extractors.shopify | Rate limit (429) en https://www.paytowin.cl/products/squirrel-mob-modern-horizons-2.js. Esperando 1s...
2026-08-15 14:57:05 | WARNING  | src.extractors.shopify | Rate limit (429) en https://www.paytowin.cl/products/seedborn-muse-commander-2019.js. Esperando 1s...
2026-08-15 14:57:05 | WARNING  | src.extractors.shopify | Rate limit (429) en https://www.paytowin.cl/products/squirrel-sovereign-modern-horizons-2.js. Esperando 1s...
2026-08-15 14:57:06 | WARNING  | src.extractors.shopify | Rate limit (429) en https://www.paytowin.cl/products/skyshroud-claim-edge-of-eternities-commander.js. Esperando 2s...
2026-08-15 14:57:06 | WARNING  | src.extractors.shopify | Rate limit (429) en https://www.paytowin.cl/products/skullclamp-commander-legends-battle-for-baldurs-gate.js. Esperando 2s...
2026-08-15 14:57:06 | WARNING  | src.extractors.shopify | Rate limit (429) en https://www.paytowin.cl/products/squirrel-mob-modern-horizons-2.js. Esperando 2s...
2026-08-15 14:57:06 | WARNING  | src.extractors.shopify | Rate limit (429) en https://www.paytowin.cl/products/seedborn-muse-commander-2019.js. Esperando 2s...
2026-08-15 14:57:06 | WARNING  | src.extractors.shopify | Rate limit (429) en https://www.paytowin.cl/products/squirrel-sovereign-modern-horizons-2.js. Esperando 2s...
2026-08-15 14:57:06 | INFO     | src.extractors.shopify | [oasisgames.cl] Buscando (124/126): 'Tribute to the World Tree'
2026-08-15 14:57:08 | INFO     | src.extractors.shopify | [paytowin.cl] Buscando (120/126): 'Studious First-Year / Rampant Growth'
2026-08-15 14:57:08 | INFO     | src.extractors.shopify | [paytowin.cl] Buscando (121/126): 'Swarmyard'
2026-08-15 14:57:08 | WARNING  | src.extractors.shopify | Rate limit (429) en https://www.oasisgames.cl/products/tippy-toe-terrific-partner-secret-lair-drop-series.js. Esperando 1s...
2026-08-15 14:57:10 | WARNING  | src.extractors.shopify | Rate limit (429) en https://www.oasisgames.cl/products/tippy-toe-terrific-partner-secret-lair-drop-series.js. Esperando 2s...
2026-08-15 14:57:10 | WARNING  | src.extractors.shopify | Rate limit (429) en https://www.oasisgames.cl/products/tribute-to-the-world-tree-march-of-the-machine.js. Esperando 1s...
2026-08-15 14:57:10 | WARNING  | src.extractors.shopify | Rate limit (429) en https://www.paytowin.cl/products/skullclamp-fallout.js. Esperando 1s...
2026-08-15 14:57:10 | WARNING  | src.extractors.shopify | Rate limit (429) en https://www.oasisgames.cl/products/shamanic-revelation-starter-commander-decks.js. Esperando 1s...
2026-08-15 14:57:10 | WARNING  | src.extractors.shopify | Rate limit (429) en https://www.paytowin.cl/products/squirrel-sovereign-timeshifted-modern-horizons-2.js. Esperando 1s...
2026-08-15 14:57:10 | INFO     | src.extractors.shopify | [paytowin.cl] Buscando (122/126): 'Three Tree City'
2026-08-15 14:57:10 | WARNING  | src.extractors.shopify | Rate limit (429) en https://www.paytowin.cl/products/squirrel-mob-odyssey.js. Esperando 1s...
2026-08-15 14:57:11 | WARNING  | src.extractors.shopify | Rate limit (429) en https://www.paytowin.cl/products/skullclamp-fallout.js. Esperando 2s...
2026-08-15 14:57:11 | WARNING  | src.extractors.shopify | Rate limit (429) en https://www.paytowin.cl/products/squirrel-sovereign-timeshifted-modern-horizons-2.js. Esperando 2s...
2026-08-15 14:57:11 | WARNING  | src.extractors.shopify | Rate limit (429) en https://www.oasisgames.cl/products/shamanic-revelation-starter-commander-decks.js. Esperando 2s...
2026-08-15 14:57:12 | WARNING  | src.extractors.shopify | Rate limit (429) en https://www.paytowin.cl/products/squirrel-mob-odyssey.js. Esperando 2s...
2026-08-15 14:57:12 | WARNING  | src.extractors.shopify | Rate limit (429) en https://www.oasisgames.cl/products/tippy-toe-terrific-partner-secret-lair-drop-series.js. Esperando 4s...
2026-08-15 14:57:13 | WARNING  | src.extractors.shopify | Rate limit (429) en https://www.oasisgames.cl/products/tribute-to-the-world-tree-march-of-the-machine-prerelease-promos.js. Esperando 1s...
2026-08-15 14:57:13 | WARNING  | src.extractors.shopify | Rate limit (429) en https://www.oasisgames.cl/products/three-tree-city-bloomburrow.js. Esperando 1s...
2026-08-15 14:57:13 | WARNING  | src.extractors.shopify | Rate limit (429) en https://www.oasisgames.cl/products/swarmyard-art-card-gold-stamped-signature-edge-of-eternities-art-series.js. Esperando 1s...
2026-08-15 14:57:13 | WARNING  | src.extractors.shopify | Rate limit (429) en https://www.paytowin.cl/products/squirrel-sovereign-timeshifted-modern-horizons-2.js. Esperando 4s...
2026-08-15 14:57:13 | WARNING  | src.extractors.shopify | Rate limit (429) en https://www.oasisgames.cl/products/shamanic-revelation-starter-commander-decks.js. Esperando 4s...
2026-08-15 14:57:14 | WARNING  | src.extractors.shopify | Rate limit (429) en https://www.paytowin.cl/products/three-tree-city-bloomburrow.js. Esperando 1s...
2026-08-15 14:57:14 | WARNING  | src.extractors.shopify | Rate limit (429) en https://www.paytowin.cl/products/swarmyard-time-spiral-remastered.js. Esperando 1s...
2026-08-15 14:57:14 | WARNING  | src.extractors.shopify | Rate limit (429) en https://www.oasisgames.cl/products/swarmyard-art-card-gold-stamped-signature-edge-of-eternities-art-series.js. Esperando 2s...
2026-08-15 14:57:15 | WARNING  | src.extractors.shopify | Rate limit (429) en https://www.paytowin.cl/products/swarmyard-time-spiral-remastered.js. Esperando 2s...
2026-08-15 14:57:15 | WARNING  | src.extractors.shopify | Rate limit (429) en https://www.paytowin.cl/products/squirrel-mob-borderless-bloomburrow-commander.js. Esperando 1s...
2026-08-15 14:57:16 | INFO     | src.extractors.shopify | [oasisgames.cl] Buscando (125/126): 'Triumph of the Hordes'
2026-08-15 14:57:16 | WARNING  | src.extractors.shopify | Rate limit (429) en https://www.oasisgames.cl/products/swarmyard-art-card-gold-stamped-signature-edge-of-eternities-art-series.js. Esperando 4s...
2026-08-15 14:57:17 | WARNING  | src.extractors.shopify | Rate limit (429) en https://www.paytowin.cl/products/squirrel-mob-borderless-bloomburrow-commander.js. Esperando 2s...
2026-08-15 14:57:17 | INFO     | src.extractors.shopify | [paytowin.cl] Buscando (123/126): 'Tippy-Toe, Terrific Partner'
2026-08-15 14:57:17 | WARNING  | src.extractors.shopify | Rate limit (429) en https://www.paytowin.cl/products/swarmyard-time-spiral-remastered.js. Esperando 4s...
2026-08-15 14:57:17 | INFO     | src.extractors.shopify | [oasisgames.cl] Buscando (126/126): 'Verdant Command'
2026-08-15 14:57:19 | WARNING  | src.extractors.shopify | Rate limit (429) en https://www.paytowin.cl/products/squirrel-sovereign-bloomburrow-commander.js. Esperando 1s...
2026-08-15 14:57:19 | WARNING  | src.extractors.shopify | Rate limit (429) en https://www.paytowin.cl/products/three-tree-city-bloomburrow-prerelease-promos.js. Esperando 1s...
2026-08-15 14:57:19 | WARNING  | src.extractors.shopify | Rate limit (429) en https://www.oasisgames.cl/products/triumph-of-the-hordes-secrets-of-strixhaven-mystical-archive.js. Esperando 1s...
2026-08-15 14:57:20 | WARNING  | src.extractors.shopify | Rate limit (429) en https://www.oasisgames.cl/products/triumph-of-the-hordes-secrets-of-strixhaven-mystical-archive.js. Esperando 2s...
2026-08-15 14:57:20 | WARNING  | src.extractors.shopify | Rate limit (429) en https://www.paytowin.cl/products/squirrel-mob-the-list.js. Esperando 1s...
2026-08-15 14:57:21 | WARNING  | src.extractors.shopify | Rate limit (429) en https://www.paytowin.cl/products/tippy-toe-terrific-partner-marvel-super-heroes-commander.js. Esperando 1s...
2026-08-15 14:57:22 | WARNING  | src.extractors.shopify | Rate limit (429) en https://www.oasisgames.cl/products/three-tree-city-borderless-0337-bloomburrow.js. Esperando 1s...
2026-08-15 14:57:22 | WARNING  | src.extractors.shopify | Rate limit (429) en https://www.paytowin.cl/products/three-tree-city-promo-pack-bloomburrow-promos.js. Esperando 1s...
2026-08-15 14:57:22 | WARNING  | src.extractors.shopify | Rate limit (429) en https://www.paytowin.cl/products/squirrel-sovereign-retro-etched-foil-modern-horizons-2.js. Esperando 1s...
2026-08-15 14:57:23 | WARNING  | src.extractors.shopify | Rate limit (429) en https://www.paytowin.cl/products/swarmyard-promo-pack-wilds-of-eldraine-promos.js. Esperando 1s...
2026-08-15 14:57:23 | WARNING  | src.extractors.shopify | Rate limit (429) en https://www.paytowin.cl/products/three-tree-city-promo-pack-bloomburrow-promos.js. Esperando 2s...
2026-08-15 14:57:23 | WARNING  | src.extractors.shopify | Rate limit (429) en https://www.paytowin.cl/products/squirrel-sovereign-retro-etched-foil-modern-horizons-2.js. Esperando 2s...
2026-08-15 14:57:24 | INFO     | src.extractors.shopify | [paytowin.cl] Buscando (124/126): 'Tribute to the World Tree'
2026-08-15 14:57:24 | WARNING  | src.extractors.shopify | Rate limit (429) en https://www.oasisgames.cl/products/triumph-of-the-hordes-battle-royale-secret-lair-drop-series.js. Esperando 1s...
2026-08-15 14:57:25 | WARNING  | src.extractors.shopify | Rate limit (429) en https://www.paytowin.cl/products/three-tree-city-promo-pack-bloomburrow-promos.js. Esperando 4s...
2026-08-15 14:57:25 | WARNING  | src.extractors.shopify | Rate limit (429) en https://www.paytowin.cl/products/squirrel-sovereign-retro-etched-foil-modern-horizons-2.js. Esperando 4s...
2026-08-15 14:57:26 | WARNING  | src.extractors.shopify | Rate limit (429) en https://www.paytowin.cl/products/squirrel-mob-etched-foil-modern-horizons-2.js. Esperando 1s...
2026-08-15 14:57:26 | WARNING  | src.extractors.shopify | Rate limit (429) en https://www.paytowin.cl/products/swarmyard-bloomburrow-commander.js. Esperando 1s...
2026-08-15 14:57:27 | INFO     | src.extractors.shopify | [paytowin.cl] Buscando (125/126): 'Triumph of the Hordes'
2026-08-15 14:57:27 | WARNING  | src.extractors.shopify | Rate limit (429) en https://www.paytowin.cl/products/swarmyard-bloomburrow-commander.js. Esperando 2s...
2026-08-15 14:57:27 | WARNING  | src.extractors.shopify | Rate limit (429) en https://www.oasisgames.cl/products/mtg-triumph-of-the-hordesnew-phyrexia.js. Esperando 1s...
2026-08-15 14:57:30 | WARNING  | src.extractors.shopify | Rate limit (429) en https://www.paytowin.cl/products/triumph-of-the-hordes-new-phyrexia.js. Esperando 1s...
2026-08-15 14:57:31 | WARNING  | src.extractors.shopify | Rate limit (429) en https://www.oasisgames.cl/products/verdant-confluence-commander-masters.js. Esperando 1s...
2026-08-15 14:57:32 | WARNING  | src.extractors.shopify | Rate limit (429) en https://www.paytowin.cl/products/triumph-of-the-hordes-new-phyrexia.js. Esperando 2s...
2026-08-15 14:57:32 | WARNING  | src.extractors.shopify | Rate limit (429) en https://www.paytowin.cl/products/tribute-to-the-world-tree-march-of-the-machine-prerelease-promos.js. Esperando 1s...
2026-08-15 14:57:33 | WARNING  | src.extractors.shopify | Rate limit (429) en https://www.paytowin.cl/products/three-tree-city-borderless-0340-bloomburrow.js. Esperando 1s...
2026-08-15 14:57:33 | WARNING  | src.extractors.shopify | Rate limit (429) en https://www.paytowin.cl/products/tribute-to-the-world-tree-march-of-the-machine-prerelease-promos.js. Esperando 2s...
2026-08-15 14:57:33 | WARNING  | src.extractors.shopify | Rate limit (429) en https://www.paytowin.cl/products/squirrel-sovereign-art-card-gold-stamped-signature-modern-horizons-2-art-series.js. Esperando 1s...
2026-08-15 14:57:33 | WARNING  | src.extractors.shopify | Rate limit (429) en https://www.paytowin.cl/products/swarmyard-art-card-edge-of-eternities-art-series.js. Esperando 1s...
2026-08-15 14:57:34 | WARNING  | src.extractors.shopify | Rate limit (429) en https://www.paytowin.cl/products/squirrel-sovereign-art-card-gold-stamped-signature-modern-horizons-2-art-series.js. Esperando 2s...
2026-08-15 14:57:34 | WARNING  | src.extractors.shopify | Rate limit (429) en https://www.paytowin.cl/products/swarmyard-art-card-edge-of-eternities-art-series.js. Esperando 2s...
2026-08-15 14:57:35 | WARNING  | src.extractors.shopify | Rate limit (429) en https://www.paytowin.cl/products/tribute-to-the-world-tree-march-of-the-machine-prerelease-promos.js. Esperando 4s...
2026-08-15 14:57:36 | WARNING  | src.extractors.shopify | Rate limit (429) en https://www.paytowin.cl/products/swarmyard-art-card-edge-of-eternities-art-series.js. Esperando 4s...
2026-08-15 14:57:36 | WARNING  | src.extractors.shopify | Rate limit (429) en https://www.paytowin.cl/products/squirrel-sovereign-art-card-gold-stamped-signature-modern-horizons-2-art-series.js. Esperando 4s...
2026-08-15 14:57:39 | WARNING  | src.extractors.shopify | Rate limit (429) en https://www.paytowin.cl/products/triumph-of-the-hordes-espanol-new-phyrexia.js. Esperando 1s...
2026-08-15 14:57:40 | INFO     | src.extractors.shopify | [paytowin.cl] Buscando (126/126): 'Verdant Command'
2026-08-15 14:57:40 | WARNING  | src.extractors.shopify | Rate limit (429) en https://www.paytowin.cl/products/tribute-to-the-world-tree-promo-pack-march-of-the-machine-promos.js. Esperando 1s...
2026-08-15 14:57:41 | WARNING  | src.extractors.shopify | Rate limit (429) en https://www.paytowin.cl/products/tribute-to-the-world-tree-promo-pack-march-of-the-machine-promos.js. Esperando 2s...
2026-08-15 14:57:43 | WARNING  | src.extractors.shopify | Rate limit (429) en https://www.paytowin.cl/products/triumph-of-the-hordes-secrets-of-strixhaven-mystical-archive.js. Esperando 1s...
2026-08-15 14:57:46 | WARNING  | src.extractors.shopify | Rate limit (429) en https://www.paytowin.cl/products/verdant-command-sketch-modern-horizons-2.js. Esperando 1s...
2026-08-15 14:57:46 | WARNING  | src.extractors.shopify | Rate limit (429) en https://www.paytowin.cl/products/triumph-of-the-hordes-japanese-secrets-of-strixhaven-mystical-archive.js. Esperando 1s...
2026-08-15 14:57:46 | WARNING  | src.extractors.shopify | Rate limit (429) en https://www.paytowin.cl/products/stripe-mine-0087-borderless-edge-of-eternities-stellar-sights.js. Esperando 1s...
2026-08-15 14:57:49 | WARNING  | src.extractors.shopify | Rate limit (429) en https://www.paytowin.cl/products/verdant-confluence-commander-masters.js. Esperando 1s...
2026-08-15 14:57:49 | WARNING  | src.extractors.shopify | Rate limit (429) en https://www.paytowin.cl/products/mutanimals-united-triumph-of-the-hordes-secret-lair-drop-series.js. Esperando 1s...
2026-08-15 14:57:49 | WARNING  | src.extractors.shopify | Rate limit (429) en https://www.paytowin.cl/products/stripe-mine-0042-borderless-edge-of-eternities-stellar-sights.js. Esperando 1s...
2026-08-15 14:57:52 | WARNING  | src.extractors.shopify | Rate limit (429) en https://www.paytowin.cl/products/verdant-force-commander-2015.js. Esperando 1s...
2026-08-15 14:57:52 | WARNING  | src.extractors.shopify | Rate limit (429) en https://www.paytowin.cl/products/triumph-of-the-hordes-jp-alternate-art-silver-scroll-foil-secrets-of-strixhaven-mystical-archive.js. Esperando 1s...
2026-08-15 14:57:54 | WARNING  | src.extractors.shopify | Rate limit (429) en https://www.paytowin.cl/products/verdant-confluence-commander-2015.js. Esperando 1s...
2026-08-15 14:58:05 | INFO     | src.extractors.shopify | Extracción Shopify finalizada. 625 variantes EN STOCK obtenidas.
2026-08-15 14:58:05 | INFO     | __main__ | Aplicando transformaciones RegEx y cargando a la base de datos...
2026-08-15 14:58:05 | INFO     | __main__ | Carga a la base de datos exitosa.
2026-08-15 14:58:05 | INFO     | __main__ | === PIPELINE FINALIZADO ===
